
/home/portalgun/D-Space/FreeRTOS-Learning/FreeRTOS/Demo/ThirdParty/Community-Supported-Demos/examples/FreeRTOSBlink/build/src/BlinkLed50ms.elf:     file format elf32-littlearm

Sections:
Idx Name          Size      VMA       LMA       File off  Algn
  0 .text         0000b32c  10000000  10000000  00001000  2**3
                  CONTENTS, ALLOC, LOAD, READONLY, CODE
  1 .rodata       00000864  1000b330  1000b330  0000c330  2**3
                  CONTENTS, ALLOC, LOAD, READONLY, DATA
  2 .ARM.extab    000000f4  1000bb94  1000bb94  0000cb94  2**2
                  CONTENTS, ALLOC, LOAD, READONLY, DATA
  3 .ARM.exidx    000001e8  1000bc88  1000bc88  0000cc88  2**2
                  CONTENTS, ALLOC, LOAD, READONLY, DATA
  4 .binary_info  0000002c  1000be70  1000be70  0000ce70  2**2
                  CONTENTS, ALLOC, LOAD, READONLY, DATA
  5 .ram_vector_table 00000110  20000000  20000000  00011000  2**2
                  ALLOC
  6 .uninitialized_data 00000000  20000110  20000110  000105d4  2**0
                  CONTENTS
  7 .data         00002724  20000110  1000be9c  0000d110  2**3
                  CONTENTS, ALLOC, LOAD, READONLY, CODE
  8 .tdata        00000000  20002834  20002834  000105d4  2**0
                  CONTENTS, ALLOC, LOAD, DATA, THREAD_LOCAL
  9 .tbss         00000000  20002834  20002834  00000000  2**0
                  ALLOC, THREAD_LOCAL
 10 .bss          000214bc  20002838  1000e5c0  00010838  2**3
                  ALLOC
 11 .heap         00000800  20023cf4  20023cf4  000105d4  2**2
                  CONTENTS, READONLY
 12 .scratch_x    00000000  20080000  20080000  00010dd4  2**0
                  CONTENTS
 13 .scratch_y    00000000  20081000  20081000  00010dd4  2**0
                  CONTENTS
 14 .stack1_dummy 00000800  20080000  20080000  00011000  2**2
                  ALLOC
 15 .stack_dummy  00000800  20081000  20081000  00010de0  2**5
                  CONTENTS, READONLY
 16 .flash_end    00000014  1000e5c0  1000e5c0  000105c0  2**2
                  CONTENTS, ALLOC, LOAD, READONLY, DATA
 17 .ARM.attributes 00000034  00000000  00000000  000115e0  2**0
                  CONTENTS, READONLY
 18 .comment      00000026  00000000  00000000  00011614  2**0
                  CONTENTS, READONLY
 19 .debug_info   00062015  00000000  00000000  0001163a  2**0
                  CONTENTS, READONLY, DEBUGGING, OCTETS
 20 .debug_abbrev 00013dcb  00000000  00000000  0007364f  2**0
                  CONTENTS, READONLY, DEBUGGING, OCTETS
 21 .debug_loclists 00029c47  00000000  00000000  0008741a  2**0
                  CONTENTS, READONLY, DEBUGGING, OCTETS
 22 .debug_aranges 00002388  00000000  00000000  000b1068  2**3
                  CONTENTS, READONLY, DEBUGGING, OCTETS
 23 .debug_rnglists 000068ea  00000000  00000000  000b33f0  2**0
                  CONTENTS, READONLY, DEBUGGING, OCTETS
 24 .debug_line   000378ab  00000000  00000000  000b9cda  2**0
                  CONTENTS, READONLY, DEBUGGING, OCTETS
 25 .debug_str    00013ebf  00000000  00000000  000f1585  2**0
                  CONTENTS, READONLY, DEBUGGING, OCTETS
 26 .debug_frame  00005fe8  00000000  00000000  00105444  2**2
                  CONTENTS, READONLY, DEBUGGING, OCTETS
 27 .debug_line_str 0000026d  00000000  00000000  0010b42c  2**0
                  CONTENTS, READONLY, DEBUGGING, OCTETS

/home/portalgun/D-Space/FreeRTOS-Learning/FreeRTOS/Demo/ThirdParty/Community-Supported-Demos/examples/FreeRTOSBlink/build/src/BlinkLed50ms.elf:     file format elf32-littlearm


Disassembly of section .text:

10000000 <__VECTOR_TABLE>:
10000000:	20082000 	.word	0x20082000
10000004:	1000015d 	.word	0x1000015d
10000008:	10000113 	.word	0x10000113
1000000c:	10000115 	.word	0x10000115
10000010:	10000111 	.word	0x10000111
10000014:	10000111 	.word	0x10000111
10000018:	10000111 	.word	0x10000111
1000001c:	10000111 	.word	0x10000111
10000020:	10000111 	.word	0x10000111
10000024:	10000111 	.word	0x10000111
10000028:	10000111 	.word	0x10000111
1000002c:	10000117 	.word	0x10000117
10000030:	10000111 	.word	0x10000111
10000034:	10000111 	.word	0x10000111
10000038:	10000119 	.word	0x10000119
1000003c:	1000011b 	.word	0x1000011b
10000040:	1000011d 	.word	0x1000011d
10000044:	1000011d 	.word	0x1000011d
10000048:	1000011d 	.word	0x1000011d
1000004c:	1000011d 	.word	0x1000011d
10000050:	1000011d 	.word	0x1000011d
10000054:	1000011d 	.word	0x1000011d
10000058:	1000011d 	.word	0x1000011d
1000005c:	1000011d 	.word	0x1000011d
10000060:	1000011d 	.word	0x1000011d
10000064:	1000011d 	.word	0x1000011d
10000068:	1000011d 	.word	0x1000011d
1000006c:	1000011d 	.word	0x1000011d
10000070:	1000011d 	.word	0x1000011d
10000074:	1000011d 	.word	0x1000011d
10000078:	1000011d 	.word	0x1000011d
1000007c:	1000011d 	.word	0x1000011d
10000080:	1000011d 	.word	0x1000011d
10000084:	1000011d 	.word	0x1000011d
10000088:	1000011d 	.word	0x1000011d
1000008c:	1000011d 	.word	0x1000011d
10000090:	1000011d 	.word	0x1000011d
10000094:	1000011d 	.word	0x1000011d
10000098:	1000011d 	.word	0x1000011d
1000009c:	1000011d 	.word	0x1000011d
100000a0:	1000011d 	.word	0x1000011d
100000a4:	1000011d 	.word	0x1000011d
100000a8:	1000011d 	.word	0x1000011d
100000ac:	1000011d 	.word	0x1000011d
100000b0:	1000011d 	.word	0x1000011d
100000b4:	1000011d 	.word	0x1000011d
100000b8:	1000011d 	.word	0x1000011d
100000bc:	1000011d 	.word	0x1000011d
100000c0:	1000011d 	.word	0x1000011d
100000c4:	1000011d 	.word	0x1000011d
100000c8:	1000011d 	.word	0x1000011d
100000cc:	1000011d 	.word	0x1000011d
100000d0:	1000011d 	.word	0x1000011d
100000d4:	1000011d 	.word	0x1000011d
100000d8:	1000011d 	.word	0x1000011d
100000dc:	1000011d 	.word	0x1000011d
100000e0:	1000011d 	.word	0x1000011d
100000e4:	1000011d 	.word	0x1000011d
100000e8:	1000011d 	.word	0x1000011d
100000ec:	1000011d 	.word	0x1000011d
100000f0:	1000011d 	.word	0x1000011d
100000f4:	1000011d 	.word	0x1000011d
100000f8:	1000011d 	.word	0x1000011d
100000fc:	1000011d 	.word	0x1000011d
10000100:	1000011d 	.word	0x1000011d
10000104:	1000011d 	.word	0x1000011d
10000108:	1000011d 	.word	0x1000011d
1000010c:	1000011d 	.word	0x1000011d

10000110 <isr_invalid>:
10000110:	be00      	bkpt	0x0000

10000112 <isr_nmi>:
10000112:	be00      	bkpt	0x0000

10000114 <isr_hardfault>:
10000114:	be00      	bkpt	0x0000

10000116 <isr_svcall>:
10000116:	be00      	bkpt	0x0000

10000118 <isr_pendsv>:
10000118:	be00      	bkpt	0x0000

1000011a <isr_systick>:
1000011a:	be00      	bkpt	0x0000

1000011c <__unhandled_user_irq>:
1000011c:	f3ef 8005 	mrs	r0, IPSR
10000120:	3810      	subs	r0, #16

10000122 <unhandled_user_irq_num_in_r0>:
10000122:	be00      	bkpt	0x0000

10000124 <binary_info_header>:
10000124:	7188ebf2 	.word	0x7188ebf2
10000128:	1000be70 	.word	0x1000be70
1000012c:	1000be9c 	.word	0x1000be9c
10000130:	100001a8 	.word	0x100001a8
10000134:	e71aa390 	.word	0xe71aa390

10000138 <__binary_info_header_end>:
10000138:	ffffded3 	.word	0xffffded3
1000013c:	10210142 	.word	0x10210142
10000140:	000001ff 	.word	0x000001ff
10000144:	0000e488 	.word	0x0000e488
10000148:	ab123579 	.word	0xab123579

1000014c <_entry_point>:
1000014c:	f04f 0000 	mov.w	r0, #0

10000150 <_enter_vtable_in_r0>:
10000150:	4920      	ldr	r1, [pc, #128]	@ (100001d4 <data_cpy_table+0x2c>)
10000152:	6008      	str	r0, [r1, #0]
10000154:	c806      	ldmia	r0!, {r1, r2}
10000156:	f381 8808 	msr	MSP, r1
1000015a:	4710      	bx	r2

1000015c <_reset_handler>:
1000015c:	f04f 4050 	mov.w	r0, #3489660928	@ 0xd0000000
10000160:	6800      	ldr	r0, [r0, #0]
10000162:	b110      	cbz	r0, 1000016a <hold_non_core0_in_bootrom+0x6>

10000164 <hold_non_core0_in_bootrom>:
10000164:	f04f 0000 	mov.w	r0, #0
10000168:	e7f2      	b.n	10000150 <_enter_vtable_in_r0>
1000016a:	a40f      	add	r4, pc, #60	@ (adr r4, 100001a8 <data_cpy_table>)
1000016c:	cc0e      	ldmia	r4!, {r1, r2, r3}
1000016e:	2900      	cmp	r1, #0
10000170:	d002      	beq.n	10000178 <hold_non_core0_in_bootrom+0x14>
10000172:	f000 f815 	bl	100001a0 <data_cpy>
10000176:	e7f9      	b.n	1000016c <hold_non_core0_in_bootrom+0x8>
10000178:	4917      	ldr	r1, [pc, #92]	@ (100001d8 <data_cpy_table+0x30>)
1000017a:	4a18      	ldr	r2, [pc, #96]	@ (100001dc <data_cpy_table+0x34>)
1000017c:	2000      	movs	r0, #0
1000017e:	e000      	b.n	10000182 <bss_fill_test>

10000180 <bss_fill_loop>:
10000180:	c101      	stmia	r1!, {r0}

10000182 <bss_fill_test>:
10000182:	4291      	cmp	r1, r2
10000184:	d1fc      	bne.n	10000180 <bss_fill_loop>

10000186 <platform_entry>:
10000186:	2000      	movs	r0, #0
10000188:	f380 880a 	msr	MSPLIM, r0
1000018c:	4914      	ldr	r1, [pc, #80]	@ (100001e0 <data_cpy_table+0x38>)
1000018e:	4788      	blx	r1
10000190:	4914      	ldr	r1, [pc, #80]	@ (100001e4 <data_cpy_table+0x3c>)
10000192:	4788      	blx	r1
10000194:	4914      	ldr	r1, [pc, #80]	@ (100001e8 <data_cpy_table+0x40>)
10000196:	4788      	blx	r1
10000198:	be00      	bkpt	0x0000
1000019a:	e7fd      	b.n	10000198 <platform_entry+0x12>

1000019c <data_cpy_loop>:
1000019c:	c901      	ldmia	r1!, {r0}
1000019e:	c201      	stmia	r2!, {r0}

100001a0 <data_cpy>:
100001a0:	429a      	cmp	r2, r3
100001a2:	d3fb      	bcc.n	1000019c <data_cpy_loop>
100001a4:	4770      	bx	lr
100001a6:	bf00      	nop

100001a8 <data_cpy_table>:
100001a8:	1000be9c 	.word	0x1000be9c
100001ac:	20000110 	.word	0x20000110
100001b0:	20002834 	.word	0x20002834
100001b4:	1000e5c0 	.word	0x1000e5c0
100001b8:	20080000 	.word	0x20080000
100001bc:	20080000 	.word	0x20080000
100001c0:	1000e5c0 	.word	0x1000e5c0
100001c4:	20081000 	.word	0x20081000
100001c8:	20081000 	.word	0x20081000
100001cc:	00000000 	.word	0x00000000
100001d0:	4770      	bx	lr
100001d2:	0000      	.short	0x0000
100001d4:	e000ed08 	.word	0xe000ed08
100001d8:	20002834 	.word	0x20002834
100001dc:	20023cf4 	.word	0x20023cf4
100001e0:	100035e9 	.word	0x100035e9
100001e4:	10000379 	.word	0x10000379
100001e8:	100035e1 	.word	0x100035e1

100001ec <_init>:
100001ec:	b5f8      	push	{r3, r4, r5, r6, r7, lr}
100001ee:	bf00      	nop

100001f0 <deregister_tm_clones>:
100001f0:	4803      	ldr	r0, [pc, #12]	@ (10000200 <deregister_tm_clones+0x10>)
100001f2:	4b04      	ldr	r3, [pc, #16]	@ (10000204 <deregister_tm_clones+0x14>)
100001f4:	4283      	cmp	r3, r0
100001f6:	d002      	beq.n	100001fe <deregister_tm_clones+0xe>
100001f8:	4b03      	ldr	r3, [pc, #12]	@ (10000208 <deregister_tm_clones+0x18>)
100001fa:	b103      	cbz	r3, 100001fe <deregister_tm_clones+0xe>
100001fc:	4718      	bx	r3
100001fe:	4770      	bx	lr
10000200:	20002834 	.word	0x20002834
10000204:	20002834 	.word	0x20002834
10000208:	00000000 	.word	0x00000000

1000020c <register_tm_clones>:
1000020c:	4b06      	ldr	r3, [pc, #24]	@ (10000228 <register_tm_clones+0x1c>)
1000020e:	4907      	ldr	r1, [pc, #28]	@ (1000022c <register_tm_clones+0x20>)
10000210:	1ac9      	subs	r1, r1, r3
10000212:	1089      	asrs	r1, r1, #2
10000214:	bf48      	it	mi
10000216:	3101      	addmi	r1, #1
10000218:	1049      	asrs	r1, r1, #1
1000021a:	d003      	beq.n	10000224 <register_tm_clones+0x18>
1000021c:	4b04      	ldr	r3, [pc, #16]	@ (10000230 <register_tm_clones+0x24>)
1000021e:	b10b      	cbz	r3, 10000224 <register_tm_clones+0x18>
10000220:	4801      	ldr	r0, [pc, #4]	@ (10000228 <register_tm_clones+0x1c>)
10000222:	4718      	bx	r3
10000224:	4770      	bx	lr
10000226:	bf00      	nop
10000228:	20002834 	.word	0x20002834
1000022c:	20002834 	.word	0x20002834
10000230:	00000000 	.word	0x00000000

10000234 <__do_global_dtors_aux>:
10000234:	b510      	push	{r4, lr}
10000236:	4c06      	ldr	r4, [pc, #24]	@ (10000250 <__do_global_dtors_aux+0x1c>)
10000238:	7823      	ldrb	r3, [r4, #0]
1000023a:	b943      	cbnz	r3, 1000024e <__do_global_dtors_aux+0x1a>
1000023c:	f7ff ffd8 	bl	100001f0 <deregister_tm_clones>
10000240:	4b04      	ldr	r3, [pc, #16]	@ (10000254 <__do_global_dtors_aux+0x20>)
10000242:	b113      	cbz	r3, 1000024a <__do_global_dtors_aux+0x16>
10000244:	4804      	ldr	r0, [pc, #16]	@ (10000258 <__do_global_dtors_aux+0x24>)
10000246:	f3af 8000 	nop.w
1000024a:	2301      	movs	r3, #1
1000024c:	7023      	strb	r3, [r4, #0]
1000024e:	bd10      	pop	{r4, pc}
10000250:	20002cd8 	.word	0x20002cd8
10000254:	00000000 	.word	0x00000000
10000258:	1000b32c 	.word	0x1000b32c

1000025c <frame_dummy>:
1000025c:	b508      	push	{r3, lr}
1000025e:	4b04      	ldr	r3, [pc, #16]	@ (10000270 <frame_dummy+0x14>)
10000260:	b11b      	cbz	r3, 1000026a <frame_dummy+0xe>
10000262:	4904      	ldr	r1, [pc, #16]	@ (10000274 <frame_dummy+0x18>)
10000264:	4804      	ldr	r0, [pc, #16]	@ (10000278 <frame_dummy+0x1c>)
10000266:	f3af 8000 	nop.w
1000026a:	e8bd 4008 	ldmia.w	sp!, {r3, lr}
1000026e:	e7cd      	b.n	1000020c <register_tm_clones>
10000270:	00000000 	.word	0x00000000
10000274:	20002cdc 	.word	0x20002cdc
10000278:	1000b32c 	.word	0x1000b32c

1000027c <_Z12runTimeStatsv>:
1000027c:	b570      	push	{r4, r5, r6, lr}
1000027e:	b08c      	sub	sp, #48	@ 0x30
10000280:	f007 fd84 	bl	10007d8c <uxTaskGetNumberOfTasks>
10000284:	4603      	mov	r3, r0
10000286:	9302      	str	r3, [sp, #8]
10000288:	482c      	ldr	r0, [pc, #176]	@ (1000033c <_Z12runTimeStatsv+0xc0>)
1000028a:	9902      	ldr	r1, [sp, #8]
1000028c:	f003 fba4 	bl	100039d8 <__wrap_printf>
10000290:	9802      	ldr	r0, [sp, #8]
10000292:	eb00 00c0 	add.w	r0, r0, r0, lsl #3
10000296:	0080      	lsls	r0, r0, #2
10000298:	f005 fff0 	bl	1000627c <pvPortMalloc>
1000029c:	2800      	cmp	r0, #0
1000029e:	d048      	beq.n	10000332 <_Z12runTimeStatsv+0xb6>
100002a0:	aa04      	add	r2, sp, #16
100002a2:	9902      	ldr	r1, [sp, #8]
100002a4:	4604      	mov	r4, r0
100002a6:	f008 f93f 	bl	10008528 <uxTaskGetSystemState>
100002aa:	2300      	movs	r3, #0
100002ac:	9002      	str	r0, [sp, #8]
100002ae:	9303      	str	r3, [sp, #12]
100002b0:	9a03      	ldr	r2, [sp, #12]
100002b2:	9b02      	ldr	r3, [sp, #8]
100002b4:	429a      	cmp	r2, r3
100002b6:	d22c      	bcs.n	10000312 <_Z12runTimeStatsv+0x96>
100002b8:	4d21      	ldr	r5, [pc, #132]	@ (10000340 <_Z12runTimeStatsv+0xc4>)
100002ba:	9a03      	ldr	r2, [sp, #12]
100002bc:	9903      	ldr	r1, [sp, #12]
100002be:	9803      	ldr	r0, [sp, #12]
100002c0:	9b03      	ldr	r3, [sp, #12]
100002c2:	9e03      	ldr	r6, [sp, #12]
100002c4:	eb00 00c0 	add.w	r0, r0, r0, lsl #3
100002c8:	eb06 06c6 	add.w	r6, r6, r6, lsl #3
100002cc:	eb04 0686 	add.w	r6, r4, r6, lsl #2
100002d0:	6876      	ldr	r6, [r6, #4]
100002d2:	eb01 01c1 	add.w	r1, r1, r1, lsl #3
100002d6:	eb02 02c2 	add.w	r2, r2, r2, lsl #3
100002da:	eb04 0e80 	add.w	lr, r4, r0, lsl #2
100002de:	eb03 0cc3 	add.w	ip, r3, r3, lsl #3
100002e2:	eb04 0081 	add.w	r0, r4, r1, lsl #2
100002e6:	eb04 0182 	add.w	r1, r4, r2, lsl #2
100002ea:	f8de 3014 	ldr.w	r3, [lr, #20]
100002ee:	6902      	ldr	r2, [r0, #16]
100002f0:	6889      	ldr	r1, [r1, #8]
100002f2:	eb04 0c8c 	add.w	ip, r4, ip, lsl #2
100002f6:	9601      	str	r6, [sp, #4]
100002f8:	f8dc 6020 	ldr.w	r6, [ip, #32]
100002fc:	4628      	mov	r0, r5
100002fe:	9600      	str	r6, [sp, #0]
10000300:	f003 fb6a 	bl	100039d8 <__wrap_printf>
10000304:	9b03      	ldr	r3, [sp, #12]
10000306:	3301      	adds	r3, #1
10000308:	9303      	str	r3, [sp, #12]
1000030a:	9a03      	ldr	r2, [sp, #12]
1000030c:	9b02      	ldr	r3, [sp, #8]
1000030e:	429a      	cmp	r2, r3
10000310:	d3d3      	bcc.n	100002ba <_Z12runTimeStatsv+0x3e>
10000312:	4620      	mov	r0, r4
10000314:	f006 f83c 	bl	10006390 <vPortFree>
10000318:	a805      	add	r0, sp, #20
1000031a:	f006 f88b 	bl	10006434 <vPortGetHeapStats>
1000031e:	e9dd 340a 	ldrd	r3, r4, [sp, #40]	@ 0x28
10000322:	9a08      	ldr	r2, [sp, #32]
10000324:	9905      	ldr	r1, [sp, #20]
10000326:	9400      	str	r4, [sp, #0]
10000328:	4806      	ldr	r0, [pc, #24]	@ (10000344 <_Z12runTimeStatsv+0xc8>)
1000032a:	f003 fb55 	bl	100039d8 <__wrap_printf>
1000032e:	b00c      	add	sp, #48	@ 0x30
10000330:	bd70      	pop	{r4, r5, r6, pc}
10000332:	4805      	ldr	r0, [pc, #20]	@ (10000348 <_Z12runTimeStatsv+0xcc>)
10000334:	f003 face 	bl	100038d4 <__wrap_puts>
10000338:	e7ee      	b.n	10000318 <_Z12runTimeStatsv+0x9c>
1000033a:	bf00      	nop
1000033c:	1000b330 	.word	0x1000b330
10000340:	1000b344 	.word	0x1000b344
10000344:	1000b394 	.word	0x1000b394
10000348:	1000b370 	.word	0x1000b370

1000034c <_Z7vLaunchv>:
1000034c:	b510      	push	{r4, lr}
1000034e:	2401      	movs	r4, #1
10000350:	b084      	sub	sp, #16
10000352:	a803      	add	r0, sp, #12
10000354:	2300      	movs	r3, #0
10000356:	f44f 72fa 	mov.w	r2, #500	@ 0x1f4
1000035a:	4905      	ldr	r1, [pc, #20]	@ (10000370 <_Z7vLaunchv+0x24>)
1000035c:	9001      	str	r0, [sp, #4]
1000035e:	9400      	str	r4, [sp, #0]
10000360:	4804      	ldr	r0, [pc, #16]	@ (10000374 <_Z7vLaunchv+0x28>)
10000362:	f007 fa11 	bl	10007788 <xTaskCreate>
10000366:	f007 fb0d 	bl	10007984 <vTaskStartScheduler>
1000036a:	b004      	add	sp, #16
1000036c:	bd10      	pop	{r4, pc}
1000036e:	bf00      	nop
10000370:	1000b3c4 	.word	0x1000b3c4
10000374:	100003b1 	.word	0x100003b1

10000378 <main>:
10000378:	b508      	push	{r3, lr}
1000037a:	f003 fa61 	bl	10003840 <stdio_init_all>
1000037e:	f44f 707a 	mov.w	r0, #1000	@ 0x3e8
10000382:	f001 f8e3 	bl	1000154c <sleep_ms>
10000386:	4807      	ldr	r0, [pc, #28]	@ (100003a4 <main+0x2c>)
10000388:	f003 faa4 	bl	100038d4 <__wrap_puts>
1000038c:	4906      	ldr	r1, [pc, #24]	@ (100003a8 <main+0x30>)
1000038e:	4807      	ldr	r0, [pc, #28]	@ (100003ac <main+0x34>)
10000390:	f003 fb22 	bl	100039d8 <__wrap_printf>
10000394:	f7ff ffda 	bl	1000034c <_Z7vLaunchv>
10000398:	f640 30b8 	movw	r0, #3000	@ 0xbb8
1000039c:	f001 f8d6 	bl	1000154c <sleep_ms>
100003a0:	e7fa      	b.n	10000398 <main+0x20>
100003a2:	bf00      	nop
100003a4:	1000b3d0 	.word	0x1000b3d0
100003a8:	1000b3d4 	.word	0x1000b3d4
100003ac:	1000b3e0 	.word	0x1000b3e0

100003b0 <_Z8mainTaskPv>:
100003b0:	b500      	push	{lr}
100003b2:	b089      	sub	sp, #36	@ 0x24
100003b4:	2119      	movs	r1, #25
100003b6:	4668      	mov	r0, sp
100003b8:	f000 f8be 	bl	10000538 <_ZN10BlinkAgentC1Eh>
100003bc:	4809      	ldr	r0, [pc, #36]	@ (100003e4 <_Z8mainTaskPv+0x34>)
100003be:	f003 fa89 	bl	100038d4 <__wrap_puts>
100003c2:	2201      	movs	r2, #1
100003c4:	4668      	mov	r0, sp
100003c6:	4908      	ldr	r1, [pc, #32]	@ (100003e8 <_Z8mainTaskPv+0x38>)
100003c8:	f000 f828 	bl	1000041c <_ZN5Agent5startEPKcm>
100003cc:	2064      	movs	r0, #100	@ 0x64
100003ce:	f007 fc13 	bl	10007bf8 <vTaskDelay>
100003d2:	f7ff ff53 	bl	1000027c <_Z12runTimeStatsv>
100003d6:	e7f9      	b.n	100003cc <_Z8mainTaskPv+0x1c>
100003d8:	4668      	mov	r0, sp
100003da:	f000 f86f 	bl	100004bc <_ZN10BlinkAgentD1Ev>
100003de:	f008 fda3 	bl	10008f28 <__cxa_end_cleanup>
100003e2:	bf00      	nop
100003e4:	1000b3f8 	.word	0x1000b3f8
100003e8:	1000b40c 	.word	0x1000b40c

100003ec <_ZN5Agent7getTaskEv>:
100003ec:	6840      	ldr	r0, [r0, #4]
100003ee:	4770      	bx	lr

100003f0 <_ZN5Agent5vTaskEPv>:
100003f0:	b110      	cbz	r0, 100003f8 <_ZN5Agent5vTaskEPv+0x8>
100003f2:	6803      	ldr	r3, [r0, #0]
100003f4:	699b      	ldr	r3, [r3, #24]
100003f6:	4718      	bx	r3
100003f8:	4770      	bx	lr
100003fa:	bf00      	nop

100003fc <_ZN5Agent4stopEv>:
100003fc:	b510      	push	{r4, lr}
100003fe:	4604      	mov	r4, r0
10000400:	6840      	ldr	r0, [r0, #4]
10000402:	b118      	cbz	r0, 1000040c <_ZN5Agent4stopEv+0x10>
10000404:	f007 fa4c 	bl	100078a0 <vTaskDelete>
10000408:	2300      	movs	r3, #0
1000040a:	6063      	str	r3, [r4, #4]
1000040c:	bd10      	pop	{r4, pc}
1000040e:	bf00      	nop

10000410 <_ZN5Agent16getStakHighWaterEv>:
10000410:	6840      	ldr	r0, [r0, #4]
10000412:	b108      	cbz	r0, 10000418 <_ZN5Agent16getStakHighWaterEv+0x8>
10000414:	f008 ba6c 	b.w	100088f0 <uxTaskGetStackHighWaterMark>
10000418:	4770      	bx	lr
1000041a:	bf00      	nop

1000041c <_ZN5Agent5startEPKcm>:
1000041c:	b5f0      	push	{r4, r5, r6, r7, lr}
1000041e:	4604      	mov	r4, r0
10000420:	b083      	sub	sp, #12
10000422:	4608      	mov	r0, r1
10000424:	460d      	mov	r5, r1
10000426:	4616      	mov	r6, r2
10000428:	f00a fcc6 	bl	1000adb8 <strlen>
1000042c:	2813      	cmp	r0, #19
1000042e:	d925      	bls.n	1000047c <_ZN5Agent5startEPKcm+0x60>
10000430:	2300      	movs	r3, #0
10000432:	68a9      	ldr	r1, [r5, #8]
10000434:	68ea      	ldr	r2, [r5, #12]
10000436:	f8d5 c000 	ldr.w	ip, [r5]
1000043a:	6868      	ldr	r0, [r5, #4]
1000043c:	f8c4 c008 	str.w	ip, [r4, #8]
10000440:	60e0      	str	r0, [r4, #12]
10000442:	6121      	str	r1, [r4, #16]
10000444:	6162      	str	r2, [r4, #20]
10000446:	8a29      	ldrh	r1, [r5, #16]
10000448:	7caa      	ldrb	r2, [r5, #18]
1000044a:	f104 0708 	add.w	r7, r4, #8
1000044e:	8321      	strh	r1, [r4, #24]
10000450:	74ba      	strb	r2, [r7, #18]
10000452:	76e3      	strb	r3, [r4, #27]
10000454:	6823      	ldr	r3, [r4, #0]
10000456:	4620      	mov	r0, r4
10000458:	69db      	ldr	r3, [r3, #28]
1000045a:	4798      	blx	r3
1000045c:	1d23      	adds	r3, r4, #4
1000045e:	4602      	mov	r2, r0
10000460:	9301      	str	r3, [sp, #4]
10000462:	4639      	mov	r1, r7
10000464:	4623      	mov	r3, r4
10000466:	9600      	str	r6, [sp, #0]
10000468:	4808      	ldr	r0, [pc, #32]	@ (1000048c <_ZN5Agent5startEPKcm+0x70>)
1000046a:	f007 f98d 	bl	10007788 <xTaskCreate>
1000046e:	f1a0 0001 	sub.w	r0, r0, #1
10000472:	fab0 f080 	clz	r0, r0
10000476:	0940      	lsrs	r0, r0, #5
10000478:	b003      	add	sp, #12
1000047a:	bdf0      	pop	{r4, r5, r6, r7, pc}
1000047c:	f104 0708 	add.w	r7, r4, #8
10000480:	1c42      	adds	r2, r0, #1
10000482:	4629      	mov	r1, r5
10000484:	4638      	mov	r0, r7
10000486:	f00a fbc1 	bl	1000ac0c <memcpy>
1000048a:	e7e3      	b.n	10000454 <_ZN5Agent5startEPKcm+0x38>
1000048c:	100003f1 	.word	0x100003f1

10000490 <_ZN5AgentC1Ev>:
10000490:	2200      	movs	r2, #0
10000492:	4902      	ldr	r1, [pc, #8]	@ (1000049c <_ZN5AgentC1Ev+0xc>)
10000494:	e9c0 1200 	strd	r1, r2, [r0]
10000498:	4770      	bx	lr
1000049a:	bf00      	nop
1000049c:	1000b650 	.word	0x1000b650

100004a0 <_ZN5AgentD1Ev>:
100004a0:	b510      	push	{r4, lr}
100004a2:	4604      	mov	r4, r0
100004a4:	4b03      	ldr	r3, [pc, #12]	@ (100004b4 <_ZN5AgentD1Ev+0x14>)
100004a6:	6840      	ldr	r0, [r0, #4]
100004a8:	6023      	str	r3, [r4, #0]
100004aa:	b108      	cbz	r0, 100004b0 <_ZN5AgentD1Ev+0x10>
100004ac:	f007 f9f8 	bl	100078a0 <vTaskDelete>
100004b0:	4620      	mov	r0, r4
100004b2:	bd10      	pop	{r4, pc}
100004b4:	1000b650 	.word	0x1000b650

100004b8 <_ZN10BlinkAgent15getMaxStackSizeEv>:
100004b8:	2096      	movs	r0, #150	@ 0x96
100004ba:	4770      	bx	lr

100004bc <_ZN10BlinkAgentD1Ev>:
100004bc:	b510      	push	{r4, lr}
100004be:	4604      	mov	r4, r0
100004c0:	4b04      	ldr	r3, [pc, #16]	@ (100004d4 <_ZN10BlinkAgentD1Ev+0x18>)
100004c2:	6003      	str	r3, [r0, #0]
100004c4:	f7ff ff9a 	bl	100003fc <_ZN5Agent4stopEv>
100004c8:	4620      	mov	r0, r4
100004ca:	f7ff ffe9 	bl	100004a0 <_ZN5AgentD1Ev>
100004ce:	4620      	mov	r0, r4
100004d0:	bd10      	pop	{r4, pc}
100004d2:	bf00      	nop
100004d4:	1000b678 	.word	0x1000b678

100004d8 <_ZN10BlinkAgentD0Ev>:
100004d8:	b510      	push	{r4, lr}
100004da:	4604      	mov	r4, r0
100004dc:	4b06      	ldr	r3, [pc, #24]	@ (100004f8 <_ZN10BlinkAgentD0Ev+0x20>)
100004de:	6003      	str	r3, [r0, #0]
100004e0:	f7ff ff8c 	bl	100003fc <_ZN5Agent4stopEv>
100004e4:	4620      	mov	r0, r4
100004e6:	f7ff ffdb 	bl	100004a0 <_ZN5AgentD1Ev>
100004ea:	4620      	mov	r0, r4
100004ec:	2120      	movs	r1, #32
100004ee:	f008 fd19 	bl	10008f24 <_ZdlPvj>
100004f2:	4620      	mov	r0, r4
100004f4:	bd10      	pop	{r4, pc}
100004f6:	bf00      	nop
100004f8:	1000b678 	.word	0x1000b678

100004fc <_ZN10BlinkAgent3runEv>:
100004fc:	b570      	push	{r4, r5, r6, lr}
100004fe:	4604      	mov	r4, r0
10000500:	480c      	ldr	r0, [pc, #48]	@ (10000534 <_ZN10BlinkAgent3runEv+0x38>)
10000502:	f003 f9e7 	bl	100038d4 <__wrap_puts>
10000506:	7f20      	ldrb	r0, [r4, #28]
10000508:	f000 f840 	bl	1000058c <gpio_init>
1000050c:	f04f 0501 	mov.w	r5, #1
10000510:	7f23      	ldrb	r3, [r4, #28]
10000512:	ec45 3044 	gpioc_bit_oe_put r3, r5
10000516:	f04f 0600 	mov.w	r6, #0
1000051a:	ec45 3040 	gpioc_bit_out_put r3, r5
1000051e:	20c8      	movs	r0, #200	@ 0xc8
10000520:	f007 fb6a 	bl	10007bf8 <vTaskDelay>
10000524:	7f23      	ldrb	r3, [r4, #28]
10000526:	ec46 3040 	gpioc_bit_out_put r3, r6
1000052a:	20c8      	movs	r0, #200	@ 0xc8
1000052c:	f007 fb64 	bl	10007bf8 <vTaskDelay>
10000530:	7f23      	ldrb	r3, [r4, #28]
10000532:	e7f2      	b.n	1000051a <_ZN10BlinkAgent3runEv+0x1e>
10000534:	1000b414 	.word	0x1000b414

10000538 <_ZN10BlinkAgentC1Eh>:
10000538:	b538      	push	{r3, r4, r5, lr}
1000053a:	4604      	mov	r4, r0
1000053c:	460d      	mov	r5, r1
1000053e:	f7ff ffa7 	bl	10000490 <_ZN5AgentC1Ev>
10000542:	4b02      	ldr	r3, [pc, #8]	@ (1000054c <_ZN10BlinkAgentC1Eh+0x14>)
10000544:	7725      	strb	r5, [r4, #28]
10000546:	4620      	mov	r0, r4
10000548:	6023      	str	r3, [r4, #0]
1000054a:	bd38      	pop	{r3, r4, r5, pc}
1000054c:	1000b678 	.word	0x1000b678

10000550 <gpio_set_function>:
10000550:	b410      	push	{r4}
10000552:	f44f 7480 	mov.w	r4, #256	@ 0x100
10000556:	4b0c      	ldr	r3, [pc, #48]	@ (10000588 <gpio_set_function+0x38>)
10000558:	f853 2020 	ldr.w	r2, [r3, r0, lsl #2]
1000055c:	eb03 0380 	add.w	r3, r3, r0, lsl #2
10000560:	00c0      	lsls	r0, r0, #3
10000562:	f082 0240 	eor.w	r2, r2, #64	@ 0x40
10000566:	f100 4080 	add.w	r0, r0, #1073741824	@ 0x40000000
1000056a:	f503 5c80 	add.w	ip, r3, #4096	@ 0x1000
1000056e:	f002 02c0 	and.w	r2, r2, #192	@ 0xc0
10000572:	f500 3020 	add.w	r0, r0, #163840	@ 0x28000
10000576:	f503 5340 	add.w	r3, r3, #12288	@ 0x3000
1000057a:	f8cc 2000 	str.w	r2, [ip]
1000057e:	6041      	str	r1, [r0, #4]
10000580:	601c      	str	r4, [r3, #0]
10000582:	f85d 4b04 	ldr.w	r4, [sp], #4
10000586:	4770      	bx	lr
10000588:	40038004 	.word	0x40038004

1000058c <gpio_init>:
1000058c:	b430      	push	{r4, r5}
1000058e:	f04f 0300 	mov.w	r3, #0
10000592:	ec43 0044 	gpioc_bit_oe_put r0, r3
10000596:	ec43 0040 	gpioc_bit_out_put r0, r3
1000059a:	2505      	movs	r5, #5
1000059c:	f44f 7480 	mov.w	r4, #256	@ 0x100
100005a0:	4b0b      	ldr	r3, [pc, #44]	@ (100005d0 <gpio_init+0x44>)
100005a2:	00c2      	lsls	r2, r0, #3
100005a4:	f853 1020 	ldr.w	r1, [r3, r0, lsl #2]
100005a8:	eb03 0080 	add.w	r0, r3, r0, lsl #2
100005ac:	f081 0140 	eor.w	r1, r1, #64	@ 0x40
100005b0:	f102 4380 	add.w	r3, r2, #1073741824	@ 0x40000000
100005b4:	f503 3320 	add.w	r3, r3, #163840	@ 0x28000
100005b8:	f001 02c0 	and.w	r2, r1, #192	@ 0xc0
100005bc:	f500 5180 	add.w	r1, r0, #4096	@ 0x1000
100005c0:	f500 5040 	add.w	r0, r0, #12288	@ 0x3000
100005c4:	600a      	str	r2, [r1, #0]
100005c6:	605d      	str	r5, [r3, #4]
100005c8:	6004      	str	r4, [r0, #0]
100005ca:	bc30      	pop	{r4, r5}
100005cc:	4770      	bx	lr
100005ce:	bf00      	nop
100005d0:	40038004 	.word	0x40038004

100005d4 <panic>:
100005d4:	b40f      	push	{r0, r1, r2, r3}
100005d6:	b500      	push	{lr}
100005d8:	b083      	sub	sp, #12
100005da:	9c04      	ldr	r4, [sp, #16]
100005dc:	4807      	ldr	r0, [pc, #28]	@ (100005fc <panic+0x28>)
100005de:	f003 f979 	bl	100038d4 <__wrap_puts>
100005e2:	b13c      	cbz	r4, 100005f4 <panic+0x20>
100005e4:	a905      	add	r1, sp, #20
100005e6:	4620      	mov	r0, r4
100005e8:	9101      	str	r1, [sp, #4]
100005ea:	f002 ffc3 	bl	10003574 <weak_raw_vprintf>
100005ee:	4804      	ldr	r0, [pc, #16]	@ (10000600 <panic+0x2c>)
100005f0:	f003 f970 	bl	100038d4 <__wrap_puts>
100005f4:	2001      	movs	r0, #1
100005f6:	f002 ffd5 	bl	100035a4 <_exit>
100005fa:	bf00      	nop
100005fc:	1000b424 	.word	0x1000b424
10000600:	1000b434 	.word	0x1000b434

10000604 <hw_claim_lock>:
10000604:	f3ef 8010 	mrs	r0, PRIMASK
10000608:	b672      	cpsid	i
1000060a:	4b06      	ldr	r3, [pc, #24]	@ (10000624 <hw_claim_lock+0x20>)
1000060c:	e8d3 1fcf 	ldaexb	r1, [r3]
10000610:	2201      	movs	r2, #1
10000612:	2900      	cmp	r1, #0
10000614:	d1fa      	bne.n	1000060c <hw_claim_lock+0x8>
10000616:	e8c3 2f41 	strexb	r1, r2, [r3]
1000061a:	2900      	cmp	r1, #0
1000061c:	d1f6      	bne.n	1000060c <hw_claim_lock+0x8>
1000061e:	f3bf 8f5f 	dmb	sy
10000622:	4770      	bx	lr
10000624:	20003033 	.word	0x20003033

10000628 <hw_claim_unlock>:
10000628:	2300      	movs	r3, #0
1000062a:	4a03      	ldr	r2, [pc, #12]	@ (10000638 <hw_claim_unlock+0x10>)
1000062c:	e8c2 3f8f 	stlb	r3, [r2]
10000630:	f380 8810 	msr	PRIMASK, r0
10000634:	4770      	bx	lr
10000636:	bf00      	nop
10000638:	20003033 	.word	0x20003033

1000063c <hw_claim_or_assert>:
1000063c:	b570      	push	{r4, r5, r6, lr}
1000063e:	4686      	mov	lr, r0
10000640:	f3ef 8510 	mrs	r5, PRIMASK
10000644:	b672      	cpsid	i
10000646:	4c12      	ldr	r4, [pc, #72]	@ (10000690 <hw_claim_or_assert+0x54>)
10000648:	e8d4 6fcf 	ldaexb	r6, [r4]
1000064c:	2001      	movs	r0, #1
1000064e:	2e00      	cmp	r6, #0
10000650:	d1fa      	bne.n	10000648 <hw_claim_or_assert+0xc>
10000652:	e8c4 0f46 	strexb	r6, r0, [r4]
10000656:	2e00      	cmp	r6, #0
10000658:	d1f6      	bne.n	10000648 <hw_claim_or_assert+0xc>
1000065a:	f3bf 8f5f 	dmb	sy
1000065e:	f04f 0c01 	mov.w	ip, #1
10000662:	08c8      	lsrs	r0, r1, #3
10000664:	f001 0307 	and.w	r3, r1, #7
10000668:	fa0c f303 	lsl.w	r3, ip, r3
1000066c:	f81e c000 	ldrb.w	ip, [lr, r0]
10000670:	ea1c 0603 	ands.w	r6, ip, r3
10000674:	d108      	bne.n	10000688 <hw_claim_or_assert+0x4c>
10000676:	ea4c 0c03 	orr.w	ip, ip, r3
1000067a:	f80e c000 	strb.w	ip, [lr, r0]
1000067e:	e8c4 6f8f 	stlb	r6, [r4]
10000682:	f385 8810 	msr	PRIMASK, r5
10000686:	bd70      	pop	{r4, r5, r6, pc}
10000688:	4610      	mov	r0, r2
1000068a:	f7ff ffa3 	bl	100005d4 <panic>
1000068e:	bf00      	nop
10000690:	20003033 	.word	0x20003033

10000694 <hw_claim_unused_from_range>:
10000694:	b5f8      	push	{r3, r4, r5, r6, r7, lr}
10000696:	f3ef 8510 	mrs	r5, PRIMASK
1000069a:	b672      	cpsid	i
1000069c:	4c23      	ldr	r4, [pc, #140]	@ (1000072c <hw_claim_unused_from_range+0x98>)
1000069e:	e8d4 7fcf 	ldaexb	r7, [r4]
100006a2:	2601      	movs	r6, #1
100006a4:	2f00      	cmp	r7, #0
100006a6:	d1fa      	bne.n	1000069e <hw_claim_unused_from_range+0xa>
100006a8:	e8c4 6f47 	strexb	r7, r6, [r4]
100006ac:	2f00      	cmp	r7, #0
100006ae:	d1f6      	bne.n	1000069e <hw_claim_unused_from_range+0xa>
100006b0:	f3bf 8f5f 	dmb	sy
100006b4:	429a      	cmp	r2, r3
100006b6:	d827      	bhi.n	10000708 <hw_claim_unused_from_range+0x74>
100006b8:	2601      	movs	r6, #1
100006ba:	08d7      	lsrs	r7, r2, #3
100006bc:	f810 e007 	ldrb.w	lr, [r0, r7]
100006c0:	f002 0c07 	and.w	ip, r2, #7
100006c4:	fa06 fc0c 	lsl.w	ip, r6, ip
100006c8:	ea1e 0f0c 	tst.w	lr, ip
100006cc:	eb00 07d2 	add.w	r7, r0, r2, lsr #3
100006d0:	d10d      	bne.n	100006ee <hw_claim_unused_from_range+0x5a>
100006d2:	e025      	b.n	10000720 <hw_claim_unused_from_range+0x8c>
100006d4:	ea4f 0ed2 	mov.w	lr, r2, lsr #3
100006d8:	f810 e00e 	ldrb.w	lr, [r0, lr]
100006dc:	f002 0c07 	and.w	ip, r2, #7
100006e0:	fa06 fc0c 	lsl.w	ip, r6, ip
100006e4:	ea1e 0f0c 	tst.w	lr, ip
100006e8:	eb00 07d2 	add.w	r7, r0, r2, lsr #3
100006ec:	d018      	beq.n	10000720 <hw_claim_unused_from_range+0x8c>
100006ee:	3201      	adds	r2, #1
100006f0:	4293      	cmp	r3, r2
100006f2:	d2ef      	bcs.n	100006d4 <hw_claim_unused_from_range+0x40>
100006f4:	f04f 30ff 	mov.w	r0, #4294967295	@ 0xffffffff
100006f8:	2300      	movs	r3, #0
100006fa:	e8c4 3f8f 	stlb	r3, [r4]
100006fe:	f385 8810 	msr	PRIMASK, r5
10000702:	4298      	cmp	r0, r3
10000704:	db07      	blt.n	10000716 <hw_claim_unused_from_range+0x82>
10000706:	bdf8      	pop	{r3, r4, r5, r6, r7, pc}
10000708:	2300      	movs	r3, #0
1000070a:	e8c4 3f8f 	stlb	r3, [r4]
1000070e:	f385 8810 	msr	PRIMASK, r5
10000712:	f04f 30ff 	mov.w	r0, #4294967295	@ 0xffffffff
10000716:	2900      	cmp	r1, #0
10000718:	d0f5      	beq.n	10000706 <hw_claim_unused_from_range+0x72>
1000071a:	9806      	ldr	r0, [sp, #24]
1000071c:	f7ff ff5a 	bl	100005d4 <panic>
10000720:	ea4e 0e0c 	orr.w	lr, lr, ip
10000724:	4610      	mov	r0, r2
10000726:	f887 e000 	strb.w	lr, [r7]
1000072a:	e7e5      	b.n	100006f8 <hw_claim_unused_from_range+0x64>
1000072c:	20003033 	.word	0x20003033

10000730 <next_striped_spin_lock_num>:
10000730:	4a04      	ldr	r2, [pc, #16]	@ (10000744 <next_striped_spin_lock_num+0x14>)
10000732:	7810      	ldrb	r0, [r2, #0]
10000734:	1c43      	adds	r3, r0, #1
10000736:	b2db      	uxtb	r3, r3
10000738:	2b18      	cmp	r3, #24
1000073a:	bf28      	it	cs
1000073c:	2310      	movcs	r3, #16
1000073e:	7013      	strb	r3, [r2, #0]
10000740:	4770      	bx	lr
10000742:	bf00      	nop
10000744:	20002228 	.word	0x20002228

10000748 <spin_lock_claim_unused>:
10000748:	b510      	push	{r4, lr}
1000074a:	4c05      	ldr	r4, [pc, #20]	@ (10000760 <spin_lock_claim_unused+0x18>)
1000074c:	b082      	sub	sp, #8
1000074e:	4601      	mov	r1, r0
10000750:	231f      	movs	r3, #31
10000752:	2218      	movs	r2, #24
10000754:	9400      	str	r4, [sp, #0]
10000756:	4803      	ldr	r0, [pc, #12]	@ (10000764 <spin_lock_claim_unused+0x1c>)
10000758:	f7ff ff9c 	bl	10000694 <hw_claim_unused_from_range>
1000075c:	b002      	add	sp, #8
1000075e:	bd10      	pop	{r4, pc}
10000760:	1000b438 	.word	0x1000b438
10000764:	20003488 	.word	0x20003488

10000768 <spinlock_set_extexclall>:
10000768:	f04f 22e0 	mov.w	r2, #3758153728	@ 0xe000e000
1000076c:	6893      	ldr	r3, [r2, #8]
1000076e:	f043 5300 	orr.w	r3, r3, #536870912	@ 0x20000000
10000772:	6093      	str	r3, [r2, #8]
10000774:	4770      	bx	lr
10000776:	bf00      	nop

10000778 <spin_locks_reset>:
10000778:	2100      	movs	r1, #0
1000077a:	4b04      	ldr	r3, [pc, #16]	@ (1000078c <spin_locks_reset+0x14>)
1000077c:	f103 0220 	add.w	r2, r3, #32
10000780:	e8c3 1f8f 	stlb	r1, [r3]
10000784:	3301      	adds	r3, #1
10000786:	4293      	cmp	r3, r2
10000788:	d1fa      	bne.n	10000780 <spin_locks_reset+0x8>
1000078a:	4770      	bx	lr
1000078c:	20003028 	.word	0x20003028

10000790 <runtime_init_per_core_irq_priorities>:
10000790:	f04f 23e0 	mov.w	r3, #3758153728	@ 0xe000e000
10000794:	f04f 3280 	mov.w	r2, #2155905152	@ 0x80808080
10000798:	f8c3 2400 	str.w	r2, [r3, #1024]	@ 0x400
1000079c:	f8c3 2404 	str.w	r2, [r3, #1028]	@ 0x404
100007a0:	f8c3 2408 	str.w	r2, [r3, #1032]	@ 0x408
100007a4:	f8c3 240c 	str.w	r2, [r3, #1036]	@ 0x40c
100007a8:	f8c3 2410 	str.w	r2, [r3, #1040]	@ 0x410
100007ac:	f8c3 2414 	str.w	r2, [r3, #1044]	@ 0x414
100007b0:	f8c3 2418 	str.w	r2, [r3, #1048]	@ 0x418
100007b4:	f8c3 241c 	str.w	r2, [r3, #1052]	@ 0x41c
100007b8:	f8c3 2420 	str.w	r2, [r3, #1056]	@ 0x420
100007bc:	f8c3 2424 	str.w	r2, [r3, #1060]	@ 0x424
100007c0:	f8c3 2428 	str.w	r2, [r3, #1064]	@ 0x428
100007c4:	f8c3 242c 	str.w	r2, [r3, #1068]	@ 0x42c
100007c8:	f8c3 2430 	str.w	r2, [r3, #1072]	@ 0x430
100007cc:	4770      	bx	lr
100007ce:	bf00      	nop

100007d0 <irq_set_enabled>:
100007d0:	2301      	movs	r3, #1
100007d2:	f000 021f 	and.w	r2, r0, #31
100007d6:	4093      	lsls	r3, r2
100007d8:	0940      	lsrs	r0, r0, #5
100007da:	b141      	cbz	r1, 100007ee <irq_set_enabled+0x1e>
100007dc:	0080      	lsls	r0, r0, #2
100007de:	f100 4060 	add.w	r0, r0, #3758096384	@ 0xe0000000
100007e2:	f500 4061 	add.w	r0, r0, #57600	@ 0xe100
100007e6:	f8c0 3180 	str.w	r3, [r0, #384]	@ 0x180
100007ea:	6003      	str	r3, [r0, #0]
100007ec:	4770      	bx	lr
100007ee:	4a02      	ldr	r2, [pc, #8]	@ (100007f8 <irq_set_enabled+0x28>)
100007f0:	3020      	adds	r0, #32
100007f2:	f842 3020 	str.w	r3, [r2, r0, lsl #2]
100007f6:	4770      	bx	lr
100007f8:	e000e100 	.word	0xe000e100

100007fc <irq_is_enabled>:
100007fc:	2301      	movs	r3, #1
100007fe:	4a06      	ldr	r2, [pc, #24]	@ (10000818 <irq_is_enabled+0x1c>)
10000800:	0941      	lsrs	r1, r0, #5
10000802:	f852 2021 	ldr.w	r2, [r2, r1, lsl #2]
10000806:	f000 001f 	and.w	r0, r0, #31
1000080a:	4083      	lsls	r3, r0
1000080c:	4213      	tst	r3, r2
1000080e:	bf14      	ite	ne
10000810:	2001      	movne	r0, #1
10000812:	2000      	moveq	r0, #0
10000814:	4770      	bx	lr
10000816:	bf00      	nop
10000818:	e000e100 	.word	0xe000e100

1000081c <irq_set_pending>:
1000081c:	2201      	movs	r2, #1
1000081e:	0943      	lsrs	r3, r0, #5
10000820:	4903      	ldr	r1, [pc, #12]	@ (10000830 <irq_set_pending+0x14>)
10000822:	f000 001f 	and.w	r0, r0, #31
10000826:	4082      	lsls	r2, r0
10000828:	3340      	adds	r3, #64	@ 0x40
1000082a:	f841 2023 	str.w	r2, [r1, r3, lsl #2]
1000082e:	4770      	bx	lr
10000830:	e000e100 	.word	0xe000e100

10000834 <irq_has_shared_handler>:
10000834:	4b06      	ldr	r3, [pc, #24]	@ (10000850 <irq_has_shared_handler+0x1c>)
10000836:	3010      	adds	r0, #16
10000838:	689b      	ldr	r3, [r3, #8]
1000083a:	f853 0020 	ldr.w	r0, [r3, r0, lsl #2]
1000083e:	b128      	cbz	r0, 1000084c <irq_has_shared_handler+0x18>
10000840:	4b04      	ldr	r3, [pc, #16]	@ (10000854 <irq_has_shared_handler+0x20>)
10000842:	1ac0      	subs	r0, r0, r3
10000844:	282f      	cmp	r0, #47	@ 0x2f
10000846:	bf8c      	ite	hi
10000848:	2000      	movhi	r0, #0
1000084a:	2001      	movls	r0, #1
1000084c:	4770      	bx	lr
1000084e:	bf00      	nop
10000850:	e000ed00 	.word	0xe000ed00
10000854:	2000222c 	.word	0x2000222c

10000858 <irq_set_exclusive_handler>:
10000858:	b5f8      	push	{r3, r4, r5, r6, r7, lr}
1000085a:	460d      	mov	r5, r1
1000085c:	f3ef 8710 	mrs	r7, PRIMASK
10000860:	b672      	cpsid	i
10000862:	4e12      	ldr	r6, [pc, #72]	@ (100008ac <irq_set_exclusive_handler+0x54>)
10000864:	e8d6 2fcf 	ldaexb	r2, [r6]
10000868:	2301      	movs	r3, #1
1000086a:	2a00      	cmp	r2, #0
1000086c:	d1fa      	bne.n	10000864 <irq_set_exclusive_handler+0xc>
1000086e:	e8c6 3f42 	strexb	r2, r3, [r6]
10000872:	2a00      	cmp	r2, #0
10000874:	d1f6      	bne.n	10000864 <irq_set_exclusive_handler+0xc>
10000876:	f3bf 8f5f 	dmb	sy
1000087a:	4b0d      	ldr	r3, [pc, #52]	@ (100008b0 <irq_set_exclusive_handler+0x58>)
1000087c:	f100 0410 	add.w	r4, r0, #16
10000880:	689b      	ldr	r3, [r3, #8]
10000882:	4a0c      	ldr	r2, [pc, #48]	@ (100008b4 <irq_set_exclusive_handler+0x5c>)
10000884:	f853 3024 	ldr.w	r3, [r3, r4, lsl #2]
10000888:	4293      	cmp	r3, r2
1000088a:	d003      	beq.n	10000894 <irq_set_exclusive_handler+0x3c>
1000088c:	4299      	cmp	r1, r3
1000088e:	d001      	beq.n	10000894 <irq_set_exclusive_handler+0x3c>
10000890:	f001 f924 	bl	10001adc <hard_assertion_failure>
10000894:	4b06      	ldr	r3, [pc, #24]	@ (100008b0 <irq_set_exclusive_handler+0x58>)
10000896:	689b      	ldr	r3, [r3, #8]
10000898:	f843 5024 	str.w	r5, [r3, r4, lsl #2]
1000089c:	f3bf 8f5f 	dmb	sy
100008a0:	2300      	movs	r3, #0
100008a2:	e8c6 3f8f 	stlb	r3, [r6]
100008a6:	f387 8810 	msr	PRIMASK, r7
100008aa:	bdf8      	pop	{r3, r4, r5, r6, r7, pc}
100008ac:	20003031 	.word	0x20003031
100008b0:	e000ed00 	.word	0xe000ed00
100008b4:	1000011d 	.word	0x1000011d

100008b8 <irq_add_shared_handler>:
100008b8:	e92d 4ff0 	stmdb	sp!, {r4, r5, r6, r7, r8, r9, sl, fp, lr}
100008bc:	4681      	mov	r9, r0
100008be:	468b      	mov	fp, r1
100008c0:	4616      	mov	r6, r2
100008c2:	b083      	sub	sp, #12
100008c4:	f3ef 8310 	mrs	r3, PRIMASK
100008c8:	b672      	cpsid	i
100008ca:	f8df a1d0 	ldr.w	sl, [pc, #464]	@ 10000a9c <irq_add_shared_handler+0x1e4>
100008ce:	9300      	str	r3, [sp, #0]
100008d0:	e8da 1fcf 	ldaexb	r1, [sl]
100008d4:	2301      	movs	r3, #1
100008d6:	2900      	cmp	r1, #0
100008d8:	d1fa      	bne.n	100008d0 <irq_add_shared_handler+0x18>
100008da:	e8ca 3f41 	strexb	r1, r3, [sl]
100008de:	2900      	cmp	r1, #0
100008e0:	d1f6      	bne.n	100008d0 <irq_add_shared_handler+0x18>
100008e2:	f3bf 8f5f 	dmb	sy
100008e6:	4b66      	ldr	r3, [pc, #408]	@ (10000a80 <irq_add_shared_handler+0x1c8>)
100008e8:	f993 4000 	ldrsb.w	r4, [r3]
100008ec:	2c00      	cmp	r4, #0
100008ee:	f2c0 80a0 	blt.w	10000a32 <irq_add_shared_handler+0x17a>
100008f2:	4d64      	ldr	r5, [pc, #400]	@ (10000a84 <irq_add_shared_handler+0x1cc>)
100008f4:	eb04 0744 	add.w	r7, r4, r4, lsl #1
100008f8:	eb05 0887 	add.w	r8, r5, r7, lsl #2
100008fc:	f898 1006 	ldrb.w	r1, [r8, #6]
10000900:	f109 0910 	add.w	r9, r9, #16
10000904:	7019      	strb	r1, [r3, #0]
10000906:	4b60      	ldr	r3, [pc, #384]	@ (10000a88 <irq_add_shared_handler+0x1d0>)
10000908:	00bf      	lsls	r7, r7, #2
1000090a:	689b      	ldr	r3, [r3, #8]
1000090c:	f853 0029 	ldr.w	r0, [r3, r9, lsl #2]
10000910:	0063      	lsls	r3, r4, #1
10000912:	1b41      	subs	r1, r0, r5
10000914:	292f      	cmp	r1, #47	@ 0x2f
10000916:	d92f      	bls.n	10000978 <irq_add_shared_handler+0xc0>
10000918:	495c      	ldr	r1, [pc, #368]	@ (10000a8c <irq_add_shared_handler+0x1d4>)
1000091a:	4288      	cmp	r0, r1
1000091c:	f040 80a4 	bne.w	10000a68 <irq_add_shared_handler+0x1b0>
10000920:	441c      	add	r4, r3
10000922:	4b5b      	ldr	r3, [pc, #364]	@ (10000a90 <irq_add_shared_handler+0x1d8>)
10000924:	3702      	adds	r7, #2
10000926:	442f      	add	r7, r5
10000928:	3b04      	subs	r3, #4
1000092a:	1bdb      	subs	r3, r3, r7
1000092c:	f3c3 034a 	ubfx	r3, r3, #1, #11
10000930:	ea6f 43c3 	mvn.w	r3, r3, lsl #19
10000934:	f44f 4121 	mov.w	r1, #41216	@ 0xa100
10000938:	ea6f 43d3 	mvn.w	r3, r3, lsr #19
1000093c:	f825 1024 	strh.w	r1, [r5, r4, lsl #2]
10000940:	eb05 0484 	add.w	r4, r5, r4, lsl #2
10000944:	8063      	strh	r3, [r4, #2]
10000946:	f64b 5301 	movw	r3, #48385	@ 0xbd01
1000094a:	80a3      	strh	r3, [r4, #4]
1000094c:	23ff      	movs	r3, #255	@ 0xff
1000094e:	f048 0001 	orr.w	r0, r8, #1
10000952:	71e6      	strb	r6, [r4, #7]
10000954:	f8c4 b008 	str.w	fp, [r4, #8]
10000958:	71a3      	strb	r3, [r4, #6]
1000095a:	4b4b      	ldr	r3, [pc, #300]	@ (10000a88 <irq_add_shared_handler+0x1d0>)
1000095c:	689b      	ldr	r3, [r3, #8]
1000095e:	f843 0029 	str.w	r0, [r3, r9, lsl #2]
10000962:	f3bf 8f5f 	dmb	sy
10000966:	2300      	movs	r3, #0
10000968:	e8ca 3f8f 	stlb	r3, [sl]
1000096c:	9b00      	ldr	r3, [sp, #0]
1000096e:	f383 8810 	msr	PRIMASK, r3
10000972:	b003      	add	sp, #12
10000974:	e8bd 8ff0 	ldmia.w	sp!, {r4, r5, r6, r7, r8, r9, sl, fp, pc}
10000978:	f020 0e01 	bic.w	lr, r0, #1
1000097c:	f89e 1007 	ldrb.w	r1, [lr, #7]
10000980:	42b1      	cmp	r1, r6
10000982:	d82e      	bhi.n	100009e2 <irq_add_shared_handler+0x12a>
10000984:	f44f 4321 	mov.w	r3, #41216	@ 0xa100
10000988:	53eb      	strh	r3, [r5, r7]
1000098a:	4b41      	ldr	r3, [pc, #260]	@ (10000a90 <irq_add_shared_handler+0x1d8>)
1000098c:	1cb9      	adds	r1, r7, #2
1000098e:	4429      	add	r1, r5
10000990:	3b04      	subs	r3, #4
10000992:	3704      	adds	r7, #4
10000994:	1a5b      	subs	r3, r3, r1
10000996:	442f      	add	r7, r5
10000998:	f1ae 0104 	sub.w	r1, lr, #4
1000099c:	4c3d      	ldr	r4, [pc, #244]	@ (10000a94 <irq_add_shared_handler+0x1dc>)
1000099e:	1bc9      	subs	r1, r1, r7
100009a0:	f3c1 014a 	ubfx	r1, r1, #1, #11
100009a4:	4321      	orrs	r1, r4
100009a6:	f8a8 1004 	strh.w	r1, [r8, #4]
100009aa:	f3c3 034a 	ubfx	r3, r3, #1, #11
100009ae:	493a      	ldr	r1, [pc, #232]	@ (10000a98 <irq_add_shared_handler+0x1e0>)
100009b0:	4323      	orrs	r3, r4
100009b2:	f8a8 3002 	strh.w	r3, [r8, #2]
100009b6:	f64a 20aa 	movw	r0, #43690	@ 0xaaaa
100009ba:	4673      	mov	r3, lr
100009bc:	1b5b      	subs	r3, r3, r5
100009be:	415b      	adcs	r3, r3
100009c0:	4358      	muls	r0, r3
100009c2:	0d00      	lsrs	r0, r0, #20
100009c4:	f888 6007 	strb.w	r6, [r8, #7]
100009c8:	f888 0006 	strb.w	r0, [r8, #6]
100009cc:	f8c8 b008 	str.w	fp, [r8, #8]
100009d0:	f048 0001 	orr.w	r0, r8, #1
100009d4:	f8ce 1000 	str.w	r1, [lr]
100009d8:	e7bf      	b.n	1000095a <irq_add_shared_handler+0xa2>
100009da:	79d1      	ldrb	r1, [r2, #7]
100009dc:	42b1      	cmp	r1, r6
100009de:	d92e      	bls.n	10000a3e <irq_add_shared_handler+0x186>
100009e0:	4696      	mov	lr, r2
100009e2:	f99e c006 	ldrsb.w	ip, [lr, #6]
100009e6:	eb0c 024c 	add.w	r2, ip, ip, lsl #1
100009ea:	f1bc 0f00 	cmp.w	ip, #0
100009ee:	eb05 0282 	add.w	r2, r5, r2, lsl #2
100009f2:	daf2      	bge.n	100009da <irq_add_shared_handler+0x122>
100009f4:	f64b 5101 	movw	r1, #48385	@ 0xbd01
100009f8:	f10e 0204 	add.w	r2, lr, #4
100009fc:	f1a8 0704 	sub.w	r7, r8, #4
10000a00:	1abf      	subs	r7, r7, r2
10000a02:	f3c7 074a 	ubfx	r7, r7, #1, #11
10000a06:	ea6f 47c7 	mvn.w	r7, r7, lsl #19
10000a0a:	ea6f 47d7 	mvn.w	r7, r7, lsr #19
10000a0e:	f88e 4006 	strb.w	r4, [lr, #6]
10000a12:	eb03 0804 	add.w	r8, r3, r4
10000a16:	4c20      	ldr	r4, [pc, #128]	@ (10000a98 <irq_add_shared_handler+0x1e0>)
10000a18:	eb05 0388 	add.w	r3, r5, r8, lsl #2
10000a1c:	f8ae 7004 	strh.w	r7, [lr, #4]
10000a20:	f845 4028 	str.w	r4, [r5, r8, lsl #2]
10000a24:	8099      	strh	r1, [r3, #4]
10000a26:	f883 c006 	strb.w	ip, [r3, #6]
10000a2a:	71de      	strb	r6, [r3, #7]
10000a2c:	f8c3 b008 	str.w	fp, [r3, #8]
10000a30:	e793      	b.n	1000095a <irq_add_shared_handler+0xa2>
10000a32:	f001 f853 	bl	10001adc <hard_assertion_failure>
10000a36:	4b12      	ldr	r3, [pc, #72]	@ (10000a80 <irq_add_shared_handler+0x1c8>)
10000a38:	f993 4000 	ldrsb.w	r4, [r3]
10000a3c:	e759      	b.n	100008f2 <irq_add_shared_handler+0x3a>
10000a3e:	4672      	mov	r2, lr
10000a40:	f832 1f04 	ldrh.w	r1, [r2, #4]!
10000a44:	0549      	lsls	r1, r1, #21
10000a46:	d414      	bmi.n	10000a72 <irq_add_shared_handler+0x1ba>
10000a48:	1549      	asrs	r1, r1, #21
10000a4a:	3102      	adds	r1, #2
10000a4c:	eb02 0141 	add.w	r1, r2, r1, lsl #1
10000a50:	9101      	str	r1, [sp, #4]
10000a52:	f06f 0107 	mvn.w	r1, #7
10000a56:	1bc9      	subs	r1, r1, r7
10000a58:	9f01      	ldr	r7, [sp, #4]
10000a5a:	1b49      	subs	r1, r1, r5
10000a5c:	4439      	add	r1, r7
10000a5e:	f3c1 014a 	ubfx	r1, r1, #1, #11
10000a62:	f441 4160 	orr.w	r1, r1, #57344	@ 0xe000
10000a66:	e7c9      	b.n	100009fc <irq_add_shared_handler+0x144>
10000a68:	9301      	str	r3, [sp, #4]
10000a6a:	f001 f837 	bl	10001adc <hard_assertion_failure>
10000a6e:	9b01      	ldr	r3, [sp, #4]
10000a70:	e756      	b.n	10000920 <irq_add_shared_handler+0x68>
10000a72:	f501 11ff 	add.w	r1, r1, #2088960	@ 0x1fe000
10000a76:	f501 51ff 	add.w	r1, r1, #8160	@ 0x1fe0
10000a7a:	311f      	adds	r1, #31
10000a7c:	e7e4      	b.n	10000a48 <irq_add_shared_handler+0x190>
10000a7e:	bf00      	nop
10000a80:	20023cef 	.word	0x20023cef
10000a84:	2000222c 	.word	0x2000222c
10000a88:	e000ed00 	.word	0xe000ed00
10000a8c:	1000011d 	.word	0x1000011d
10000a90:	2000225c 	.word	0x2000225c
10000a94:	ffffe000 	.word	0xffffe000
10000a98:	47804801 	.word	0x47804801
10000a9c:	20003031 	.word	0x20003031

10000aa0 <irq_remove_handler>:
10000aa0:	e92d 4ff0 	stmdb	sp!, {r4, r5, r6, r7, r8, r9, sl, fp, lr}
10000aa4:	b083      	sub	sp, #12
10000aa6:	f3ef 8a10 	mrs	sl, PRIMASK
10000aaa:	b672      	cpsid	i
10000aac:	4e74      	ldr	r6, [pc, #464]	@ (10000c80 <irq_remove_handler+0x1e0>)
10000aae:	e8d6 2fcf 	ldaexb	r2, [r6]
10000ab2:	2301      	movs	r3, #1
10000ab4:	2a00      	cmp	r2, #0
10000ab6:	d1fa      	bne.n	10000aae <irq_remove_handler+0xe>
10000ab8:	e8c6 3f42 	strexb	r2, r3, [r6]
10000abc:	2a00      	cmp	r2, #0
10000abe:	d1f6      	bne.n	10000aae <irq_remove_handler+0xe>
10000ac0:	f3bf 8f5f 	dmb	sy
10000ac4:	4b6f      	ldr	r3, [pc, #444]	@ (10000c84 <irq_remove_handler+0x1e4>)
10000ac6:	f100 0810 	add.w	r8, r0, #16
10000aca:	689b      	ldr	r3, [r3, #8]
10000acc:	4a6e      	ldr	r2, [pc, #440]	@ (10000c88 <irq_remove_handler+0x1e8>)
10000ace:	f853 5028 	ldr.w	r5, [r3, r8, lsl #2]
10000ad2:	4295      	cmp	r5, r2
10000ad4:	d03f      	beq.n	10000b56 <irq_remove_handler+0xb6>
10000ad6:	428d      	cmp	r5, r1
10000ad8:	460c      	mov	r4, r1
10000ada:	d04a      	beq.n	10000b72 <irq_remove_handler+0xd2>
10000adc:	4f6b      	ldr	r7, [pc, #428]	@ (10000c8c <irq_remove_handler+0x1ec>)
10000ade:	1beb      	subs	r3, r5, r7
10000ae0:	2b2f      	cmp	r3, #47	@ 0x2f
10000ae2:	d838      	bhi.n	10000b56 <irq_remove_handler+0xb6>
10000ae4:	2101      	movs	r1, #1
10000ae6:	ea4f 1950 	mov.w	r9, r0, lsr #5
10000aea:	ea4f 0989 	mov.w	r9, r9, lsl #2
10000aee:	f109 4960 	add.w	r9, r9, #3758096384	@ 0xe0000000
10000af2:	f509 4961 	add.w	r9, r9, #57600	@ 0xe100
10000af6:	f000 031f 	and.w	r3, r0, #31
10000afa:	fa01 f003 	lsl.w	r0, r1, r3
10000afe:	f8d9 3000 	ldr.w	r3, [r9]
10000b02:	f8c9 0080 	str.w	r0, [r9, #128]	@ 0x80
10000b06:	ea00 0b03 	and.w	fp, r0, r3
10000b0a:	f3bf 8f5f 	dmb	sy
10000b0e:	f3ef 8105 	mrs	r1, IPSR
10000b12:	b2c9      	uxtb	r1, r1
10000b14:	b379      	cbz	r1, 10000b76 <irq_remove_handler+0xd6>
10000b16:	4588      	cmp	r8, r1
10000b18:	d177      	bne.n	10000c0a <irq_remove_handler+0x16a>
10000b1a:	f025 0e01 	bic.w	lr, r5, #1
10000b1e:	f8de c008 	ldr.w	ip, [lr, #8]
10000b22:	4564      	cmp	r4, ip
10000b24:	d105      	bne.n	10000b32 <irq_remove_handler+0x92>
10000b26:	e07c      	b.n	10000c22 <irq_remove_handler+0x182>
10000b28:	f8d3 c008 	ldr.w	ip, [r3, #8]
10000b2c:	4564      	cmp	r4, ip
10000b2e:	d032      	beq.n	10000b96 <irq_remove_handler+0xf6>
10000b30:	469e      	mov	lr, r3
10000b32:	f99e 2006 	ldrsb.w	r2, [lr, #6]
10000b36:	eb02 0342 	add.w	r3, r2, r2, lsl #1
10000b3a:	2a00      	cmp	r2, #0
10000b3c:	eb07 0383 	add.w	r3, r7, r3, lsl #2
10000b40:	daf2      	bge.n	10000b28 <irq_remove_handler+0x88>
10000b42:	4564      	cmp	r4, ip
10000b44:	f000 8081 	beq.w	10000c4a <irq_remove_handler+0x1aa>
10000b48:	f1bb 0f00 	cmp.w	fp, #0
10000b4c:	d020      	beq.n	10000b90 <irq_remove_handler+0xf0>
10000b4e:	f8c9 0180 	str.w	r0, [r9, #384]	@ 0x180
10000b52:	f8c9 0000 	str.w	r0, [r9]
10000b56:	4b4b      	ldr	r3, [pc, #300]	@ (10000c84 <irq_remove_handler+0x1e4>)
10000b58:	689b      	ldr	r3, [r3, #8]
10000b5a:	f843 5028 	str.w	r5, [r3, r8, lsl #2]
10000b5e:	f3bf 8f5f 	dmb	sy
10000b62:	2300      	movs	r3, #0
10000b64:	e8c6 3f8f 	stlb	r3, [r6]
10000b68:	f38a 8810 	msr	PRIMASK, sl
10000b6c:	b003      	add	sp, #12
10000b6e:	e8bd 8ff0 	ldmia.w	sp!, {r4, r5, r6, r7, r8, r9, sl, fp, pc}
10000b72:	4615      	mov	r5, r2
10000b74:	e7ef      	b.n	10000b56 <irq_remove_handler+0xb6>
10000b76:	f025 0e01 	bic.w	lr, r5, #1
10000b7a:	f8de c008 	ldr.w	ip, [lr, #8]
10000b7e:	4564      	cmp	r4, ip
10000b80:	d1d7      	bne.n	10000b32 <irq_remove_handler+0x92>
10000b82:	f99e 4006 	ldrsb.w	r4, [lr, #6]
10000b86:	4673      	mov	r3, lr
10000b88:	2c00      	cmp	r4, #0
10000b8a:	da08      	bge.n	10000b9e <irq_remove_handler+0xfe>
10000b8c:	4615      	mov	r5, r2
10000b8e:	e066      	b.n	10000c5e <irq_remove_handler+0x1be>
10000b90:	f8c9 0080 	str.w	r0, [r9, #128]	@ 0x80
10000b94:	e7df      	b.n	10000b56 <irq_remove_handler+0xb6>
10000b96:	f993 4006 	ldrsb.w	r4, [r3, #6]
10000b9a:	2c00      	cmp	r4, #0
10000b9c:	db56      	blt.n	10000c4c <irq_remove_handler+0x1ac>
10000b9e:	eb04 0c44 	add.w	ip, r4, r4, lsl #1
10000ba2:	eb07 0c8c 	add.w	ip, r7, ip, lsl #2
10000ba6:	f8dc 2008 	ldr.w	r2, [ip, #8]
10000baa:	0061      	lsls	r1, r4, #1
10000bac:	609a      	str	r2, [r3, #8]
10000bae:	f89c 2007 	ldrb.w	r2, [ip, #7]
10000bb2:	71da      	strb	r2, [r3, #7]
10000bb4:	f99c 2006 	ldrsb.w	r2, [ip, #6]
10000bb8:	2a00      	cmp	r2, #0
10000bba:	719a      	strb	r2, [r3, #6]
10000bbc:	db5d      	blt.n	10000c7a <irq_remove_handler+0x1da>
10000bbe:	f8bc 2004 	ldrh.w	r2, [ip, #4]
10000bc2:	0552      	lsls	r2, r2, #21
10000bc4:	d504      	bpl.n	10000bd0 <irq_remove_handler+0x130>
10000bc6:	f502 12ff 	add.w	r2, r2, #2088960	@ 0x1fe000
10000bca:	f502 52ff 	add.w	r2, r2, #8160	@ 0x1fe0
10000bce:	321f      	adds	r2, #31
10000bd0:	1552      	asrs	r2, r2, #21
10000bd2:	f102 0c02 	add.w	ip, r2, #2
10000bd6:	f04f 0e04 	mov.w	lr, #4
10000bda:	220c      	movs	r2, #12
10000bdc:	fb12 e204 	smlabb	r2, r2, r4, lr
10000be0:	eb02 024c 	add.w	r2, r2, ip, lsl #1
10000be4:	f06f 0c07 	mvn.w	ip, #7
10000be8:	443a      	add	r2, r7
10000bea:	ebac 0c03 	sub.w	ip, ip, r3
10000bee:	4462      	add	r2, ip
10000bf0:	f3c2 024a 	ubfx	r2, r2, #1, #11
10000bf4:	f442 4260 	orr.w	r2, r2, #57344	@ 0xe000
10000bf8:	809a      	strh	r2, [r3, #4]
10000bfa:	4b25      	ldr	r3, [pc, #148]	@ (10000c90 <irq_remove_handler+0x1f0>)
10000bfc:	4421      	add	r1, r4
10000bfe:	781a      	ldrb	r2, [r3, #0]
10000c00:	eb07 0181 	add.w	r1, r7, r1, lsl #2
10000c04:	701c      	strb	r4, [r3, #0]
10000c06:	718a      	strb	r2, [r1, #6]
10000c08:	e79e      	b.n	10000b48 <irq_remove_handler+0xa8>
10000c0a:	e9cd 0100 	strd	r0, r1, [sp]
10000c0e:	f000 ff65 	bl	10001adc <hard_assertion_failure>
10000c12:	e9dd 0100 	ldrd	r0, r1, [sp]
10000c16:	f025 0e01 	bic.w	lr, r5, #1
10000c1a:	f8de c008 	ldr.w	ip, [lr, #8]
10000c1e:	4564      	cmp	r4, ip
10000c20:	d187      	bne.n	10000b32 <irq_remove_handler+0x92>
10000c22:	f99e 4006 	ldrsb.w	r4, [lr, #6]
10000c26:	4673      	mov	r3, lr
10000c28:	2c00      	cmp	r4, #0
10000c2a:	dab8      	bge.n	10000b9e <irq_remove_handler+0xfe>
10000c2c:	4a19      	ldr	r2, [pc, #100]	@ (10000c94 <irq_remove_handler+0x1f4>)
10000c2e:	4c1a      	ldr	r4, [pc, #104]	@ (10000c98 <irq_remove_handler+0x1f8>)
10000c30:	1ad2      	subs	r2, r2, r3
10000c32:	3a08      	subs	r2, #8
10000c34:	f3c2 310a 	ubfx	r1, r2, #12, #11
10000c38:	ea6f 5101 	mvn.w	r1, r1, lsl #20
10000c3c:	ea6f 5111 	mvn.w	r1, r1, lsr #20
10000c40:	ea44 0252 	orr.w	r2, r4, r2, lsr #1
10000c44:	80da      	strh	r2, [r3, #6]
10000c46:	8099      	strh	r1, [r3, #4]
10000c48:	e77e      	b.n	10000b48 <irq_remove_handler+0xa8>
10000c4a:	4673      	mov	r3, lr
10000c4c:	2900      	cmp	r1, #0
10000c4e:	d1ed      	bne.n	10000c2c <irq_remove_handler+0x18c>
10000c50:	22ff      	movs	r2, #255	@ 0xff
10000c52:	f88e 2006 	strb.w	r2, [lr, #6]
10000c56:	f64b 5201 	movw	r2, #48385	@ 0xbd01
10000c5a:	f8ae 2004 	strh.w	r2, [lr, #4]
10000c5e:	4c0c      	ldr	r4, [pc, #48]	@ (10000c90 <irq_remove_handler+0x1f0>)
10000c60:	f64a 22aa 	movw	r2, #43690	@ 0xaaaa
10000c64:	f894 c000 	ldrb.w	ip, [r4]
10000c68:	4619      	mov	r1, r3
10000c6a:	1bc9      	subs	r1, r1, r7
10000c6c:	4149      	adcs	r1, r1
10000c6e:	434a      	muls	r2, r1
10000c70:	0d12      	lsrs	r2, r2, #20
10000c72:	f883 c006 	strb.w	ip, [r3, #6]
10000c76:	7022      	strb	r2, [r4, #0]
10000c78:	e766      	b.n	10000b48 <irq_remove_handler+0xa8>
10000c7a:	f64b 5201 	movw	r2, #48385	@ 0xbd01
10000c7e:	e7bb      	b.n	10000bf8 <irq_remove_handler+0x158>
10000c80:	20003031 	.word	0x20003031
10000c84:	e000ed00 	.word	0xe000ed00
10000c88:	1000011d 	.word	0x1000011d
10000c8c:	2000222c 	.word	0x2000222c
10000c90:	20023cef 	.word	0x20023cef
10000c94:	20002266 	.word	0x20002266
10000c98:	fffff800 	.word	0xfffff800

10000c9c <irq_set_priority>:
10000c9c:	f04f 0cff 	mov.w	ip, #255	@ 0xff
10000ca0:	f020 0303 	bic.w	r3, r0, #3
10000ca4:	f103 4360 	add.w	r3, r3, #3758096384	@ 0xe0000000
10000ca8:	f503 4364 	add.w	r3, r3, #58368	@ 0xe400
10000cac:	f000 0003 	and.w	r0, r0, #3
10000cb0:	681a      	ldr	r2, [r3, #0]
10000cb2:	00c0      	lsls	r0, r0, #3
10000cb4:	fa0c fc00 	lsl.w	ip, ip, r0
10000cb8:	ea22 020c 	bic.w	r2, r2, ip
10000cbc:	4081      	lsls	r1, r0
10000cbe:	430a      	orrs	r2, r1
10000cc0:	601a      	str	r2, [r3, #0]
10000cc2:	4770      	bx	lr

10000cc4 <irq_add_tail_to_free_list>:
10000cc4:	b5f0      	push	{r4, r5, r6, r7, lr}
10000cc6:	f3ef 8505 	mrs	r5, IPSR
10000cca:	b2ed      	uxtb	r5, r5
10000ccc:	f3ef 8c10 	mrs	ip, PRIMASK
10000cd0:	b672      	cpsid	i
10000cd2:	4926      	ldr	r1, [pc, #152]	@ (10000d6c <irq_add_tail_to_free_list+0xa8>)
10000cd4:	e8d1 2fcf 	ldaexb	r2, [r1]
10000cd8:	2301      	movs	r3, #1
10000cda:	2a00      	cmp	r2, #0
10000cdc:	d1fa      	bne.n	10000cd4 <irq_add_tail_to_free_list+0x10>
10000cde:	e8c1 3f42 	strexb	r2, r3, [r1]
10000ce2:	2a00      	cmp	r2, #0
10000ce4:	d1f6      	bne.n	10000cd4 <irq_add_tail_to_free_list+0x10>
10000ce6:	f3bf 8f5f 	dmb	sy
10000cea:	4e21      	ldr	r6, [pc, #132]	@ (10000d70 <irq_add_tail_to_free_list+0xac>)
10000cec:	f040 0e01 	orr.w	lr, r0, #1
10000cf0:	68b4      	ldr	r4, [r6, #8]
10000cf2:	f64a 23aa 	movw	r3, #43690	@ 0xaaaa
10000cf6:	f854 7025 	ldr.w	r7, [r4, r5, lsl #2]
10000cfa:	4a1e      	ldr	r2, [pc, #120]	@ (10000d74 <irq_add_tail_to_free_list+0xb0>)
10000cfc:	4604      	mov	r4, r0
10000cfe:	1aa4      	subs	r4, r4, r2
10000d00:	4164      	adcs	r4, r4
10000d02:	4363      	muls	r3, r4
10000d04:	0d1b      	lsrs	r3, r3, #20
10000d06:	4577      	cmp	r7, lr
10000d08:	b25b      	sxtb	r3, r3
10000d0a:	d01b      	beq.n	10000d44 <irq_add_tail_to_free_list+0x80>
10000d0c:	f992 4006 	ldrsb.w	r4, [r2, #6]
10000d10:	429c      	cmp	r4, r3
10000d12:	d01c      	beq.n	10000d4e <irq_add_tail_to_free_list+0x8a>
10000d14:	f992 4012 	ldrsb.w	r4, [r2, #18]
10000d18:	429c      	cmp	r4, r3
10000d1a:	d023      	beq.n	10000d64 <irq_add_tail_to_free_list+0xa0>
10000d1c:	f992 401e 	ldrsb.w	r4, [r2, #30]
10000d20:	429c      	cmp	r4, r3
10000d22:	d021      	beq.n	10000d68 <irq_add_tail_to_free_list+0xa4>
10000d24:	f992 402a 	ldrsb.w	r4, [r2, #42]	@ 0x2a
10000d28:	429c      	cmp	r4, r3
10000d2a:	bf08      	it	eq
10000d2c:	2403      	moveq	r4, #3
10000d2e:	d00f      	beq.n	10000d50 <irq_add_tail_to_free_list+0x8c>
10000d30:	4a11      	ldr	r2, [pc, #68]	@ (10000d78 <irq_add_tail_to_free_list+0xb4>)
10000d32:	2400      	movs	r4, #0
10000d34:	7815      	ldrb	r5, [r2, #0]
10000d36:	7013      	strb	r3, [r2, #0]
10000d38:	7185      	strb	r5, [r0, #6]
10000d3a:	e8c1 4f8f 	stlb	r4, [r1]
10000d3e:	f38c 8810 	msr	PRIMASK, ip
10000d42:	bdf0      	pop	{r4, r5, r6, r7, pc}
10000d44:	68b2      	ldr	r2, [r6, #8]
10000d46:	4c0d      	ldr	r4, [pc, #52]	@ (10000d7c <irq_add_tail_to_free_list+0xb8>)
10000d48:	f842 4025 	str.w	r4, [r2, r5, lsl #2]
10000d4c:	e7f0      	b.n	10000d30 <irq_add_tail_to_free_list+0x6c>
10000d4e:	2400      	movs	r4, #0
10000d50:	eb04 0444 	add.w	r4, r4, r4, lsl #1
10000d54:	eb02 0284 	add.w	r2, r2, r4, lsl #2
10000d58:	24ff      	movs	r4, #255	@ 0xff
10000d5a:	7194      	strb	r4, [r2, #6]
10000d5c:	f64b 5401 	movw	r4, #48385	@ 0xbd01
10000d60:	8094      	strh	r4, [r2, #4]
10000d62:	e7e5      	b.n	10000d30 <irq_add_tail_to_free_list+0x6c>
10000d64:	2401      	movs	r4, #1
10000d66:	e7f3      	b.n	10000d50 <irq_add_tail_to_free_list+0x8c>
10000d68:	2402      	movs	r4, #2
10000d6a:	e7f1      	b.n	10000d50 <irq_add_tail_to_free_list+0x8c>
10000d6c:	20003031 	.word	0x20003031
10000d70:	e000ed00 	.word	0xe000ed00
10000d74:	2000222c 	.word	0x2000222c
10000d78:	20023cef 	.word	0x20023cef
10000d7c:	1000011d 	.word	0x1000011d

10000d80 <user_irq_claim_unused>:
10000d80:	b510      	push	{r4, lr}
10000d82:	4c07      	ldr	r4, [pc, #28]	@ (10000da0 <user_irq_claim_unused+0x20>)
10000d84:	b082      	sub	sp, #8
10000d86:	4601      	mov	r1, r0
10000d88:	2305      	movs	r3, #5
10000d8a:	2200      	movs	r2, #0
10000d8c:	9400      	str	r4, [sp, #0]
10000d8e:	4805      	ldr	r0, [pc, #20]	@ (10000da4 <user_irq_claim_unused+0x24>)
10000d90:	f7ff fc80 	bl	10000694 <hw_claim_unused_from_range>
10000d94:	2800      	cmp	r0, #0
10000d96:	bfa8      	it	ge
10000d98:	f1c0 0033 	rsbge	r0, r0, #51	@ 0x33
10000d9c:	b002      	add	sp, #8
10000d9e:	bd10      	pop	{r4, pc}
10000da0:	1000b454 	.word	0x1000b454
10000da4:	20023cf3 	.word	0x20023cf3

10000da8 <lock_init>:
10000da8:	4b01      	ldr	r3, [pc, #4]	@ (10000db0 <lock_init+0x8>)
10000daa:	440b      	add	r3, r1
10000dac:	6003      	str	r3, [r0, #0]
10000dae:	4770      	bx	lr
10000db0:	20003028 	.word	0x20003028

10000db4 <runtime_init_mutex>:
10000db4:	b5f8      	push	{r3, r4, r5, r6, r7, lr}
10000db6:	4c12      	ldr	r4, [pc, #72]	@ (10000e00 <runtime_init_mutex+0x4c>)
10000db8:	4d12      	ldr	r5, [pc, #72]	@ (10000e04 <runtime_init_mutex+0x50>)
10000dba:	42ac      	cmp	r4, r5
10000dbc:	d211      	bcs.n	10000de2 <runtime_init_mutex+0x2e>
10000dbe:	f04f 36ff 	mov.w	r6, #4294967295	@ 0xffffffff
10000dc2:	2700      	movs	r7, #0
10000dc4:	6823      	ldr	r3, [r4, #0]
10000dc6:	b16b      	cbz	r3, 10000de4 <runtime_init_mutex+0x30>
10000dc8:	f7ff fcb2 	bl	10000730 <next_striped_spin_lock_num>
10000dcc:	4601      	mov	r1, r0
10000dce:	4620      	mov	r0, r4
10000dd0:	f7ff ffea 	bl	10000da8 <lock_init>
10000dd4:	6066      	str	r6, [r4, #4]
10000dd6:	7227      	strb	r7, [r4, #8]
10000dd8:	f3bf 8f5f 	dmb	sy
10000ddc:	340c      	adds	r4, #12
10000dde:	42ac      	cmp	r4, r5
10000de0:	d3f0      	bcc.n	10000dc4 <runtime_init_mutex+0x10>
10000de2:	bdf8      	pop	{r3, r4, r5, r6, r7, pc}
10000de4:	f7ff fca4 	bl	10000730 <next_striped_spin_lock_num>
10000de8:	4601      	mov	r1, r0
10000dea:	4620      	mov	r0, r4
10000dec:	f7ff ffdc 	bl	10000da8 <lock_init>
10000df0:	6066      	str	r6, [r4, #4]
10000df2:	f3bf 8f5f 	dmb	sy
10000df6:	3408      	adds	r4, #8
10000df8:	42ac      	cmp	r4, r5
10000dfa:	d3e3      	bcc.n	10000dc4 <runtime_init_mutex+0x10>
10000dfc:	bdf8      	pop	{r3, r4, r5, r6, r7, pc}
10000dfe:	bf00      	nop
10000e00:	20002824 	.word	0x20002824
10000e04:	20002834 	.word	0x20002834

10000e08 <mutex_init>:
10000e08:	b510      	push	{r4, lr}
10000e0a:	4604      	mov	r4, r0
10000e0c:	f7ff fc90 	bl	10000730 <next_striped_spin_lock_num>
10000e10:	4601      	mov	r1, r0
10000e12:	4620      	mov	r0, r4
10000e14:	f7ff ffc8 	bl	10000da8 <lock_init>
10000e18:	f04f 33ff 	mov.w	r3, #4294967295	@ 0xffffffff
10000e1c:	6063      	str	r3, [r4, #4]
10000e1e:	f3bf 8f5f 	dmb	sy
10000e22:	bd10      	pop	{r4, pc}

10000e24 <critical_section_init>:
10000e24:	b510      	push	{r4, lr}
10000e26:	4604      	mov	r4, r0
10000e28:	2001      	movs	r0, #1
10000e2a:	f7ff fc8d 	bl	10000748 <spin_lock_claim_unused>
10000e2e:	4b03      	ldr	r3, [pc, #12]	@ (10000e3c <critical_section_init+0x18>)
10000e30:	4403      	add	r3, r0
10000e32:	6023      	str	r3, [r4, #0]
10000e34:	f3bf 8f5f 	dmb	sy
10000e38:	bd10      	pop	{r4, pc}
10000e3a:	bf00      	nop
10000e3c:	20003028 	.word	0x20003028

10000e40 <critical_section_init_with_lock_num>:
10000e40:	4b02      	ldr	r3, [pc, #8]	@ (10000e4c <critical_section_init_with_lock_num+0xc>)
10000e42:	440b      	add	r3, r1
10000e44:	6003      	str	r3, [r0, #0]
10000e46:	f3bf 8f5f 	dmb	sy
10000e4a:	4770      	bx	lr
10000e4c:	20003028 	.word	0x20003028

10000e50 <alarm_pool_irq_handler>:
10000e50:	e92d 4ff0 	stmdb	sp!, {r4, r5, r6, r7, r8, r9, sl, fp, lr}
10000e54:	ed2d 8b02 	vpush	{d8}
10000e58:	b085      	sub	sp, #20
10000e5a:	f3ef 8305 	mrs	r3, IPSR
10000e5e:	b2db      	uxtb	r3, r3
10000e60:	3b10      	subs	r3, #16
10000e62:	089a      	lsrs	r2, r3, #2
10000e64:	bf18      	it	ne
10000e66:	2201      	movne	r2, #1
10000e68:	f04f 0101 	mov.w	r1, #1
10000e6c:	f003 0003 	and.w	r0, r3, #3
10000e70:	bf18      	it	ne
10000e72:	4dab      	ldrne	r5, [pc, #684]	@ (10001120 <alarm_pool_irq_handler+0x2d0>)
10000e74:	4bab      	ldr	r3, [pc, #684]	@ (10001124 <alarm_pool_irq_handler+0x2d4>)
10000e76:	bf08      	it	eq
10000e78:	4dab      	ldreq	r5, [pc, #684]	@ (10001128 <alarm_pool_irq_handler+0x2d8>)
10000e7a:	eb00 0282 	add.w	r2, r0, r2, lsl #2
10000e7e:	fa01 fb00 	lsl.w	fp, r1, r0
10000e82:	f853 6022 	ldr.w	r6, [r3, r2, lsl #2]
10000e86:	f505 5341 	add.w	r3, r5, #12352	@ 0x3040
10000e8a:	ed9f 8ba3 	vldr	d8, [pc, #652]	@ 10001118 <alarm_pool_irq_handler+0x2c8>
10000e8e:	9001      	str	r0, [sp, #4]
10000e90:	f8c3 b004 	str.w	fp, [r3, #4]
10000e94:	f8cd b000 	str.w	fp, [sp]
10000e98:	e02a      	b.n	10000ef0 <alarm_pool_irq_handler+0xa0>
10000e9a:	88b3      	ldrh	r3, [r6, #4]
10000e9c:	0418      	lsls	r0, r3, #16
10000e9e:	f140 808c 	bpl.w	10000fba <alarm_pool_irq_handler+0x16a>
10000ea2:	79b3      	ldrb	r3, [r6, #6]
10000ea4:	2b00      	cmp	r3, #0
10000ea6:	f040 80d5 	bne.w	10001054 <alarm_pool_irq_handler+0x204>
10000eaa:	f9b6 1008 	ldrsh.w	r1, [r6, #8]
10000eae:	2900      	cmp	r1, #0
10000eb0:	f2c0 8115 	blt.w	100010de <alarm_pool_irq_handler+0x28e>
10000eb4:	6973      	ldr	r3, [r6, #20]
10000eb6:	eb01 0141 	add.w	r1, r1, r1, lsl #1
10000eba:	eb03 03c1 	add.w	r3, r3, r1, lsl #3
10000ebe:	e9d3 4702 	ldrd	r4, r7, [r3, #8]
10000ec2:	f1b7 3fff 	cmp.w	r7, #4294967295	@ 0xffffffff
10000ec6:	bf08      	it	eq
10000ec8:	f1b4 3fff 	cmpeq.w	r4, #4294967295	@ 0xffffffff
10000ecc:	d009      	beq.n	10000ee2 <alarm_pool_irq_handler+0x92>
10000ece:	9b01      	ldr	r3, [sp, #4]
10000ed0:	eb05 0183 	add.w	r1, r5, r3, lsl #2
10000ed4:	6aab      	ldr	r3, [r5, #40]	@ 0x28
10000ed6:	690a      	ldr	r2, [r1, #16]
10000ed8:	1ad2      	subs	r2, r2, r3
10000eda:	1ae3      	subs	r3, r4, r3
10000edc:	4293      	cmp	r3, r2
10000ede:	bf38      	it	cc
10000ee0:	610c      	strcc	r4, [r1, #16]
10000ee2:	4628      	mov	r0, r5
10000ee4:	f000 fbb2 	bl	1000164c <timer_time_us_64>
10000ee8:	42a0      	cmp	r0, r4
10000eea:	41b9      	sbcs	r1, r7
10000eec:	f2c0 80f7 	blt.w	100010de <alarm_pool_irq_handler+0x28e>
10000ef0:	f9b6 4008 	ldrsh.w	r4, [r6, #8]
10000ef4:	9b00      	ldr	r3, [sp, #0]
10000ef6:	2c00      	cmp	r4, #0
10000ef8:	63eb      	str	r3, [r5, #60]	@ 0x3c
10000efa:	dbce      	blt.n	10000e9a <alarm_pool_irq_handler+0x4a>
10000efc:	f8d6 9014 	ldr.w	r9, [r6, #20]
10000f00:	eb04 0a44 	add.w	sl, r4, r4, lsl #1
10000f04:	4628      	mov	r0, r5
10000f06:	eb09 07ca 	add.w	r7, r9, sl, lsl #3
10000f0a:	e9d7 b802 	ldrd	fp, r8, [r7, #8]
10000f0e:	f000 fb9d 	bl	1000164c <timer_time_us_64>
10000f12:	4558      	cmp	r0, fp
10000f14:	eb71 0108 	sbcs.w	r1, r1, r8
10000f18:	dbbf      	blt.n	10000e9a <alarm_pool_irq_handler+0x4a>
10000f1a:	f1b8 0f00 	cmp.w	r8, #0
10000f1e:	f2c0 80c1 	blt.w	100010a4 <alarm_pool_irq_handler+0x254>
10000f22:	e9d7 3104 	ldrd	r3, r1, [r7, #16]
10000f26:	4a81      	ldr	r2, [pc, #516]	@ (1000112c <alarm_pool_irq_handler+0x2dc>)
10000f28:	4293      	cmp	r3, r2
10000f2a:	f000 80ea 	beq.w	10001102 <alarm_pool_irq_handler+0x2b2>
10000f2e:	887a      	ldrh	r2, [r7, #2]
10000f30:	f9b6 0008 	ldrsh.w	r0, [r6, #8]
10000f34:	b292      	uxth	r2, r2
10000f36:	ea42 4000 	orr.w	r0, r2, r0, lsl #16
10000f3a:	4798      	blx	r3
10000f3c:	4602      	mov	r2, r0
10000f3e:	460b      	mov	r3, r1
10000f40:	ea52 0103 	orrs.w	r1, r2, r3
10000f44:	f000 80ae 	beq.w	100010a4 <alarm_pool_irq_handler+0x254>
10000f48:	2b00      	cmp	r3, #0
10000f4a:	f280 80ce 	bge.w	100010ea <alarm_pool_irq_handler+0x29a>
10000f4e:	ebbb 0b02 	subs.w	fp, fp, r2
10000f52:	eb68 0803 	sbc.w	r8, r8, r3
10000f56:	f939 303a 	ldrsh.w	r3, [r9, sl, lsl #3]
10000f5a:	e9c7 b802 	strd	fp, r8, [r7, #8]
10000f5e:	2b00      	cmp	r3, #0
10000f60:	db9b      	blt.n	10000e9a <alarm_pool_irq_handler+0x4a>
10000f62:	6971      	ldr	r1, [r6, #20]
10000f64:	eb03 0243 	add.w	r2, r3, r3, lsl #1
10000f68:	eb01 02c2 	add.w	r2, r1, r2, lsl #3
10000f6c:	e9d2 7002 	ldrd	r7, r0, [r2, #8]
10000f70:	45bb      	cmp	fp, r7
10000f72:	eb78 0c00 	sbcs.w	ip, r8, r0
10000f76:	ea4f 0243 	mov.w	r2, r3, lsl #1
10000f7a:	db8e      	blt.n	10000e9a <alarm_pool_irq_handler+0x4a>
10000f7c:	46b4      	mov	ip, r6
10000f7e:	f82c 3f08 	strh.w	r3, [ip, #8]!
10000f82:	e00b      	b.n	10000f9c <alarm_pool_irq_handler+0x14c>
10000f84:	f931 3032 	ldrsh.w	r3, [r1, r2, lsl #3]
10000f88:	46f4      	mov	ip, lr
10000f8a:	2b00      	cmp	r3, #0
10000f8c:	db0d      	blt.n	10000faa <alarm_pool_irq_handler+0x15a>
10000f8e:	eb03 0043 	add.w	r0, r3, r3, lsl #1
10000f92:	eb01 00c0 	add.w	r0, r1, r0, lsl #3
10000f96:	005a      	lsls	r2, r3, #1
10000f98:	e9d0 7002 	ldrd	r7, r0, [r0, #8]
10000f9c:	45bb      	cmp	fp, r7
10000f9e:	441a      	add	r2, r3
10000fa0:	eb78 0000 	sbcs.w	r0, r8, r0
10000fa4:	eb01 0ec2 	add.w	lr, r1, r2, lsl #3
10000fa8:	daec      	bge.n	10000f84 <alarm_pool_irq_handler+0x134>
10000faa:	f829 303a 	strh.w	r3, [r9, sl, lsl #3]
10000fae:	f8ac 4000 	strh.w	r4, [ip]
10000fb2:	88b3      	ldrh	r3, [r6, #4]
10000fb4:	0418      	lsls	r0, r3, #16
10000fb6:	f53f af74 	bmi.w	10000ea2 <alarm_pool_irq_handler+0x52>
10000fba:	6933      	ldr	r3, [r6, #16]
10000fbc:	f3ef 8210 	mrs	r2, PRIMASK
10000fc0:	b672      	cpsid	i
10000fc2:	e8d3 0fcf 	ldaexb	r0, [r3]
10000fc6:	2101      	movs	r1, #1
10000fc8:	2800      	cmp	r0, #0
10000fca:	d1fa      	bne.n	10000fc2 <alarm_pool_irq_handler+0x172>
10000fcc:	e8c3 1f40 	strexb	r0, r1, [r3]
10000fd0:	2800      	cmp	r0, #0
10000fd2:	d1f6      	bne.n	10000fc2 <alarm_pool_irq_handler+0x172>
10000fd4:	f3bf 8f5f 	dmb	sy
10000fd8:	f64f 74ff 	movw	r4, #65535	@ 0xffff
10000fdc:	88b0      	ldrh	r0, [r6, #4]
10000fde:	2300      	movs	r3, #0
10000fe0:	6931      	ldr	r1, [r6, #16]
10000fe2:	b200      	sxth	r0, r0
10000fe4:	80b4      	strh	r4, [r6, #4]
10000fe6:	e8c1 3f8f 	stlb	r3, [r1]
10000fea:	f382 8810 	msr	PRIMASK, r2
10000fee:	4298      	cmp	r0, r3
10000ff0:	f6ff af57 	blt.w	10000ea2 <alarm_pool_irq_handler+0x52>
10000ff4:	4607      	mov	r7, r0
10000ff6:	46a9      	mov	r9, r5
10000ff8:	6974      	ldr	r4, [r6, #20]
10000ffa:	f106 0808 	add.w	r8, r6, #8
10000ffe:	eb07 0e47 	add.w	lr, r7, r7, lsl #1
10001002:	eb04 03ce 	add.w	r3, r4, lr, lsl #3
10001006:	e9d3 5002 	ldrd	r5, r0, [r3, #8]
1000100a:	f9b6 3008 	ldrsh.w	r3, [r6, #8]
1000100e:	46c4      	mov	ip, r8
10001010:	2b00      	cmp	r3, #0
10001012:	bfa8      	it	ge
10001014:	46b3      	movge	fp, r6
10001016:	da05      	bge.n	10001024 <alarm_pool_irq_handler+0x1d4>
10001018:	e00f      	b.n	1000103a <alarm_pool_irq_handler+0x1ea>
1000101a:	f934 303a 	ldrsh.w	r3, [r4, sl, lsl #3]
1000101e:	4694      	mov	ip, r2
10001020:	2b00      	cmp	r3, #0
10001022:	db09      	blt.n	10001038 <alarm_pool_irq_handler+0x1e8>
10001024:	eb03 0a43 	add.w	sl, r3, r3, lsl #1
10001028:	eb04 02ca 	add.w	r2, r4, sl, lsl #3
1000102c:	e9d2 6102 	ldrd	r6, r1, [r2, #8]
10001030:	42b5      	cmp	r5, r6
10001032:	eb70 0101 	sbcs.w	r1, r0, r1
10001036:	daf0      	bge.n	1000101a <alarm_pool_irq_handler+0x1ca>
10001038:	465e      	mov	r6, fp
1000103a:	f8ac 7000 	strh.w	r7, [ip]
1000103e:	f934 703e 	ldrsh.w	r7, [r4, lr, lsl #3]
10001042:	f824 303e 	strh.w	r3, [r4, lr, lsl #3]
10001046:	2f00      	cmp	r7, #0
10001048:	dad9      	bge.n	10000ffe <alarm_pool_irq_handler+0x1ae>
1000104a:	79b3      	ldrb	r3, [r6, #6]
1000104c:	464d      	mov	r5, r9
1000104e:	2b00      	cmp	r3, #0
10001050:	f43f af2b 	beq.w	10000eaa <alarm_pool_irq_handler+0x5a>
10001054:	2300      	movs	r3, #0
10001056:	71b3      	strb	r3, [r6, #6]
10001058:	f9b6 3008 	ldrsh.w	r3, [r6, #8]
1000105c:	f106 0808 	add.w	r8, r6, #8
10001060:	1c59      	adds	r1, r3, #1
10001062:	d03c      	beq.n	100010de <alarm_pool_irq_handler+0x28e>
10001064:	4619      	mov	r1, r3
10001066:	6977      	ldr	r7, [r6, #20]
10001068:	e003      	b.n	10001072 <alarm_pool_irq_handler+0x222>
1000106a:	4680      	mov	r8, r0
1000106c:	1c5a      	adds	r2, r3, #1
1000106e:	f43f af1e 	beq.w	10000eae <alarm_pool_irq_handler+0x5e>
10001072:	eb03 0243 	add.w	r2, r3, r3, lsl #1
10001076:	eb07 00c2 	add.w	r0, r7, r2, lsl #3
1000107a:	f8b0 c002 	ldrh.w	ip, [r0, #2]
1000107e:	461c      	mov	r4, r3
10001080:	f41c 4f00 	tst.w	ip, #32768	@ 0x8000
10001084:	469e      	mov	lr, r3
10001086:	f937 3032 	ldrsh.w	r3, [r7, r2, lsl #3]
1000108a:	d0ee      	beq.n	1000106a <alarm_pool_irq_handler+0x21a>
1000108c:	428c      	cmp	r4, r1
1000108e:	ed80 8b02 	vstr	d8, [r0, #8]
10001092:	d005      	beq.n	100010a0 <alarm_pool_irq_handler+0x250>
10001094:	f8a8 3000 	strh.w	r3, [r8]
10001098:	8931      	ldrh	r1, [r6, #8]
1000109a:	f827 1032 	strh.w	r1, [r7, r2, lsl #3]
1000109e:	8134      	strh	r4, [r6, #8]
100010a0:	4671      	mov	r1, lr
100010a2:	e7e3      	b.n	1000106c <alarm_pool_irq_handler+0x21c>
100010a4:	f839 303a 	ldrh.w	r3, [r9, sl, lsl #3]
100010a8:	8133      	strh	r3, [r6, #8]
100010aa:	6933      	ldr	r3, [r6, #16]
100010ac:	f3ef 8210 	mrs	r2, PRIMASK
100010b0:	b672      	cpsid	i
100010b2:	e8d3 0fcf 	ldaexb	r0, [r3]
100010b6:	2101      	movs	r1, #1
100010b8:	2800      	cmp	r0, #0
100010ba:	d1fa      	bne.n	100010b2 <alarm_pool_irq_handler+0x262>
100010bc:	e8c3 1f40 	strexb	r0, r1, [r3]
100010c0:	2800      	cmp	r0, #0
100010c2:	d1f6      	bne.n	100010b2 <alarm_pool_irq_handler+0x262>
100010c4:	f3bf 8f5f 	dmb	sy
100010c8:	8873      	ldrh	r3, [r6, #2]
100010ca:	6931      	ldr	r1, [r6, #16]
100010cc:	f829 303a 	strh.w	r3, [r9, sl, lsl #3]
100010d0:	2300      	movs	r3, #0
100010d2:	8074      	strh	r4, [r6, #2]
100010d4:	e8c1 3f8f 	stlb	r3, [r1]
100010d8:	f382 8810 	msr	PRIMASK, r2
100010dc:	e6dd      	b.n	10000e9a <alarm_pool_irq_handler+0x4a>
100010de:	bf40      	sev
100010e0:	b005      	add	sp, #20
100010e2:	ecbd 8b02 	vpop	{d8}
100010e6:	e8bd 8ff0 	ldmia.w	sp!, {r4, r5, r6, r7, r8, r9, sl, fp, pc}
100010ea:	4628      	mov	r0, r5
100010ec:	e9cd 2302 	strd	r2, r3, [sp, #8]
100010f0:	f000 faac 	bl	1000164c <timer_time_us_64>
100010f4:	9a02      	ldr	r2, [sp, #8]
100010f6:	9b03      	ldr	r3, [sp, #12]
100010f8:	eb10 0b02 	adds.w	fp, r0, r2
100010fc:	eb43 0801 	adc.w	r8, r3, r1
10001100:	e729      	b.n	10000f56 <alarm_pool_irq_handler+0x106>
10001102:	4608      	mov	r0, r1
10001104:	690b      	ldr	r3, [r1, #16]
10001106:	9102      	str	r1, [sp, #8]
10001108:	4798      	blx	r3
1000110a:	2800      	cmp	r0, #0
1000110c:	d0ca      	beq.n	100010a4 <alarm_pool_irq_handler+0x254>
1000110e:	9902      	ldr	r1, [sp, #8]
10001110:	e9d1 2300 	ldrd	r2, r3, [r1]
10001114:	e714      	b.n	10000f40 <alarm_pool_irq_handler+0xf0>
10001116:	bf00      	nop
10001118:	ffffffff 	.word	0xffffffff
1000111c:	ffffffff 	.word	0xffffffff
10001120:	400b8000 	.word	0x400b8000
10001124:	20003908 	.word	0x20003908
10001128:	400b0000 	.word	0x400b0000
1000112c:	10000e51 	.word	0x10000e51

10001130 <sleep_until_callback>:
10001130:	480b      	ldr	r0, [pc, #44]	@ (10001160 <sleep_until_callback+0x30>)
10001132:	b508      	push	{r3, lr}
10001134:	6803      	ldr	r3, [r0, #0]
10001136:	f3ef 8110 	mrs	r1, PRIMASK
1000113a:	b672      	cpsid	i
1000113c:	e8d3 cfcf 	ldaexb	ip, [r3]
10001140:	2201      	movs	r2, #1
10001142:	f1bc 0f00 	cmp.w	ip, #0
10001146:	d1f9      	bne.n	1000113c <sleep_until_callback+0xc>
10001148:	e8c3 2f4c 	strexb	ip, r2, [r3]
1000114c:	f1bc 0f00 	cmp.w	ip, #0
10001150:	d1f4      	bne.n	1000113c <sleep_until_callback+0xc>
10001152:	f3bf 8f5f 	dmb	sy
10001156:	f005 fc17 	bl	10006988 <vPortLockInternalSpinUnlockWithNotify>
1000115a:	2000      	movs	r0, #0
1000115c:	2100      	movs	r1, #0
1000115e:	bd08      	pop	{r3, pc}
10001160:	20003bcc 	.word	0x20003bcc

10001164 <runtime_init_default_alarm_pool>:
10001164:	e92d 4ff8 	stmdb	sp!, {r3, r4, r5, r6, r7, r8, r9, sl, fp, lr}
10001168:	4c36      	ldr	r4, [pc, #216]	@ (10001244 <runtime_init_default_alarm_pool+0xe0>)
1000116a:	6925      	ldr	r5, [r4, #16]
1000116c:	b12d      	cbz	r5, 1000117a <runtime_init_default_alarm_pool+0x16>
1000116e:	e8bd 4ff8 	ldmia.w	sp!, {r3, r4, r5, r6, r7, r8, r9, sl, fp, lr}
10001172:	210a      	movs	r1, #10
10001174:	4834      	ldr	r0, [pc, #208]	@ (10001248 <runtime_init_default_alarm_pool+0xe4>)
10001176:	f7ff be17 	b.w	10000da8 <lock_init>
1000117a:	f8df 80e4 	ldr.w	r8, [pc, #228]	@ 10001260 <runtime_init_default_alarm_pool+0xfc>
1000117e:	2103      	movs	r1, #3
10001180:	4640      	mov	r0, r8
10001182:	f000 fa51 	bl	10001628 <timer_hardware_alarm_claim>
10001186:	2603      	movs	r6, #3
10001188:	f8c4 800c 	str.w	r8, [r4, #12]
1000118c:	f7ff fad0 	bl	10000730 <next_striped_spin_lock_num>
10001190:	f04f 4c50 	mov.w	ip, #3489660928	@ 0xd0000000
10001194:	4b2d      	ldr	r3, [pc, #180]	@ (1000124c <runtime_init_default_alarm_pool+0xe8>)
10001196:	7026      	strb	r6, [r4, #0]
10001198:	4403      	add	r3, r0
1000119a:	6123      	str	r3, [r4, #16]
1000119c:	f8dc 3000 	ldr.w	r3, [ip]
100011a0:	210f      	movs	r1, #15
100011a2:	7063      	strb	r3, [r4, #1]
100011a4:	6963      	ldr	r3, [r4, #20]
100011a6:	8061      	strh	r1, [r4, #2]
100011a8:	831d      	strh	r5, [r3, #24]
100011aa:	f04f 0504 	mov.w	r5, #4
100011ae:	f8a3 5078 	strh.w	r5, [r3, #120]	@ 0x78
100011b2:	f04f 0505 	mov.w	r5, #5
100011b6:	f8a3 5090 	strh.w	r5, [r3, #144]	@ 0x90
100011ba:	f04f 0506 	mov.w	r5, #6
100011be:	f8a3 50a8 	strh.w	r5, [r3, #168]	@ 0xa8
100011c2:	f04f 0507 	mov.w	r5, #7
100011c6:	210e      	movs	r1, #14
100011c8:	f64f 72ff 	movw	r2, #65535	@ 0xffff
100011cc:	2708      	movs	r7, #8
100011ce:	f04f 0e0a 	mov.w	lr, #10
100011d2:	f8a3 50c0 	strh.w	r5, [r3, #192]	@ 0xc0
100011d6:	f04f 0901 	mov.w	r9, #1
100011da:	f04f 0c0c 	mov.w	ip, #12
100011de:	f04f 0b02 	mov.w	fp, #2
100011e2:	f04f 0a09 	mov.w	sl, #9
100011e6:	200d      	movs	r0, #13
100011e8:	f04f 050b 	mov.w	r5, #11
100011ec:	f8a3 1168 	strh.w	r1, [r3, #360]	@ 0x168
100011f0:	4917      	ldr	r1, [pc, #92]	@ (10001250 <runtime_init_default_alarm_pool+0xec>)
100011f2:	80a2      	strh	r2, [r4, #4]
100011f4:	f8a3 e108 	strh.w	lr, [r3, #264]	@ 0x108
100011f8:	60a1      	str	r1, [r4, #8]
100011fa:	f8a3 b048 	strh.w	fp, [r3, #72]	@ 0x48
100011fe:	f8a3 a0f0 	strh.w	sl, [r3, #240]	@ 0xf0
10001202:	f8a3 5120 	strh.w	r5, [r3, #288]	@ 0x120
10001206:	f8a3 c138 	strh.w	ip, [r3, #312]	@ 0x138
1000120a:	f8a3 0150 	strh.w	r0, [r3, #336]	@ 0x150
1000120e:	f8a3 9030 	strh.w	r9, [r3, #48]	@ 0x30
10001212:	f8a3 6060 	strh.w	r6, [r3, #96]	@ 0x60
10001216:	f8a3 70d8 	strh.w	r7, [r3, #216]	@ 0xd8
1000121a:	801a      	strh	r2, [r3, #0]
1000121c:	4b0d      	ldr	r3, [pc, #52]	@ (10001254 <runtime_init_default_alarm_pool+0xf0>)
1000121e:	4630      	mov	r0, r6
10001220:	f8c8 7020 	str.w	r7, [r8, #32]
10001224:	490c      	ldr	r1, [pc, #48]	@ (10001258 <runtime_init_default_alarm_pool+0xf4>)
10001226:	60dc      	str	r4, [r3, #12]
10001228:	f7ff fb16 	bl	10000858 <irq_set_exclusive_handler>
1000122c:	4649      	mov	r1, r9
1000122e:	4630      	mov	r0, r6
10001230:	f7ff face 	bl	100007d0 <irq_set_enabled>
10001234:	4b09      	ldr	r3, [pc, #36]	@ (1000125c <runtime_init_default_alarm_pool+0xf8>)
10001236:	210a      	movs	r1, #10
10001238:	641f      	str	r7, [r3, #64]	@ 0x40
1000123a:	4803      	ldr	r0, [pc, #12]	@ (10001248 <runtime_init_default_alarm_pool+0xe4>)
1000123c:	e8bd 4ff8 	ldmia.w	sp!, {r3, r4, r5, r6, r7, r8, r9, sl, fp, lr}
10001240:	f7ff bdb2 	b.w	10000da8 <lock_init>
10001244:	20002274 	.word	0x20002274
10001248:	20003bcc 	.word	0x20003bcc
1000124c:	20003028 	.word	0x20003028
10001250:	0010ffff 	.word	0x0010ffff
10001254:	20003908 	.word	0x20003908
10001258:	10000e51 	.word	0x10000e51
1000125c:	400b2000 	.word	0x400b2000
10001260:	400b0000 	.word	0x400b0000

10001264 <alarm_pool_get_default>:
10001264:	4800      	ldr	r0, [pc, #0]	@ (10001268 <alarm_pool_get_default+0x4>)
10001266:	4770      	bx	lr
10001268:	20002274 	.word	0x20002274

1000126c <alarm_pool_add_alarm_at>:
1000126c:	b5f8      	push	{r3, r4, r5, r6, r7, lr}
1000126e:	f89d 7020 	ldrb.w	r7, [sp, #32]
10001272:	4604      	mov	r4, r0
10001274:	4616      	mov	r6, r2
10001276:	461d      	mov	r5, r3
10001278:	b937      	cbnz	r7, 10001288 <alarm_pool_add_alarm_at+0x1c>
1000127a:	f000 f9ef 	bl	1000165c <time_us_64>
1000127e:	4286      	cmp	r6, r0
10001280:	eb65 0101 	sbc.w	r1, r5, r1
10001284:	2900      	cmp	r1, #0
10001286:	db5c      	blt.n	10001342 <alarm_pool_add_alarm_at+0xd6>
10001288:	6923      	ldr	r3, [r4, #16]
1000128a:	f3ef 8710 	mrs	r7, PRIMASK
1000128e:	b672      	cpsid	i
10001290:	e8d3 1fcf 	ldaexb	r1, [r3]
10001294:	2201      	movs	r2, #1
10001296:	2900      	cmp	r1, #0
10001298:	d1fa      	bne.n	10001290 <alarm_pool_add_alarm_at+0x24>
1000129a:	e8c3 2f41 	strexb	r1, r2, [r3]
1000129e:	2900      	cmp	r1, #0
100012a0:	d1f6      	bne.n	10001290 <alarm_pool_add_alarm_at+0x24>
100012a2:	f3bf 8f5f 	dmb	sy
100012a6:	f9b4 c002 	ldrsh.w	ip, [r4, #2]
100012aa:	6963      	ldr	r3, [r4, #20]
100012ac:	eb0c 014c 	add.w	r1, ip, ip, lsl #1
100012b0:	f1bc 0f00 	cmp.w	ip, #0
100012b4:	ea4f 02c1 	mov.w	r2, r1, lsl #3
100012b8:	eb03 01c1 	add.w	r1, r3, r1, lsl #3
100012bc:	db38      	blt.n	10001330 <alarm_pool_add_alarm_at+0xc4>
100012be:	5a98      	ldrh	r0, [r3, r2]
100012c0:	f04f 0e00 	mov.w	lr, #0
100012c4:	8060      	strh	r0, [r4, #2]
100012c6:	6920      	ldr	r0, [r4, #16]
100012c8:	e8c0 ef8f 	stlb	lr, [r0]
100012cc:	f387 8810 	msr	PRIMASK, r7
100012d0:	9806      	ldr	r0, [sp, #24]
100012d2:	e9c1 6502 	strd	r6, r5, [r1, #8]
100012d6:	6108      	str	r0, [r1, #16]
100012d8:	9807      	ldr	r0, [sp, #28]
100012da:	6148      	str	r0, [r1, #20]
100012dc:	8848      	ldrh	r0, [r1, #2]
100012de:	3001      	adds	r0, #1
100012e0:	f3c0 000e 	ubfx	r0, r0, #0, #15
100012e4:	2801      	cmp	r0, #1
100012e6:	bf38      	it	cc
100012e8:	2001      	movcc	r0, #1
100012ea:	8048      	strh	r0, [r1, #2]
100012ec:	ea40 400c 	orr.w	r0, r0, ip, lsl #16
100012f0:	6921      	ldr	r1, [r4, #16]
100012f2:	f3ef 8510 	mrs	r5, PRIMASK
100012f6:	b672      	cpsid	i
100012f8:	e8d1 7fcf 	ldaexb	r7, [r1]
100012fc:	2601      	movs	r6, #1
100012fe:	2f00      	cmp	r7, #0
10001300:	d1fa      	bne.n	100012f8 <alarm_pool_add_alarm_at+0x8c>
10001302:	e8c1 6f47 	strexb	r7, r6, [r1]
10001306:	2f00      	cmp	r7, #0
10001308:	d1f6      	bne.n	100012f8 <alarm_pool_add_alarm_at+0x8c>
1000130a:	f3bf 8f5f 	dmb	sy
1000130e:	88a1      	ldrh	r1, [r4, #4]
10001310:	5299      	strh	r1, [r3, r2]
10001312:	f8a4 c004 	strh.w	ip, [r4, #4]
10001316:	6923      	ldr	r3, [r4, #16]
10001318:	e8c3 ef8f 	stlb	lr, [r3]
1000131c:	f385 8810 	msr	PRIMASK, r5
10001320:	2201      	movs	r2, #1
10001322:	68e3      	ldr	r3, [r4, #12]
10001324:	7821      	ldrb	r1, [r4, #0]
10001326:	f503 5301 	add.w	r3, r3, #8256	@ 0x2040
1000132a:	408a      	lsls	r2, r1
1000132c:	605a      	str	r2, [r3, #4]
1000132e:	bdf8      	pop	{r3, r4, r5, r6, r7, pc}
10001330:	2300      	movs	r3, #0
10001332:	6922      	ldr	r2, [r4, #16]
10001334:	e8c2 3f8f 	stlb	r3, [r2]
10001338:	f387 8810 	msr	PRIMASK, r7
1000133c:	f04f 30ff 	mov.w	r0, #4294967295	@ 0xffffffff
10001340:	bdf8      	pop	{r3, r4, r5, r6, r7, pc}
10001342:	4638      	mov	r0, r7
10001344:	bdf8      	pop	{r3, r4, r5, r6, r7, pc}
10001346:	bf00      	nop

10001348 <alarm_pool_add_alarm_at_force_in_context>:
10001348:	4601      	mov	r1, r0
1000134a:	b5f0      	push	{r4, r5, r6, r7, lr}
1000134c:	6900      	ldr	r0, [r0, #16]
1000134e:	f3ef 8710 	mrs	r7, PRIMASK
10001352:	b672      	cpsid	i
10001354:	e8d0 5fcf 	ldaexb	r5, [r0]
10001358:	2401      	movs	r4, #1
1000135a:	2d00      	cmp	r5, #0
1000135c:	d1fa      	bne.n	10001354 <alarm_pool_add_alarm_at_force_in_context+0xc>
1000135e:	e8c0 4f45 	strexb	r5, r4, [r0]
10001362:	2d00      	cmp	r5, #0
10001364:	d1f6      	bne.n	10001354 <alarm_pool_add_alarm_at_force_in_context+0xc>
10001366:	f3bf 8f5f 	dmb	sy
1000136a:	f9b1 e002 	ldrsh.w	lr, [r1, #2]
1000136e:	694c      	ldr	r4, [r1, #20]
10001370:	eb0e 0c4e 	add.w	ip, lr, lr, lsl #1
10001374:	f1be 0f00 	cmp.w	lr, #0
10001378:	ea4f 05cc 	mov.w	r5, ip, lsl #3
1000137c:	eb04 0ccc 	add.w	ip, r4, ip, lsl #3
10001380:	db3d      	blt.n	100013fe <alarm_pool_add_alarm_at_force_in_context+0xb6>
10001382:	5b60      	ldrh	r0, [r4, r5]
10001384:	2600      	movs	r6, #0
10001386:	8048      	strh	r0, [r1, #2]
10001388:	6908      	ldr	r0, [r1, #16]
1000138a:	e8c0 6f8f 	stlb	r6, [r0]
1000138e:	f387 8810 	msr	PRIMASK, r7
10001392:	f8bc 0002 	ldrh.w	r0, [ip, #2]
10001396:	e9cc 2302 	strd	r2, r3, [ip, #8]
1000139a:	3001      	adds	r0, #1
1000139c:	f3c0 000e 	ubfx	r0, r0, #0, #15
100013a0:	2801      	cmp	r0, #1
100013a2:	bf38      	it	cc
100013a4:	2001      	movcc	r0, #1
100013a6:	9b05      	ldr	r3, [sp, #20]
100013a8:	f8ac 0002 	strh.w	r0, [ip, #2]
100013ac:	f8cc 3010 	str.w	r3, [ip, #16]
100013b0:	9b06      	ldr	r3, [sp, #24]
100013b2:	ea40 400e 	orr.w	r0, r0, lr, lsl #16
100013b6:	f8cc 3014 	str.w	r3, [ip, #20]
100013ba:	690b      	ldr	r3, [r1, #16]
100013bc:	f3ef 8210 	mrs	r2, PRIMASK
100013c0:	b672      	cpsid	i
100013c2:	e8d3 cfcf 	ldaexb	ip, [r3]
100013c6:	2701      	movs	r7, #1
100013c8:	f1bc 0f00 	cmp.w	ip, #0
100013cc:	d1f9      	bne.n	100013c2 <alarm_pool_add_alarm_at_force_in_context+0x7a>
100013ce:	e8c3 7f4c 	strexb	ip, r7, [r3]
100013d2:	f1bc 0f00 	cmp.w	ip, #0
100013d6:	d1f4      	bne.n	100013c2 <alarm_pool_add_alarm_at_force_in_context+0x7a>
100013d8:	f3bf 8f5f 	dmb	sy
100013dc:	888b      	ldrh	r3, [r1, #4]
100013de:	5363      	strh	r3, [r4, r5]
100013e0:	f8a1 e004 	strh.w	lr, [r1, #4]
100013e4:	690b      	ldr	r3, [r1, #16]
100013e6:	e8c3 6f8f 	stlb	r6, [r3]
100013ea:	f382 8810 	msr	PRIMASK, r2
100013ee:	2201      	movs	r2, #1
100013f0:	68cb      	ldr	r3, [r1, #12]
100013f2:	7809      	ldrb	r1, [r1, #0]
100013f4:	f503 5301 	add.w	r3, r3, #8256	@ 0x2040
100013f8:	408a      	lsls	r2, r1
100013fa:	605a      	str	r2, [r3, #4]
100013fc:	bdf0      	pop	{r4, r5, r6, r7, pc}
100013fe:	2300      	movs	r3, #0
10001400:	690a      	ldr	r2, [r1, #16]
10001402:	e8c2 3f8f 	stlb	r3, [r2]
10001406:	f387 8810 	msr	PRIMASK, r7
1000140a:	f04f 30ff 	mov.w	r0, #4294967295	@ 0xffffffff
1000140e:	bdf0      	pop	{r4, r5, r6, r7, pc}

10001410 <alarm_pool_cancel_alarm>:
10001410:	4603      	mov	r3, r0
10001412:	8940      	ldrh	r0, [r0, #10]
10001414:	ebb0 4f21 	cmp.w	r0, r1, asr #16
10001418:	dd37      	ble.n	1000148a <alarm_pool_cancel_alarm+0x7a>
1000141a:	6958      	ldr	r0, [r3, #20]
1000141c:	140a      	asrs	r2, r1, #16
1000141e:	eb02 0242 	add.w	r2, r2, r2, lsl #1
10001422:	b510      	push	{r4, lr}
10001424:	eb00 00c2 	add.w	r0, r0, r2, lsl #3
10001428:	691c      	ldr	r4, [r3, #16]
1000142a:	f3ef 8c10 	mrs	ip, PRIMASK
1000142e:	b672      	cpsid	i
10001430:	e8d4 efcf 	ldaexb	lr, [r4]
10001434:	2201      	movs	r2, #1
10001436:	f1be 0f00 	cmp.w	lr, #0
1000143a:	d1f9      	bne.n	10001430 <alarm_pool_cancel_alarm+0x20>
1000143c:	e8c4 2f4e 	strexb	lr, r2, [r4]
10001440:	f1be 0f00 	cmp.w	lr, #0
10001444:	d1f4      	bne.n	10001430 <alarm_pool_cancel_alarm+0x20>
10001446:	f3bf 8f5f 	dmb	sy
1000144a:	8842      	ldrh	r2, [r0, #2]
1000144c:	b289      	uxth	r1, r1
1000144e:	b292      	uxth	r2, r2
10001450:	428a      	cmp	r2, r1
10001452:	d007      	beq.n	10001464 <alarm_pool_cancel_alarm+0x54>
10001454:	2200      	movs	r2, #0
10001456:	691b      	ldr	r3, [r3, #16]
10001458:	e8c3 2f8f 	stlb	r2, [r3]
1000145c:	f38c 8810 	msr	PRIMASK, ip
10001460:	2000      	movs	r0, #0
10001462:	bd10      	pop	{r4, pc}
10001464:	f442 4200 	orr.w	r2, r2, #32768	@ 0x8000
10001468:	8042      	strh	r2, [r0, #2]
1000146a:	2101      	movs	r1, #1
1000146c:	2200      	movs	r2, #0
1000146e:	6918      	ldr	r0, [r3, #16]
10001470:	7199      	strb	r1, [r3, #6]
10001472:	e8c0 2f8f 	stlb	r2, [r0]
10001476:	f38c 8810 	msr	PRIMASK, ip
1000147a:	781c      	ldrb	r4, [r3, #0]
1000147c:	68da      	ldr	r2, [r3, #12]
1000147e:	4608      	mov	r0, r1
10001480:	f502 5301 	add.w	r3, r2, #8256	@ 0x2040
10001484:	40a1      	lsls	r1, r4
10001486:	6059      	str	r1, [r3, #4]
10001488:	bd10      	pop	{r4, pc}
1000148a:	2000      	movs	r0, #0
1000148c:	4770      	bx	lr
1000148e:	bf00      	nop

10001490 <alarm_pool_core_num>:
10001490:	7840      	ldrb	r0, [r0, #1]
10001492:	4770      	bx	lr

10001494 <sleep_until>:
10001494:	e92d 43f0 	stmdb	sp!, {r4, r5, r6, r7, r8, r9, lr}
10001498:	f1b0 0696 	subs.w	r6, r0, #150	@ 0x96
1000149c:	f141 35ff 	adc.w	r5, r1, #4294967295	@ 0xffffffff
100014a0:	42b0      	cmp	r0, r6
100014a2:	eb71 0305 	sbcs.w	r3, r1, r5
100014a6:	bf38      	it	cc
100014a8:	2600      	movcc	r6, #0
100014aa:	b083      	sub	sp, #12
100014ac:	bf38      	it	cc
100014ae:	4635      	movcc	r5, r6
100014b0:	4604      	mov	r4, r0
100014b2:	460f      	mov	r7, r1
100014b4:	f000 f8d2 	bl	1000165c <time_us_64>
100014b8:	1a30      	subs	r0, r6, r0
100014ba:	eb65 0301 	sbc.w	r3, r5, r1
100014be:	2801      	cmp	r0, #1
100014c0:	f173 0300 	sbcs.w	r3, r3, #0
100014c4:	da06      	bge.n	100014d4 <sleep_until+0x40>
100014c6:	4620      	mov	r0, r4
100014c8:	4639      	mov	r1, r7
100014ca:	b003      	add	sp, #12
100014cc:	e8bd 43f0 	ldmia.w	sp!, {r4, r5, r6, r7, r8, r9, lr}
100014d0:	f000 b900 	b.w	100016d4 <busy_wait_until>
100014d4:	f000 f8c2 	bl	1000165c <time_us_64>
100014d8:	4286      	cmp	r6, r0
100014da:	eb65 0101 	sbc.w	r1, r5, r1
100014de:	2900      	cmp	r1, #0
100014e0:	db0a      	blt.n	100014f8 <sleep_until+0x64>
100014e2:	2100      	movs	r1, #0
100014e4:	4b15      	ldr	r3, [pc, #84]	@ (1000153c <sleep_until+0xa8>)
100014e6:	4632      	mov	r2, r6
100014e8:	9300      	str	r3, [sp, #0]
100014ea:	4815      	ldr	r0, [pc, #84]	@ (10001540 <sleep_until+0xac>)
100014ec:	462b      	mov	r3, r5
100014ee:	9101      	str	r1, [sp, #4]
100014f0:	f7ff ff2a 	bl	10001348 <alarm_pool_add_alarm_at_force_in_context>
100014f4:	2800      	cmp	r0, #0
100014f6:	dbe6      	blt.n	100014c6 <sleep_until+0x32>
100014f8:	f8df 804c 	ldr.w	r8, [pc, #76]	@ 10001548 <sleep_until+0xb4>
100014fc:	f8df 9044 	ldr.w	r9, [pc, #68]	@ 10001544 <sleep_until+0xb0>
10001500:	f8d8 3024 	ldr.w	r3, [r8, #36]	@ 0x24
10001504:	429d      	cmp	r5, r3
10001506:	d805      	bhi.n	10001514 <sleep_until+0x80>
10001508:	f8d8 2028 	ldr.w	r2, [r8, #40]	@ 0x28
1000150c:	42b2      	cmp	r2, r6
1000150e:	d2da      	bcs.n	100014c6 <sleep_until+0x32>
10001510:	429d      	cmp	r5, r3
10001512:	d1d8      	bne.n	100014c6 <sleep_until+0x32>
10001514:	f8d9 3000 	ldr.w	r3, [r9]
10001518:	f3ef 8110 	mrs	r1, PRIMASK
1000151c:	b672      	cpsid	i
1000151e:	e8d3 0fcf 	ldaexb	r0, [r3]
10001522:	2201      	movs	r2, #1
10001524:	2800      	cmp	r0, #0
10001526:	d1fa      	bne.n	1000151e <sleep_until+0x8a>
10001528:	e8c3 2f40 	strexb	r0, r2, [r3]
1000152c:	2800      	cmp	r0, #0
1000152e:	d1f6      	bne.n	1000151e <sleep_until+0x8a>
10001530:	f3bf 8f5f 	dmb	sy
10001534:	4803      	ldr	r0, [pc, #12]	@ (10001544 <sleep_until+0xb0>)
10001536:	f005 f9f1 	bl	1000691c <vPortLockInternalSpinUnlockWithWait>
1000153a:	e7e1      	b.n	10001500 <sleep_until+0x6c>
1000153c:	10001131 	.word	0x10001131
10001540:	20002274 	.word	0x20002274
10001544:	20003bcc 	.word	0x20003bcc
10001548:	400b0000 	.word	0x400b0000

1000154c <sleep_ms>:
1000154c:	b510      	push	{r4, lr}
1000154e:	4604      	mov	r4, r0
10001550:	f000 f884 	bl	1000165c <time_us_64>
10001554:	f44f 737a 	mov.w	r3, #1000	@ 0x3e8
10001558:	f04f 3cff 	mov.w	ip, #4294967295	@ 0xffffffff
1000155c:	f06f 4200 	mvn.w	r2, #2147483648	@ 0x80000000
10001560:	fbe4 0103 	umlal	r0, r1, r4, r3
10001564:	e8bd 4010 	ldmia.w	sp!, {r4, lr}
10001568:	4584      	cmp	ip, r0
1000156a:	eb72 0301 	sbcs.w	r3, r2, r1
1000156e:	bf3c      	itt	cc
10001570:	4660      	movcc	r0, ip
10001572:	4611      	movcc	r1, r2
10001574:	f7ff bf8e 	b.w	10001494 <sleep_until>

10001578 <best_effort_wfe_or_timeout>:
10001578:	b5f0      	push	{r4, r5, r6, r7, lr}
1000157a:	4606      	mov	r6, r0
1000157c:	460d      	mov	r5, r1
1000157e:	b083      	sub	sp, #12
10001580:	f3ef 8405 	mrs	r4, IPSR
10001584:	b2e4      	uxtb	r4, r4
10001586:	2c00      	cmp	r4, #0
10001588:	d135      	bne.n	100015f6 <best_effort_wfe_or_timeout+0x7e>
1000158a:	4f24      	ldr	r7, [pc, #144]	@ (1000161c <best_effort_wfe_or_timeout+0xa4>)
1000158c:	783a      	ldrb	r2, [r7, #0]
1000158e:	68f9      	ldr	r1, [r7, #12]
10001590:	3204      	adds	r2, #4
10001592:	6a8b      	ldr	r3, [r1, #40]	@ 0x28
10001594:	f851 2022 	ldr.w	r2, [r1, r2, lsl #2]
10001598:	1ad2      	subs	r2, r2, r3
1000159a:	1ac3      	subs	r3, r0, r3
1000159c:	4293      	cmp	r3, r2
1000159e:	d307      	bcc.n	100015b0 <best_effort_wfe_or_timeout+0x38>
100015a0:	bf20      	wfe
100015a2:	4b1f      	ldr	r3, [pc, #124]	@ (10001620 <best_effort_wfe_or_timeout+0xa8>)
100015a4:	6a58      	ldr	r0, [r3, #36]	@ 0x24
100015a6:	42a8      	cmp	r0, r5
100015a8:	d21f      	bcs.n	100015ea <best_effort_wfe_or_timeout+0x72>
100015aa:	2000      	movs	r0, #0
100015ac:	b003      	add	sp, #12
100015ae:	bdf0      	pop	{r4, r5, r6, r7, pc}
100015b0:	f000 f854 	bl	1000165c <time_us_64>
100015b4:	4286      	cmp	r6, r0
100015b6:	eb65 0101 	sbc.w	r1, r5, r1
100015ba:	2900      	cmp	r1, #0
100015bc:	db11      	blt.n	100015e2 <best_effort_wfe_or_timeout+0x6a>
100015be:	4b19      	ldr	r3, [pc, #100]	@ (10001624 <best_effort_wfe_or_timeout+0xac>)
100015c0:	4638      	mov	r0, r7
100015c2:	e9cd 3400 	strd	r3, r4, [sp]
100015c6:	4632      	mov	r2, r6
100015c8:	462b      	mov	r3, r5
100015ca:	f7ff febd 	bl	10001348 <alarm_pool_add_alarm_at_force_in_context>
100015ce:	1e01      	subs	r1, r0, #0
100015d0:	dd07      	ble.n	100015e2 <best_effort_wfe_or_timeout+0x6a>
100015d2:	4b13      	ldr	r3, [pc, #76]	@ (10001620 <best_effort_wfe_or_timeout+0xa8>)
100015d4:	6a5a      	ldr	r2, [r3, #36]	@ 0x24
100015d6:	42aa      	cmp	r2, r5
100015d8:	d219      	bcs.n	1000160e <best_effort_wfe_or_timeout+0x96>
100015da:	bf20      	wfe
100015dc:	480f      	ldr	r0, [pc, #60]	@ (1000161c <best_effort_wfe_or_timeout+0xa4>)
100015de:	f7ff ff17 	bl	10001410 <alarm_pool_cancel_alarm>
100015e2:	4b0f      	ldr	r3, [pc, #60]	@ (10001620 <best_effort_wfe_or_timeout+0xa8>)
100015e4:	6a58      	ldr	r0, [r3, #36]	@ 0x24
100015e6:	42a8      	cmp	r0, r5
100015e8:	d3df      	bcc.n	100015aa <best_effort_wfe_or_timeout+0x32>
100015ea:	6a9b      	ldr	r3, [r3, #40]	@ 0x28
100015ec:	429e      	cmp	r6, r3
100015ee:	d809      	bhi.n	10001604 <best_effort_wfe_or_timeout+0x8c>
100015f0:	2001      	movs	r0, #1
100015f2:	b003      	add	sp, #12
100015f4:	bdf0      	pop	{r4, r5, r6, r7, pc}
100015f6:	4b0a      	ldr	r3, [pc, #40]	@ (10001620 <best_effort_wfe_or_timeout+0xa8>)
100015f8:	6a58      	ldr	r0, [r3, #36]	@ 0x24
100015fa:	4288      	cmp	r0, r1
100015fc:	d3d5      	bcc.n	100015aa <best_effort_wfe_or_timeout+0x32>
100015fe:	6a9b      	ldr	r3, [r3, #40]	@ 0x28
10001600:	42b3      	cmp	r3, r6
10001602:	d2f5      	bcs.n	100015f0 <best_effort_wfe_or_timeout+0x78>
10001604:	1b40      	subs	r0, r0, r5
10001606:	bf18      	it	ne
10001608:	2001      	movne	r0, #1
1000160a:	b003      	add	sp, #12
1000160c:	bdf0      	pop	{r4, r5, r6, r7, pc}
1000160e:	6a9b      	ldr	r3, [r3, #40]	@ 0x28
10001610:	429e      	cmp	r6, r3
10001612:	d9e3      	bls.n	100015dc <best_effort_wfe_or_timeout+0x64>
10001614:	42aa      	cmp	r2, r5
10001616:	d1e1      	bne.n	100015dc <best_effort_wfe_or_timeout+0x64>
10001618:	e7df      	b.n	100015da <best_effort_wfe_or_timeout+0x62>
1000161a:	bf00      	nop
1000161c:	20002274 	.word	0x20002274
10001620:	400b0000 	.word	0x400b0000
10001624:	10001131 	.word	0x10001131

10001628 <timer_hardware_alarm_claim>:
10001628:	b410      	push	{r4}
1000162a:	4b05      	ldr	r3, [pc, #20]	@ (10001640 <timer_hardware_alarm_claim+0x18>)
1000162c:	4c05      	ldr	r4, [pc, #20]	@ (10001644 <timer_hardware_alarm_claim+0x1c>)
1000162e:	4a06      	ldr	r2, [pc, #24]	@ (10001648 <timer_hardware_alarm_claim+0x20>)
10001630:	42a0      	cmp	r0, r4
10001632:	bf14      	ite	ne
10001634:	4618      	movne	r0, r3
10001636:	1c58      	addeq	r0, r3, #1
10001638:	f85d 4b04 	ldr.w	r4, [sp], #4
1000163c:	f7fe bffe 	b.w	1000063c <hw_claim_or_assert>
10001640:	2000348c 	.word	0x2000348c
10001644:	400b8000 	.word	0x400b8000
10001648:	1000b470 	.word	0x1000b470

1000164c <timer_time_us_64>:
1000164c:	4603      	mov	r3, r0
1000164e:	6a41      	ldr	r1, [r0, #36]	@ 0x24
10001650:	460a      	mov	r2, r1
10001652:	6a98      	ldr	r0, [r3, #40]	@ 0x28
10001654:	6a59      	ldr	r1, [r3, #36]	@ 0x24
10001656:	428a      	cmp	r2, r1
10001658:	d1fa      	bne.n	10001650 <timer_time_us_64+0x4>
1000165a:	4770      	bx	lr

1000165c <time_us_64>:
1000165c:	4b03      	ldr	r3, [pc, #12]	@ (1000166c <time_us_64+0x10>)
1000165e:	6a59      	ldr	r1, [r3, #36]	@ 0x24
10001660:	460a      	mov	r2, r1
10001662:	6a98      	ldr	r0, [r3, #40]	@ 0x28
10001664:	6a59      	ldr	r1, [r3, #36]	@ 0x24
10001666:	4291      	cmp	r1, r2
10001668:	d1fa      	bne.n	10001660 <time_us_64+0x4>
1000166a:	4770      	bx	lr
1000166c:	400b0000 	.word	0x400b0000

10001670 <busy_wait_us>:
10001670:	b410      	push	{r4}
10001672:	4a17      	ldr	r2, [pc, #92]	@ (100016d0 <busy_wait_us+0x60>)
10001674:	6a53      	ldr	r3, [r2, #36]	@ 0x24
10001676:	469c      	mov	ip, r3
10001678:	6a94      	ldr	r4, [r2, #40]	@ 0x28
1000167a:	6a53      	ldr	r3, [r2, #36]	@ 0x24
1000167c:	4563      	cmp	r3, ip
1000167e:	d1fa      	bne.n	10001676 <busy_wait_us+0x6>
10001680:	1900      	adds	r0, r0, r4
10001682:	4159      	adcs	r1, r3
10001684:	f04f 0200 	mov.w	r2, #0
10001688:	bf28      	it	cs
1000168a:	2201      	movcs	r2, #1
1000168c:	4603      	mov	r3, r0
1000168e:	b1ca      	cbz	r2, 100016c4 <busy_wait_us+0x54>
10001690:	4b0f      	ldr	r3, [pc, #60]	@ (100016d0 <busy_wait_us+0x60>)
10001692:	6a59      	ldr	r1, [r3, #36]	@ 0x24
10001694:	1c4b      	adds	r3, r1, #1
10001696:	bf08      	it	eq
10001698:	460b      	moveq	r3, r1
1000169a:	d008      	beq.n	100016ae <busy_wait_us+0x3e>
1000169c:	f04f 31ff 	mov.w	r1, #4294967295	@ 0xffffffff
100016a0:	460b      	mov	r3, r1
100016a2:	480b      	ldr	r0, [pc, #44]	@ (100016d0 <busy_wait_us+0x60>)
100016a4:	6a42      	ldr	r2, [r0, #36]	@ 0x24
100016a6:	428a      	cmp	r2, r1
100016a8:	d3fc      	bcc.n	100016a4 <busy_wait_us+0x34>
100016aa:	428a      	cmp	r2, r1
100016ac:	d107      	bne.n	100016be <busy_wait_us+0x4e>
100016ae:	4a08      	ldr	r2, [pc, #32]	@ (100016d0 <busy_wait_us+0x60>)
100016b0:	e002      	b.n	100016b8 <busy_wait_us+0x48>
100016b2:	6a50      	ldr	r0, [r2, #36]	@ 0x24
100016b4:	4288      	cmp	r0, r1
100016b6:	d102      	bne.n	100016be <busy_wait_us+0x4e>
100016b8:	6a90      	ldr	r0, [r2, #40]	@ 0x28
100016ba:	4298      	cmp	r0, r3
100016bc:	d3f9      	bcc.n	100016b2 <busy_wait_us+0x42>
100016be:	f85d 4b04 	ldr.w	r4, [sp], #4
100016c2:	4770      	bx	lr
100016c4:	4a02      	ldr	r2, [pc, #8]	@ (100016d0 <busy_wait_us+0x60>)
100016c6:	6a52      	ldr	r2, [r2, #36]	@ 0x24
100016c8:	4291      	cmp	r1, r2
100016ca:	d8ea      	bhi.n	100016a2 <busy_wait_us+0x32>
100016cc:	e7ed      	b.n	100016aa <busy_wait_us+0x3a>
100016ce:	bf00      	nop
100016d0:	400b0000 	.word	0x400b0000

100016d4 <busy_wait_until>:
100016d4:	4a07      	ldr	r2, [pc, #28]	@ (100016f4 <busy_wait_until+0x20>)
100016d6:	6a53      	ldr	r3, [r2, #36]	@ 0x24
100016d8:	4299      	cmp	r1, r3
100016da:	d8fc      	bhi.n	100016d6 <busy_wait_until+0x2>
100016dc:	4299      	cmp	r1, r3
100016de:	d107      	bne.n	100016f0 <busy_wait_until+0x1c>
100016e0:	4b04      	ldr	r3, [pc, #16]	@ (100016f4 <busy_wait_until+0x20>)
100016e2:	e002      	b.n	100016ea <busy_wait_until+0x16>
100016e4:	6a5a      	ldr	r2, [r3, #36]	@ 0x24
100016e6:	4291      	cmp	r1, r2
100016e8:	d102      	bne.n	100016f0 <busy_wait_until+0x1c>
100016ea:	6a9a      	ldr	r2, [r3, #40]	@ 0x28
100016ec:	4282      	cmp	r2, r0
100016ee:	d3f9      	bcc.n	100016e4 <busy_wait_until+0x10>
100016f0:	4770      	bx	lr
100016f2:	bf00      	nop
100016f4:	400b0000 	.word	0x400b0000

100016f8 <uart_init>:
100016f8:	b5f8      	push	{r3, r4, r5, r6, r7, lr}
100016fa:	4605      	mov	r5, r0
100016fc:	2006      	movs	r0, #6
100016fe:	460e      	mov	r6, r1
10001700:	f000 f8e4 	bl	100018cc <clock_get_hz>
10001704:	2800      	cmp	r0, #0
10001706:	d042      	beq.n	1000178e <uart_init+0x96>
10001708:	4a35      	ldr	r2, [pc, #212]	@ (100017e0 <uart_init+0xe8>)
1000170a:	4836      	ldr	r0, [pc, #216]	@ (100017e4 <uart_init+0xec>)
1000170c:	4295      	cmp	r5, r2
1000170e:	bf14      	ite	ne
10001710:	f04f 6280 	movne.w	r2, #67108864	@ 0x4000000
10001714:	f04f 6200 	moveq.w	r2, #134217728	@ 0x8000000
10001718:	4b33      	ldr	r3, [pc, #204]	@ (100017e8 <uart_init+0xf0>)
1000171a:	4934      	ldr	r1, [pc, #208]	@ (100017ec <uart_init+0xf4>)
1000171c:	6002      	str	r2, [r0, #0]
1000171e:	601a      	str	r2, [r3, #0]
10001720:	688c      	ldr	r4, [r1, #8]
10001722:	ea32 0404 	bics.w	r4, r2, r4
10001726:	d1fb      	bne.n	10001720 <uart_init+0x28>
10001728:	4b2d      	ldr	r3, [pc, #180]	@ (100017e0 <uart_init+0xe8>)
1000172a:	f44f 7180 	mov.w	r1, #256	@ 0x100
1000172e:	1aeb      	subs	r3, r5, r3
10001730:	fab3 f383 	clz	r3, r3
10001734:	4a2e      	ldr	r2, [pc, #184]	@ (100017f0 <uart_init+0xf8>)
10001736:	095b      	lsrs	r3, r3, #5
10001738:	2006      	movs	r0, #6
1000173a:	f822 1013 	strh.w	r1, [r2, r3, lsl #1]
1000173e:	f000 f8c5 	bl	100018cc <clock_get_hz>
10001742:	00c3      	lsls	r3, r0, #3
10001744:	fbb3 f3f6 	udiv	r3, r3, r6
10001748:	3301      	adds	r3, #1
1000174a:	09da      	lsrs	r2, r3, #7
1000174c:	d120      	bne.n	10001790 <uart_init+0x98>
1000174e:	2640      	movs	r6, #64	@ 0x40
10001750:	2101      	movs	r1, #1
10001752:	6269      	str	r1, [r5, #36]	@ 0x24
10001754:	62aa      	str	r2, [r5, #40]	@ 0x28
10001756:	6b2f      	ldr	r7, [r5, #48]	@ 0x30
10001758:	07fb      	lsls	r3, r7, #31
1000175a:	d422      	bmi.n	100017a2 <uart_init+0xaa>
1000175c:	462b      	mov	r3, r5
1000175e:	2200      	movs	r2, #0
10001760:	f853 1f2c 	ldr.w	r1, [r3, #44]!
10001764:	2006      	movs	r0, #6
10001766:	f503 5480 	add.w	r4, r3, #4096	@ 0x1000
1000176a:	6022      	str	r2, [r4, #0]
1000176c:	632f      	str	r7, [r5, #48]	@ 0x30
1000176e:	f000 f8ad 	bl	100018cc <clock_get_hz>
10001772:	f240 3101 	movw	r1, #769	@ 0x301
10001776:	2203      	movs	r2, #3
10001778:	0080      	lsls	r0, r0, #2
1000177a:	fbb0 f0f6 	udiv	r0, r0, r6
1000177e:	6aeb      	ldr	r3, [r5, #44]	@ 0x2c
10001780:	f083 0370 	eor.w	r3, r3, #112	@ 0x70
10001784:	f003 037e 	and.w	r3, r3, #126	@ 0x7e
10001788:	6023      	str	r3, [r4, #0]
1000178a:	6329      	str	r1, [r5, #48]	@ 0x30
1000178c:	64aa      	str	r2, [r5, #72]	@ 0x48
1000178e:	bdf8      	pop	{r3, r4, r5, r6, r7, pc}
10001790:	f64f 71fe 	movw	r1, #65534	@ 0xfffe
10001794:	428a      	cmp	r2, r1
10001796:	d91b      	bls.n	100017d0 <uart_init+0xd8>
10001798:	4622      	mov	r2, r4
1000179a:	f64f 71ff 	movw	r1, #65535	@ 0xffff
1000179e:	4e15      	ldr	r6, [pc, #84]	@ (100017f4 <uart_init+0xfc>)
100017a0:	e7d7      	b.n	10001752 <uart_init+0x5a>
100017a2:	f240 3201 	movw	r2, #769	@ 0x301
100017a6:	f505 5340 	add.w	r3, r5, #12288	@ 0x3000
100017aa:	631a      	str	r2, [r3, #48]	@ 0x30
100017ac:	6a6b      	ldr	r3, [r5, #36]	@ 0x24
100017ae:	6aac      	ldr	r4, [r5, #40]	@ 0x28
100017b0:	2006      	movs	r0, #6
100017b2:	eb04 1483 	add.w	r4, r4, r3, lsl #6
100017b6:	f000 f889 	bl	100018cc <clock_get_hz>
100017ba:	4b0f      	ldr	r3, [pc, #60]	@ (100017f8 <uart_init+0x100>)
100017bc:	02a4      	lsls	r4, r4, #10
100017be:	fba3 2300 	umull	r2, r3, r3, r0
100017c2:	0adb      	lsrs	r3, r3, #11
100017c4:	2100      	movs	r1, #0
100017c6:	fbb4 f0f3 	udiv	r0, r4, r3
100017ca:	f7ff ff51 	bl	10001670 <busy_wait_us>
100017ce:	e7c5      	b.n	1000175c <uart_init+0x64>
100017d0:	f3c3 0345 	ubfx	r3, r3, #1, #6
100017d4:	4611      	mov	r1, r2
100017d6:	eb03 1682 	add.w	r6, r3, r2, lsl #6
100017da:	461a      	mov	r2, r3
100017dc:	e7b9      	b.n	10001752 <uart_init+0x5a>
100017de:	bf00      	nop
100017e0:	40078000 	.word	0x40078000
100017e4:	40022000 	.word	0x40022000
100017e8:	40023000 	.word	0x40023000
100017ec:	40020000 	.word	0x40020000
100017f0:	20003bd8 	.word	0x20003bd8
100017f4:	003fffc0 	.word	0x003fffc0
100017f8:	8f2b7b75 	.word	0x8f2b7b75

100017fc <clock_configure_undivided>:
100017fc:	eb00 0c40 	add.w	ip, r0, r0, lsl #1
10001800:	ea4f 0c8c 	mov.w	ip, ip, lsl #2
10001804:	f10c 4c80 	add.w	ip, ip, #1073741824	@ 0x40000000
10001808:	f50c 3c80 	add.w	ip, ip, #65536	@ 0x10000
1000180c:	b5f0      	push	{r4, r5, r6, r7, lr}
1000180e:	4616      	mov	r6, r2
10001810:	f8dc 2004 	ldr.w	r2, [ip, #4]
10001814:	1f05      	subs	r5, r0, #4
10001816:	f5b2 3f80 	cmp.w	r2, #65536	@ 0x10000
1000181a:	bf38      	it	cc
1000181c:	f44f 3280 	movcc.w	r2, #65536	@ 0x10000
10001820:	b2ed      	uxtb	r5, r5
10001822:	bf38      	it	cc
10001824:	f8cc 2004 	strcc.w	r2, [ip, #4]
10001828:	2d01      	cmp	r5, #1
1000182a:	d92a      	bls.n	10001882 <clock_configure_undivided+0x86>
1000182c:	f44f 6700 	mov.w	r7, #2048	@ 0x800
10001830:	4c25      	ldr	r4, [pc, #148]	@ (100018c8 <clock_configure_undivided+0xcc>)
10001832:	f50c 5240 	add.w	r2, ip, #12288	@ 0x3000
10001836:	6017      	str	r7, [r2, #0]
10001838:	f854 2020 	ldr.w	r2, [r4, r0, lsl #2]
1000183c:	b9b2      	cbnz	r2, 1000186c <clock_configure_undivided+0x70>
1000183e:	f8dc 2000 	ldr.w	r2, [ip]
10001842:	2d01      	cmp	r5, #1
10001844:	ea82 1246 	eor.w	r2, r2, r6, lsl #5
10001848:	f002 02e0 	and.w	r2, r2, #224	@ 0xe0
1000184c:	f50c 5680 	add.w	r6, ip, #4096	@ 0x1000
10001850:	6032      	str	r2, [r6, #0]
10001852:	d92a      	bls.n	100018aa <clock_configure_undivided+0xae>
10001854:	f44f 6100 	mov.w	r1, #2048	@ 0x800
10001858:	f844 3020 	str.w	r3, [r4, r0, lsl #2]
1000185c:	f44f 3380 	mov.w	r3, #65536	@ 0x10000
10001860:	f50c 5200 	add.w	r2, ip, #8192	@ 0x2000
10001864:	6011      	str	r1, [r2, #0]
10001866:	f8cc 3004 	str.w	r3, [ip, #4]
1000186a:	bdf0      	pop	{r4, r5, r6, r7, pc}
1000186c:	6967      	ldr	r7, [r4, #20]
1000186e:	fbb7 fef2 	udiv	lr, r7, r2
10001872:	f10e 0e01 	add.w	lr, lr, #1
10001876:	eb0e 0e4e 	add.w	lr, lr, lr, lsl #1
1000187a:	f1be 0e03 	subs.w	lr, lr, #3
1000187e:	d2fc      	bcs.n	1000187a <clock_configure_undivided+0x7e>
10001880:	e7dd      	b.n	1000183e <clock_configure_undivided+0x42>
10001882:	2901      	cmp	r1, #1
10001884:	d1d2      	bne.n	1000182c <clock_configure_undivided+0x30>
10001886:	2403      	movs	r4, #3
10001888:	f50c 5240 	add.w	r2, ip, #12288	@ 0x3000
1000188c:	6014      	str	r4, [r2, #0]
1000188e:	f8dc 2008 	ldr.w	r2, [ip, #8]
10001892:	07d2      	lsls	r2, r2, #31
10001894:	d5fb      	bpl.n	1000188e <clock_configure_undivided+0x92>
10001896:	f8dc 2000 	ldr.w	r2, [ip]
1000189a:	4c0b      	ldr	r4, [pc, #44]	@ (100018c8 <clock_configure_undivided+0xcc>)
1000189c:	ea82 1246 	eor.w	r2, r2, r6, lsl #5
100018a0:	f002 02e0 	and.w	r2, r2, #224	@ 0xe0
100018a4:	f50c 5680 	add.w	r6, ip, #4096	@ 0x1000
100018a8:	6032      	str	r2, [r6, #0]
100018aa:	2201      	movs	r2, #1
100018ac:	f8dc 5000 	ldr.w	r5, [ip]
100018b0:	404d      	eors	r5, r1
100018b2:	f005 0503 	and.w	r5, r5, #3
100018b6:	6035      	str	r5, [r6, #0]
100018b8:	fa02 f101 	lsl.w	r1, r2, r1
100018bc:	f8dc 2008 	ldr.w	r2, [ip, #8]
100018c0:	420a      	tst	r2, r1
100018c2:	d0fb      	beq.n	100018bc <clock_configure_undivided+0xc0>
100018c4:	e7c6      	b.n	10001854 <clock_configure_undivided+0x58>
100018c6:	bf00      	nop
100018c8:	20003490 	.word	0x20003490

100018cc <clock_get_hz>:
100018cc:	4b01      	ldr	r3, [pc, #4]	@ (100018d4 <clock_get_hz+0x8>)
100018ce:	f853 0020 	ldr.w	r0, [r3, r0, lsl #2]
100018d2:	4770      	bx	lr
100018d4:	20003490 	.word	0x20003490

100018d8 <pll_init>:
100018d8:	b470      	push	{r4, r5, r6}
100018da:	9d03      	ldr	r5, [sp, #12]
100018dc:	6804      	ldr	r4, [r0, #0]
100018de:	032d      	lsls	r5, r5, #12
100018e0:	ea45 4503 	orr.w	r5, r5, r3, lsl #16
100018e4:	4b1b      	ldr	r3, [pc, #108]	@ (10001954 <pll_init+0x7c>)
100018e6:	2c00      	cmp	r4, #0
100018e8:	fbb3 f3f1 	udiv	r3, r3, r1
100018ec:	fbb2 f6f3 	udiv	r6, r2, r3
100018f0:	db1f      	blt.n	10001932 <pll_init+0x5a>
100018f2:	4a19      	ldr	r2, [pc, #100]	@ (10001958 <pll_init+0x80>)
100018f4:	4b19      	ldr	r3, [pc, #100]	@ (1000195c <pll_init+0x84>)
100018f6:	4290      	cmp	r0, r2
100018f8:	bf14      	ite	ne
100018fa:	f44f 4280 	movne.w	r2, #16384	@ 0x4000
100018fe:	f44f 4200 	moveq.w	r2, #32768	@ 0x8000
10001902:	4c17      	ldr	r4, [pc, #92]	@ (10001960 <pll_init+0x88>)
10001904:	601a      	str	r2, [r3, #0]
10001906:	f503 5380 	add.w	r3, r3, #4096	@ 0x1000
1000190a:	601a      	str	r2, [r3, #0]
1000190c:	68a3      	ldr	r3, [r4, #8]
1000190e:	ea32 0303 	bics.w	r3, r2, r3
10001912:	d1fb      	bne.n	1000190c <pll_init+0x34>
10001914:	2221      	movs	r2, #33	@ 0x21
10001916:	f500 5340 	add.w	r3, r0, #12288	@ 0x3000
1000191a:	3304      	adds	r3, #4
1000191c:	6001      	str	r1, [r0, #0]
1000191e:	6086      	str	r6, [r0, #8]
10001920:	601a      	str	r2, [r3, #0]
10001922:	6802      	ldr	r2, [r0, #0]
10001924:	2a00      	cmp	r2, #0
10001926:	dafc      	bge.n	10001922 <pll_init+0x4a>
10001928:	2208      	movs	r2, #8
1000192a:	60c5      	str	r5, [r0, #12]
1000192c:	601a      	str	r2, [r3, #0]
1000192e:	bc70      	pop	{r4, r5, r6}
10001930:	4770      	bx	lr
10001932:	6803      	ldr	r3, [r0, #0]
10001934:	f003 033f 	and.w	r3, r3, #63	@ 0x3f
10001938:	428b      	cmp	r3, r1
1000193a:	d1da      	bne.n	100018f2 <pll_init+0x1a>
1000193c:	6883      	ldr	r3, [r0, #8]
1000193e:	f3c3 030b 	ubfx	r3, r3, #0, #12
10001942:	42b3      	cmp	r3, r6
10001944:	d1d5      	bne.n	100018f2 <pll_init+0x1a>
10001946:	68c3      	ldr	r3, [r0, #12]
10001948:	f403 23ee 	and.w	r3, r3, #487424	@ 0x77000
1000194c:	42ab      	cmp	r3, r5
1000194e:	d1d0      	bne.n	100018f2 <pll_init+0x1a>
10001950:	e7ed      	b.n	1000192e <pll_init+0x56>
10001952:	bf00      	nop
10001954:	00b71b00 	.word	0x00b71b00
10001958:	40058000 	.word	0x40058000
1000195c:	40022000 	.word	0x40022000
10001960:	40020000 	.word	0x40020000

10001964 <watchdog_reboot>:
10001964:	b430      	push	{r4, r5}
10001966:	f04f 4480 	mov.w	r4, #1073741824	@ 0x40000000
1000196a:	4b1c      	ldr	r3, [pc, #112]	@ (100019dc <watchdog_reboot+0x78>)
1000196c:	601c      	str	r4, [r3, #0]
1000196e:	b1e0      	cbz	r0, 100019aa <watchdog_reboot+0x46>
10001970:	4c1b      	ldr	r4, [pc, #108]	@ (100019e0 <watchdog_reboot+0x7c>)
10001972:	f5a3 5340 	sub.w	r3, r3, #12288	@ 0x3000
10001976:	61dc      	str	r4, [r3, #28]
10001978:	4c1a      	ldr	r4, [pc, #104]	@ (100019e4 <watchdog_reboot+0x80>)
1000197a:	f040 0001 	orr.w	r0, r0, #1
1000197e:	4044      	eors	r4, r0
10001980:	621c      	str	r4, [r3, #32]
10001982:	6259      	str	r1, [r3, #36]	@ 0x24
10001984:	6298      	str	r0, [r3, #40]	@ 0x28
10001986:	f04f 4580 	mov.w	r5, #1073741824	@ 0x40000000
1000198a:	f04f 61e0 	mov.w	r1, #117440512	@ 0x7000000
1000198e:	4b13      	ldr	r3, [pc, #76]	@ (100019dc <watchdog_reboot+0x78>)
10001990:	4815      	ldr	r0, [pc, #84]	@ (100019e8 <watchdog_reboot+0x84>)
10001992:	4c16      	ldr	r4, [pc, #88]	@ (100019ec <watchdog_reboot+0x88>)
10001994:	601d      	str	r5, [r3, #0]
10001996:	6084      	str	r4, [r0, #8]
10001998:	6019      	str	r1, [r3, #0]
1000199a:	b94a      	cbnz	r2, 100019b0 <watchdog_reboot+0x4c>
1000199c:	bc30      	pop	{r4, r5}
1000199e:	f04f 4200 	mov.w	r2, #2147483648	@ 0x80000000
100019a2:	f5a3 5380 	sub.w	r3, r3, #4096	@ 0x1000
100019a6:	601a      	str	r2, [r3, #0]
100019a8:	4770      	bx	lr
100019aa:	4b11      	ldr	r3, [pc, #68]	@ (100019f0 <watchdog_reboot+0x8c>)
100019ac:	61d8      	str	r0, [r3, #28]
100019ae:	e7ea      	b.n	10001986 <watchdog_reboot+0x22>
100019b0:	f44f 737a 	mov.w	r3, #1000	@ 0x3e8
100019b4:	fb03 f202 	mul.w	r2, r3, r2
100019b8:	f1b2 7f80 	cmp.w	r2, #16777216	@ 0x1000000
100019bc:	bf2a      	itet	cs
100019be:	f06f 437f 	mvncs.w	r3, #4278190080	@ 0xff000000
100019c2:	4613      	movcc	r3, r2
100019c4:	461a      	movcs	r2, r3
100019c6:	f04f 4180 	mov.w	r1, #1073741824	@ 0x40000000
100019ca:	4c0a      	ldr	r4, [pc, #40]	@ (100019f4 <watchdog_reboot+0x90>)
100019cc:	4808      	ldr	r0, [pc, #32]	@ (100019f0 <watchdog_reboot+0x8c>)
100019ce:	6023      	str	r3, [r4, #0]
100019d0:	4b09      	ldr	r3, [pc, #36]	@ (100019f8 <watchdog_reboot+0x94>)
100019d2:	6042      	str	r2, [r0, #4]
100019d4:	bc30      	pop	{r4, r5}
100019d6:	6019      	str	r1, [r3, #0]
100019d8:	4770      	bx	lr
100019da:	bf00      	nop
100019dc:	400db000 	.word	0x400db000
100019e0:	b007c0d3 	.word	0xb007c0d3
100019e4:	4ff83f2d 	.word	0x4ff83f2d
100019e8:	4001a000 	.word	0x4001a000
100019ec:	01fffff3 	.word	0x01fffff3
100019f0:	400d8000 	.word	0x400d8000
100019f4:	200038f8 	.word	0x200038f8
100019f8:	400da000 	.word	0x400da000

100019fc <tick_start>:
100019fc:	2301      	movs	r3, #1
100019fe:	eb00 0040 	add.w	r0, r0, r0, lsl #1
10001a02:	0080      	lsls	r0, r0, #2
10001a04:	f100 4080 	add.w	r0, r0, #1073741824	@ 0x40000000
10001a08:	f500 1084 	add.w	r0, r0, #1081344	@ 0x108000
10001a0c:	6041      	str	r1, [r0, #4]
10001a0e:	6003      	str	r3, [r0, #0]
10001a10:	4770      	bx	lr
10001a12:	bf00      	nop

10001a14 <rom_reboot.constprop.0.isra.0>:
10001a14:	2300      	movs	r3, #0
10001a16:	b570      	push	{r4, r5, r6, lr}
10001a18:	8adb      	ldrh	r3, [r3, #22]
10001a1a:	4604      	mov	r4, r0
10001a1c:	460d      	mov	r5, r1
10001a1e:	2200      	movs	r2, #0
10001a20:	e842 f200 	tt	r2, r2
10001a24:	0252      	lsls	r2, r2, #9
10001a26:	bf54      	ite	pl
10001a28:	2110      	movpl	r1, #16
10001a2a:	2104      	movmi	r1, #4
10001a2c:	f244 2052 	movw	r0, #16978	@ 0x4252
10001a30:	4798      	blx	r3
10001a32:	4686      	mov	lr, r0
10001a34:	462b      	mov	r3, r5
10001a36:	4622      	mov	r2, r4
10001a38:	46f4      	mov	ip, lr
10001a3a:	e8bd 4070 	ldmia.w	sp!, {r4, r5, r6, lr}
10001a3e:	210a      	movs	r1, #10
10001a40:	f44f 7081 	mov.w	r0, #258	@ 0x102
10001a44:	4760      	bx	ip
10001a46:	bf00      	nop

10001a48 <rom_func_lookup>:
10001a48:	2300      	movs	r3, #0
10001a4a:	8adb      	ldrh	r3, [r3, #22]
10001a4c:	2200      	movs	r2, #0
10001a4e:	e842 f200 	tt	r2, r2
10001a52:	0252      	lsls	r2, r2, #9
10001a54:	d401      	bmi.n	10001a5a <rom_func_lookup+0x12>
10001a56:	2110      	movs	r1, #16
10001a58:	4718      	bx	r3
10001a5a:	2104      	movs	r1, #4
10001a5c:	4718      	bx	r3
10001a5e:	bf00      	nop

10001a60 <rom_reset_usb_boot_extra>:
10001a60:	b508      	push	{r3, lr}
10001a62:	4603      	mov	r3, r0
10001a64:	4608      	mov	r0, r1
10001a66:	1e19      	subs	r1, r3, #0
10001a68:	db02      	blt.n	10001a70 <rom_reset_usb_boot_extra+0x10>
10001a6a:	b11a      	cbz	r2, 10001a74 <rom_reset_usb_boot_extra+0x14>
10001a6c:	f040 0030 	orr.w	r0, r0, #48	@ 0x30
10001a70:	f7ff ffd0 	bl	10001a14 <rom_reboot.constprop.0.isra.0>
10001a74:	f040 0020 	orr.w	r0, r0, #32
10001a78:	e7fa      	b.n	10001a70 <rom_reset_usb_boot_extra+0x10>
10001a7a:	bf00      	nop

10001a7c <runtime_init_bootrom_locking_enable>:
10001a7c:	4a03      	ldr	r2, [pc, #12]	@ (10001a8c <runtime_init_bootrom_locking_enable+0x10>)
10001a7e:	f8d2 3828 	ldr.w	r3, [r2, #2088]	@ 0x828
10001a82:	2b00      	cmp	r3, #0
10001a84:	d0fb      	beq.n	10001a7e <runtime_init_bootrom_locking_enable+0x2>
10001a86:	f3bf 8f5f 	dmb	sy
10001a8a:	4770      	bx	lr
10001a8c:	400e0000 	.word	0x400e0000

10001a90 <runtime_init_boot_locks_reset>:
10001a90:	2100      	movs	r1, #0
10001a92:	4b04      	ldr	r3, [pc, #16]	@ (10001aa4 <runtime_init_boot_locks_reset+0x14>)
10001a94:	4a04      	ldr	r2, [pc, #16]	@ (10001aa8 <runtime_init_boot_locks_reset+0x18>)
10001a96:	f3bf 8f5f 	dmb	sy
10001a9a:	f843 1b04 	str.w	r1, [r3], #4
10001a9e:	4293      	cmp	r3, r2
10001aa0:	d1f9      	bne.n	10001a96 <runtime_init_boot_locks_reset+0x6>
10001aa2:	4770      	bx	lr
10001aa4:	400e080c 	.word	0x400e080c
10001aa8:	400e082c 	.word	0x400e082c

10001aac <xosc_init>:
10001aac:	b410      	push	{r4}
10001aae:	202f      	movs	r0, #47	@ 0x2f
10001ab0:	f44f 642a 	mov.w	r4, #2720	@ 0xaa0
10001ab4:	4a05      	ldr	r2, [pc, #20]	@ (10001acc <xosc_init+0x20>)
10001ab6:	4b06      	ldr	r3, [pc, #24]	@ (10001ad0 <xosc_init+0x24>)
10001ab8:	4906      	ldr	r1, [pc, #24]	@ (10001ad4 <xosc_init+0x28>)
10001aba:	6014      	str	r4, [r2, #0]
10001abc:	60d0      	str	r0, [r2, #12]
10001abe:	6019      	str	r1, [r3, #0]
10001ac0:	6853      	ldr	r3, [r2, #4]
10001ac2:	2b00      	cmp	r3, #0
10001ac4:	dafc      	bge.n	10001ac0 <xosc_init+0x14>
10001ac6:	f85d 4b04 	ldr.w	r4, [sp], #4
10001aca:	4770      	bx	lr
10001acc:	40048000 	.word	0x40048000
10001ad0:	4004a000 	.word	0x4004a000
10001ad4:	00fab000 	.word	0x00fab000

10001ad8 <first_per_core_initializer>:
10001ad8:	4770      	bx	lr
10001ada:	bf00      	nop

10001adc <hard_assertion_failure>:
10001adc:	b508      	push	{r3, lr}
10001ade:	4801      	ldr	r0, [pc, #4]	@ (10001ae4 <hard_assertion_failure+0x8>)
10001ae0:	f7fe fd78 	bl	100005d4 <panic>
10001ae4:	1000b494 	.word	0x1000b494

10001ae8 <runtime_run_initializers>:
10001ae8:	b538      	push	{r3, r4, r5, lr}
10001aea:	4c05      	ldr	r4, [pc, #20]	@ (10001b00 <runtime_run_initializers+0x18>)
10001aec:	4d05      	ldr	r5, [pc, #20]	@ (10001b04 <runtime_run_initializers+0x1c>)
10001aee:	42ac      	cmp	r4, r5
10001af0:	d204      	bcs.n	10001afc <runtime_run_initializers+0x14>
10001af2:	f854 3b04 	ldr.w	r3, [r4], #4
10001af6:	4798      	blx	r3
10001af8:	42ac      	cmp	r4, r5
10001afa:	d3fa      	bcc.n	10001af2 <runtime_run_initializers+0xa>
10001afc:	bd38      	pop	{r3, r4, r5, pc}
10001afe:	bf00      	nop
10001b00:	1000b2d8 	.word	0x1000b2d8
10001b04:	1000b318 	.word	0x1000b318

10001b08 <runtime_init_early_resets>:
10001b08:	b410      	push	{r4}
10001b0a:	4807      	ldr	r0, [pc, #28]	@ (10001b28 <runtime_init_early_resets+0x20>)
10001b0c:	4c07      	ldr	r4, [pc, #28]	@ (10001b2c <runtime_init_early_resets+0x24>)
10001b0e:	4b08      	ldr	r3, [pc, #32]	@ (10001b30 <runtime_init_early_resets+0x28>)
10001b10:	4a08      	ldr	r2, [pc, #32]	@ (10001b34 <runtime_init_early_resets+0x2c>)
10001b12:	4909      	ldr	r1, [pc, #36]	@ (10001b38 <runtime_init_early_resets+0x30>)
10001b14:	6004      	str	r4, [r0, #0]
10001b16:	601a      	str	r2, [r3, #0]
10001b18:	688b      	ldr	r3, [r1, #8]
10001b1a:	ea32 0303 	bics.w	r3, r2, r3
10001b1e:	d1fb      	bne.n	10001b18 <runtime_init_early_resets+0x10>
10001b20:	f85d 4b04 	ldr.w	r4, [sp], #4
10001b24:	4770      	bx	lr
10001b26:	bf00      	nop
10001b28:	40022000 	.word	0x40022000
10001b2c:	efef3b7f 	.word	0xefef3b7f
10001b30:	40023000 	.word	0x40023000
10001b34:	03f3fff6 	.word	0x03f3fff6
10001b38:	40020000 	.word	0x40020000

10001b3c <runtime_init_usb_power_down>:
10001b3c:	4b04      	ldr	r3, [pc, #16]	@ (10001b50 <runtime_init_usb_power_down+0x14>)
10001b3e:	6cdb      	ldr	r3, [r3, #76]	@ 0x4c
10001b40:	f5b3 4f00 	cmp.w	r3, #32768	@ 0x8000
10001b44:	d103      	bne.n	10001b4e <runtime_init_usb_power_down+0x12>
10001b46:	f44f 2280 	mov.w	r2, #262144	@ 0x40000
10001b4a:	4b02      	ldr	r3, [pc, #8]	@ (10001b54 <runtime_init_usb_power_down+0x18>)
10001b4c:	64da      	str	r2, [r3, #76]	@ 0x4c
10001b4e:	4770      	bx	lr
10001b50:	50110000 	.word	0x50110000
10001b54:	50112000 	.word	0x50112000

10001b58 <runtime_init_per_core_enable_coprocessors>:
10001b58:	f04f 22e0 	mov.w	r2, #3758153728	@ 0xe000e000
10001b5c:	4b04      	ldr	r3, [pc, #16]	@ (10001b70 <runtime_init_per_core_enable_coprocessors+0x18>)
10001b5e:	f8d2 1d88 	ldr.w	r1, [r2, #3464]	@ 0xd88
10001b62:	430b      	orrs	r3, r1
10001b64:	f8c2 3d88 	str.w	r3, [r2, #3464]	@ 0xd88
10001b68:	ee10 0430 	dcp_rcmp r0
10001b6c:	4770      	bx	lr
10001b6e:	bf00      	nop
10001b70:	00300303 	.word	0x00300303

10001b74 <runtime_init_post_clock_resets>:
10001b74:	f06f 4160 	mvn.w	r1, #3758096384	@ 0xe0000000
10001b78:	4b04      	ldr	r3, [pc, #16]	@ (10001b8c <runtime_init_post_clock_resets+0x18>)
10001b7a:	4a05      	ldr	r2, [pc, #20]	@ (10001b90 <runtime_init_post_clock_resets+0x1c>)
10001b7c:	6019      	str	r1, [r3, #0]
10001b7e:	6893      	ldr	r3, [r2, #8]
10001b80:	43db      	mvns	r3, r3
10001b82:	f033 4360 	bics.w	r3, r3, #3758096384	@ 0xe0000000
10001b86:	d1fa      	bne.n	10001b7e <runtime_init_post_clock_resets+0xa>
10001b88:	4770      	bx	lr
10001b8a:	bf00      	nop
10001b8c:	40023000 	.word	0x40023000
10001b90:	40020000 	.word	0x40020000

10001b94 <runtime_init_bootrom_reset>:
10001b94:	b510      	push	{r4, lr}
10001b96:	f245 2053 	movw	r0, #21075	@ 0x5253
10001b9a:	f7ff ff55 	bl	10001a48 <rom_func_lookup>
10001b9e:	e8bd 4010 	ldmia.w	sp!, {r4, lr}
10001ba2:	4603      	mov	r3, r0
10001ba4:	2004      	movs	r0, #4
10001ba6:	4718      	bx	r3

10001ba8 <runtime_init_per_core_bootrom_reset>:
10001ba8:	b510      	push	{r4, lr}
10001baa:	f245 2053 	movw	r0, #21075	@ 0x5253
10001bae:	f7ff ff4b 	bl	10001a48 <rom_func_lookup>
10001bb2:	e8bd 4010 	ldmia.w	sp!, {r4, lr}
10001bb6:	4603      	mov	r3, r0
10001bb8:	2001      	movs	r0, #1
10001bba:	4718      	bx	r3

10001bbc <runtime_init_spin_locks_reset>:
10001bbc:	f7fe bddc 	b.w	10000778 <spin_locks_reset>

10001bc0 <runtime_init_install_ram_vector_table>:
10001bc0:	b510      	push	{r4, lr}
10001bc2:	4b05      	ldr	r3, [pc, #20]	@ (10001bd8 <runtime_init_install_ram_vector_table+0x18>)
10001bc4:	4c05      	ldr	r4, [pc, #20]	@ (10001bdc <runtime_init_install_ram_vector_table+0x1c>)
10001bc6:	f44f 7288 	mov.w	r2, #272	@ 0x110
10001bca:	4618      	mov	r0, r3
10001bcc:	68a1      	ldr	r1, [r4, #8]
10001bce:	f009 f81d 	bl	1000ac0c <memcpy>
10001bd2:	60a0      	str	r0, [r4, #8]
10001bd4:	bd10      	pop	{r4, pc}
10001bd6:	bf00      	nop
10001bd8:	20000000 	.word	0x20000000
10001bdc:	e000ed00 	.word	0xe000ed00

10001be0 <runtime_init_clocks>:
10001be0:	2300      	movs	r3, #0
10001be2:	b570      	push	{r4, r5, r6, lr}
10001be4:	4c2b      	ldr	r4, [pc, #172]	@ (10001c94 <runtime_init_clocks+0xb4>)
10001be6:	b082      	sub	sp, #8
10001be8:	f8c4 3084 	str.w	r3, [r4, #132]	@ 0x84
10001bec:	f7ff ff5e 	bl	10001aac <xosc_init>
10001bf0:	2201      	movs	r2, #1
10001bf2:	4b29      	ldr	r3, [pc, #164]	@ (10001c98 <runtime_init_clocks+0xb8>)
10001bf4:	63da      	str	r2, [r3, #60]	@ 0x3c
10001bf6:	6c63      	ldr	r3, [r4, #68]	@ 0x44
10001bf8:	2b01      	cmp	r3, #1
10001bfa:	d1fc      	bne.n	10001bf6 <runtime_init_clocks+0x16>
10001bfc:	2103      	movs	r1, #3
10001bfe:	4a26      	ldr	r2, [pc, #152]	@ (10001c98 <runtime_init_clocks+0xb8>)
10001c00:	4b24      	ldr	r3, [pc, #144]	@ (10001c94 <runtime_init_clocks+0xb4>)
10001c02:	6311      	str	r1, [r2, #48]	@ 0x30
10001c04:	6b9c      	ldr	r4, [r3, #56]	@ 0x38
10001c06:	2c01      	cmp	r4, #1
10001c08:	d1fc      	bne.n	10001c04 <runtime_init_clocks+0x24>
10001c0a:	2602      	movs	r6, #2
10001c0c:	2505      	movs	r5, #5
10001c0e:	4621      	mov	r1, r4
10001c10:	2305      	movs	r3, #5
10001c12:	4a22      	ldr	r2, [pc, #136]	@ (10001c9c <runtime_init_clocks+0xbc>)
10001c14:	4822      	ldr	r0, [pc, #136]	@ (10001ca0 <runtime_init_clocks+0xc0>)
10001c16:	9600      	str	r6, [sp, #0]
10001c18:	f7ff fe5e 	bl	100018d8 <pll_init>
10001c1c:	4621      	mov	r1, r4
10001c1e:	462b      	mov	r3, r5
10001c20:	4a20      	ldr	r2, [pc, #128]	@ (10001ca4 <runtime_init_clocks+0xc4>)
10001c22:	4821      	ldr	r0, [pc, #132]	@ (10001ca8 <runtime_init_clocks+0xc8>)
10001c24:	9500      	str	r5, [sp, #0]
10001c26:	f7ff fe57 	bl	100018d8 <pll_init>
10001c2a:	2200      	movs	r2, #0
10001c2c:	2004      	movs	r0, #4
10001c2e:	4631      	mov	r1, r6
10001c30:	4b1e      	ldr	r3, [pc, #120]	@ (10001cac <runtime_init_clocks+0xcc>)
10001c32:	f7ff fde3 	bl	100017fc <clock_configure_undivided>
10001c36:	4621      	mov	r1, r4
10001c38:	4628      	mov	r0, r5
10001c3a:	2200      	movs	r2, #0
10001c3c:	4b1c      	ldr	r3, [pc, #112]	@ (10001cb0 <runtime_init_clocks+0xd0>)
10001c3e:	f7ff fddd 	bl	100017fc <clock_configure_undivided>
10001c42:	2200      	movs	r2, #0
10001c44:	2008      	movs	r0, #8
10001c46:	4611      	mov	r1, r2
10001c48:	4b1a      	ldr	r3, [pc, #104]	@ (10001cb4 <runtime_init_clocks+0xd4>)
10001c4a:	f7ff fdd7 	bl	100017fc <clock_configure_undivided>
10001c4e:	2200      	movs	r2, #0
10001c50:	2009      	movs	r0, #9
10001c52:	4611      	mov	r1, r2
10001c54:	4b17      	ldr	r3, [pc, #92]	@ (10001cb4 <runtime_init_clocks+0xd4>)
10001c56:	f7ff fdd1 	bl	100017fc <clock_configure_undivided>
10001c5a:	2200      	movs	r2, #0
10001c5c:	2006      	movs	r0, #6
10001c5e:	4611      	mov	r1, r2
10001c60:	4b13      	ldr	r3, [pc, #76]	@ (10001cb0 <runtime_init_clocks+0xd0>)
10001c62:	f7ff fdcb 	bl	100017fc <clock_configure_undivided>
10001c66:	2200      	movs	r2, #0
10001c68:	4b11      	ldr	r3, [pc, #68]	@ (10001cb0 <runtime_init_clocks+0xd0>)
10001c6a:	2007      	movs	r0, #7
10001c6c:	4611      	mov	r1, r2
10001c6e:	f7ff fdc5 	bl	100017fc <clock_configure_undivided>
10001c72:	2004      	movs	r0, #4
10001c74:	f7ff fe2a 	bl	100018cc <clock_get_hz>
10001c78:	2400      	movs	r4, #0
10001c7a:	4b0f      	ldr	r3, [pc, #60]	@ (10001cb8 <runtime_init_clocks+0xd8>)
10001c7c:	fba3 3500 	umull	r3, r5, r3, r0
10001c80:	0cad      	lsrs	r5, r5, #18
10001c82:	b2e0      	uxtb	r0, r4
10001c84:	4629      	mov	r1, r5
10001c86:	3401      	adds	r4, #1
10001c88:	f7ff feb8 	bl	100019fc <tick_start>
10001c8c:	2c06      	cmp	r4, #6
10001c8e:	d1f8      	bne.n	10001c82 <runtime_init_clocks+0xa2>
10001c90:	b002      	add	sp, #8
10001c92:	bd70      	pop	{r4, r5, r6, pc}
10001c94:	40010000 	.word	0x40010000
10001c98:	40013000 	.word	0x40013000
10001c9c:	59682f00 	.word	0x59682f00
10001ca0:	40050000 	.word	0x40050000
10001ca4:	47868c00 	.word	0x47868c00
10001ca8:	40058000 	.word	0x40058000
10001cac:	00b71b00 	.word	0x00b71b00
10001cb0:	08f0d180 	.word	0x08f0d180
10001cb4:	02dc6c00 	.word	0x02dc6c00
10001cb8:	431bde83 	.word	0x431bde83

10001cbc <generic_save_state>:
10001cbc:	b086      	sub	sp, #24
10001cbe:	b403      	push	{r0, r1}
10001cc0:	fc51 0408 	dcp_pxmd r0, r1
10001cc4:	e9cd 0102 	strd	r0, r1, [sp, #8]
10001cc8:	fc51 0409 	dcp_pymd r0, r1
10001ccc:	e9cd 0104 	strd	r0, r1, [sp, #16]
10001cd0:	ec51 040a 	dcp_refd r0, r1
10001cd4:	e9cd 0106 	strd	r0, r1, [sp, #24]
10001cd8:	bc03      	pop	{r0, r1}
10001cda:	47f0      	blx	lr

10001cdc <generic_restore_state>:
10001cdc:	e8bd 5000 	ldmia.w	sp!, {ip, lr}
10001ce0:	ec4e c400 	dcp_wxmd ip, lr
10001ce4:	e8bd 5000 	ldmia.w	sp!, {ip, lr}
10001ce8:	ec4e c401 	dcp_wymd ip, lr
10001cec:	e8bd 5000 	ldmia.w	sp!, {ip, lr}
10001cf0:	ec4e c402 	dcp_wefd ip, lr
10001cf4:	bd00      	pop	{pc}
10001cf6:	0000      	movs	r0, r0
10001cf8:	b500      	push	{lr}
10001cfa:	f7ff ffdf 	bl	10001cbc <generic_save_state>
10001cfe:	e002      	b.n	10001d06 <__wrap___aeabi_dadd+0x6>

10001d00 <__wrap___aeabi_dadd>:
10001d00:	fe10 f430 	dcp_pcmp APSR_nzcv
10001d04:	d4f8      	bmi.n	10001cf8 <generic_restore_state+0x1c>
10001d06:	ec41 0410 	dcp_wxup r0, r1
10001d0a:	ec43 2411 	dcp_wyup r2, r3
10001d0e:	ee00 0401 	dcp_add0
10001d12:	ee10 0401 	dcp_add1
10001d16:	ee80 0420 	dcp_nrdd
10001d1a:	ec51 0410 	dcp_rdda r0, r1
10001d1e:	4770      	bx	lr
10001d20:	b500      	push	{lr}
10001d22:	f7ff ffcb 	bl	10001cbc <generic_save_state>
10001d26:	e002      	b.n	10001d2e <__wrap___aeabi_dsub+0x6>

10001d28 <__wrap___aeabi_dsub>:
10001d28:	fe10 f430 	dcp_pcmp APSR_nzcv
10001d2c:	d4f8      	bmi.n	10001d20 <__wrap___aeabi_dadd+0x20>
10001d2e:	ec41 0410 	dcp_wxup r0, r1
10001d32:	ec43 2411 	dcp_wyup r2, r3
10001d36:	ee00 0401 	dcp_add0
10001d3a:	ee10 0421 	dcp_sub1
10001d3e:	ee80 0420 	dcp_nrdd
10001d42:	ec51 0430 	dcp_rdds r0, r1
10001d46:	4770      	bx	lr
10001d48:	b500      	push	{lr}
10001d4a:	f7ff ffb7 	bl	10001cbc <generic_save_state>
10001d4e:	e002      	b.n	10001d56 <__wrap___aeabi_dmul+0x6>

10001d50 <__wrap___aeabi_dmul>:
10001d50:	fe10 f430 	dcp_pcmp APSR_nzcv
10001d54:	d4f8      	bmi.n	10001d48 <__wrap___aeabi_dsub+0x20>
10001d56:	b510      	push	{r4, lr}
10001d58:	ec41 0410 	dcp_wxup r0, r1
10001d5c:	ec43 2411 	dcp_wyup r2, r3
10001d60:	ec51 0404 	dcp_rxms r0, r1, #0x0
10001d64:	ec53 2405 	dcp_ryms r2, r3, #0x0
10001d68:	fba0 4c02 	umull	r4, ip, r0, r2
10001d6c:	f05f 0e00 	movs.w	lr, #0
10001d70:	fbe0 ce03 	umlal	ip, lr, r0, r3
10001d74:	fbe1 ce02 	umlal	ip, lr, r1, r2
10001d78:	ec4c 4420 	dcp_wxms r4, ip
10001d7c:	2400      	movs	r4, #0
10001d7e:	fbe1 e403 	umlal	lr, r4, r1, r3
10001d82:	ec44 e430 	dcp_wxmo lr, r4
10001d86:	ee80 0420 	dcp_nrdd
10001d8a:	ec51 0450 	dcp_rddm r0, r1
10001d8e:	e8bd 4010 	ldmia.w	sp!, {r4, lr}
10001d92:	4770      	bx	lr
10001d94:	b500      	push	{lr}
10001d96:	f7ff ff91 	bl	10001cbc <generic_save_state>
10001d9a:	e002      	b.n	10001da2 <__wrap___aeabi_ddiv+0x6>

10001d9c <__wrap___aeabi_ddiv>:
10001d9c:	fe10 f430 	dcp_pcmp APSR_nzcv
10001da0:	d4f8      	bmi.n	10001d94 <__wrap___aeabi_dmul+0x44>
10001da2:	ec41 0410 	dcp_wxup r0, r1
10001da6:	ec43 2411 	dcp_wyup r2, r3
10001daa:	ec51 0421 	dcp_rymr r0, r1
10001dae:	fba0 1201 	umull	r1, r2, r0, r1
10001db2:	ea6f 0282 	mvn.w	r2, r2, lsl #2
10001db6:	fb52 0010 	smmlar	r0, r2, r0, r0
10001dba:	fb52 f212 	smmulr	r2, r2, r2
10001dbe:	fb52 0010 	smmlar	r0, r2, r0, r0
10001dc2:	eba0 7cd0 	sub.w	ip, r0, r0, lsr #31
10001dc6:	ec53 2404 	dcp_rxms r2, r3, #0x0
10001dca:	fb5c f113 	smmulr	r1, ip, r3
10001dce:	ec53 2415 	dcp_ryms r2, r3, #0x1
10001dd2:	fba1 2002 	umull	r2, r0, r1, r2
10001dd6:	fb01 0003 	mla	r0, r1, r3, r0
10001dda:	ec53 2444 	dcp_rxms r2, r3, #0x4
10001dde:	eba2 0000 	sub.w	r0, r2, r0
10001de2:	fb50 f21c 	smmulr	r2, r0, ip
10001de6:	ea4f 1311 	mov.w	r3, r1, lsr #4
10001dea:	eb12 7001 	adds.w	r0, r2, r1, lsl #28
10001dee:	eb43 71e2 	adc.w	r1, r3, r2, asr #31
10001df2:	ea40 5051 	orr.w	r0, r0, r1, lsr #21
10001df6:	ea20 5091 	bic.w	r0, r0, r1, lsr #22
10001dfa:	f020 0007 	bic.w	r0, r0, #7
10001dfe:	ec53 2475 	dcp_ryms r2, r3, #0x7
10001e02:	fba0 3c02 	umull	r3, ip, r0, r2
10001e06:	ec53 2475 	dcp_ryms r2, r3, #0x7
10001e0a:	fb00 cc03 	mla	ip, r0, r3, ip
10001e0e:	fb01 cc02 	mla	ip, r1, r2, ip
10001e12:	ec53 2404 	dcp_rxms r2, r3, #0x0
10001e16:	ebac 4c82 	sub.w	ip, ip, r2, lsl #18
10001e1a:	ea40 705c 	orr.w	r0, r0, ip, lsr #29
10001e1e:	f1a0 0001 	sub.w	r0, r0, #1
10001e22:	ec41 0440 	dcp_wxdd r0, r1
10001e26:	ee80 0420 	dcp_nrdd
10001e2a:	ec51 0470 	dcp_rddd r0, r1
10001e2e:	4770      	bx	lr
10001e30:	b500      	push	{lr}
10001e32:	f7ff ff43 	bl	10001cbc <generic_save_state>
10001e36:	e002      	b.n	10001e3e <__wrap___aeabi_i2d+0x6>

10001e38 <__wrap___aeabi_i2d>:
10001e38:	fe10 f430 	dcp_pcmp APSR_nzcv
10001e3c:	d4f8      	bmi.n	10001e30 <__wrap___aeabi_ddiv+0x94>
10001e3e:	ec40 0470 	dcp_wxic r0, r0
10001e42:	ee00 0401 	dcp_add0
10001e46:	ee10 0421 	dcp_sub1
10001e4a:	ee80 0420 	dcp_nrdd
10001e4e:	ec51 0430 	dcp_rdds r0, r1
10001e52:	4770      	bx	lr
10001e54:	b500      	push	{lr}
10001e56:	f7ff ff31 	bl	10001cbc <generic_save_state>
10001e5a:	e002      	b.n	10001e62 <__wrap___aeabi_ui2d+0x6>

10001e5c <__wrap___aeabi_ui2d>:
10001e5c:	fe10 f430 	dcp_pcmp APSR_nzcv
10001e60:	d4f8      	bmi.n	10001e54 <__wrap___aeabi_i2d+0x1c>
10001e62:	ec40 0460 	dcp_wxuc r0, r0
10001e66:	ee00 0401 	dcp_add0
10001e6a:	ee10 0421 	dcp_sub1
10001e6e:	ee80 0420 	dcp_nrdd
10001e72:	ec51 0430 	dcp_rdds r0, r1
10001e76:	4770      	bx	lr
10001e78:	b500      	push	{lr}
10001e7a:	f7ff ff1f 	bl	10001cbc <generic_save_state>
10001e7e:	e002      	b.n	10001e86 <__wrap___aeabi_d2iz+0x6>

10001e80 <__wrap___aeabi_d2iz>:
10001e80:	fe10 f430 	dcp_pcmp APSR_nzcv
10001e84:	d4f8      	bmi.n	10001e78 <__wrap___aeabi_ui2d+0x1c>
10001e86:	ec41 0480 	dcp_wxdc r0, r1
10001e8a:	ee00 0401 	dcp_add0
10001e8e:	ee10 0401 	dcp_add1
10001e92:	ee80 0440 	dcp_ntdc
10001e96:	ee10 0413 	dcp_rdic r0
10001e9a:	4770      	bx	lr
10001e9c:	b500      	push	{lr}
10001e9e:	f7ff ff0d 	bl	10001cbc <generic_save_state>
10001ea2:	e002      	b.n	10001eaa <__wrap___aeabi_d2uiz+0x6>

10001ea4 <__wrap___aeabi_d2uiz>:
10001ea4:	fe10 f430 	dcp_pcmp APSR_nzcv
10001ea8:	d4f8      	bmi.n	10001e9c <__wrap___aeabi_d2iz+0x1c>
10001eaa:	ec41 0480 	dcp_wxdc r0, r1
10001eae:	ee00 0401 	dcp_add0
10001eb2:	ee10 0401 	dcp_add1
10001eb6:	ee80 0440 	dcp_ntdc
10001eba:	ee10 0433 	dcp_rduc r0
10001ebe:	4770      	bx	lr
10001ec0:	b500      	push	{lr}
10001ec2:	f7ff fefb 	bl	10001cbc <generic_save_state>
10001ec6:	e002      	b.n	10001ece <__wrap___aeabi_dcmpun+0x6>

10001ec8 <__wrap___aeabi_dcmpun>:
10001ec8:	fe10 f430 	dcp_pcmp APSR_nzcv
10001ecc:	d4f8      	bmi.n	10001ec0 <__wrap___aeabi_d2uiz+0x1c>
10001ece:	ec41 0410 	dcp_wxup r0, r1
10001ed2:	ec43 2411 	dcp_wyup r2, r3
10001ed6:	ee00 0401 	dcp_add0
10001eda:	ee10 0430 	dcp_rcmp r0
10001ede:	f3c0 7000 	ubfx	r0, r0, #28, #1
10001ee2:	4770      	bx	lr
10001ee4:	b500      	push	{lr}
10001ee6:	f7ff fee9 	bl	10001cbc <generic_save_state>
10001eea:	e002      	b.n	10001ef2 <__wrap___aeabi_dcmplt+0x6>

10001eec <__wrap___aeabi_dcmplt>:
10001eec:	fe10 f430 	dcp_pcmp APSR_nzcv
10001ef0:	d4f8      	bmi.n	10001ee4 <__wrap___aeabi_dcmpun+0x1c>
10001ef2:	ec43 2410 	dcp_wxup r2, r3
10001ef6:	ec41 0411 	dcp_wyup r0, r1
10001efa:	ee00 0401 	dcp_add0
10001efe:	ee10 f430 	dcp_rcmp APSR_nzcv
10001f02:	bf8c      	ite	hi
10001f04:	2001      	movhi	r0, #1
10001f06:	2000      	movls	r0, #0
10001f08:	4770      	bx	lr
10001f0a:	bf00      	nop
10001f0c:	b500      	push	{lr}
10001f0e:	f7ff fed5 	bl	10001cbc <generic_save_state>
10001f12:	e002      	b.n	10001f1a <__wrap___aeabi_dcmpge+0x6>

10001f14 <__wrap___aeabi_dcmpge>:
10001f14:	fe10 f430 	dcp_pcmp APSR_nzcv
10001f18:	d4f8      	bmi.n	10001f0c <__wrap___aeabi_dcmplt+0x20>
10001f1a:	ec41 0410 	dcp_wxup r0, r1
10001f1e:	ec43 2411 	dcp_wyup r2, r3
10001f22:	ee00 0401 	dcp_add0
10001f26:	ee10 f430 	dcp_rcmp APSR_nzcv
10001f2a:	bf2c      	ite	cs
10001f2c:	2001      	movcs	r0, #1
10001f2e:	2000      	movcc	r0, #0
10001f30:	4770      	bx	lr
10001f32:	bf00      	nop
10001f34:	b500      	push	{lr}
10001f36:	f7ff fec1 	bl	10001cbc <generic_save_state>
10001f3a:	e002      	b.n	10001f42 <__wrap___aeabi_dcmpgt+0x6>

10001f3c <__wrap___aeabi_dcmpgt>:
10001f3c:	fe10 f430 	dcp_pcmp APSR_nzcv
10001f40:	d4f8      	bmi.n	10001f34 <__wrap___aeabi_dcmpge+0x20>
10001f42:	ec41 0410 	dcp_wxup r0, r1
10001f46:	ec43 2411 	dcp_wyup r2, r3
10001f4a:	ee00 0401 	dcp_add0
10001f4e:	ee10 f430 	dcp_rcmp APSR_nzcv
10001f52:	bf8c      	ite	hi
10001f54:	2001      	movhi	r0, #1
10001f56:	2000      	movls	r0, #0
10001f58:	4770      	bx	lr
10001f5a:	bf00      	nop

10001f5c <__wrap_malloc>:
10001f5c:	b538      	push	{r3, r4, r5, lr}
10001f5e:	4604      	mov	r4, r0
10001f60:	4809      	ldr	r0, [pc, #36]	@ (10001f88 <__wrap_malloc+0x2c>)
10001f62:	f009 f999 	bl	1000b298 <__mutex_enter_blocking_veneer>
10001f66:	4620      	mov	r0, r4
10001f68:	f008 fe40 	bl	1000abec <malloc>
10001f6c:	4605      	mov	r5, r0
10001f6e:	4806      	ldr	r0, [pc, #24]	@ (10001f88 <__wrap_malloc+0x2c>)
10001f70:	f009 f97e 	bl	1000b270 <__mutex_exit_veneer>
10001f74:	b12d      	cbz	r5, 10001f82 <__wrap_malloc+0x26>
10001f76:	4b05      	ldr	r3, [pc, #20]	@ (10001f8c <__wrap_malloc+0x30>)
10001f78:	442c      	add	r4, r5
10001f7a:	429c      	cmp	r4, r3
10001f7c:	d801      	bhi.n	10001f82 <__wrap_malloc+0x26>
10001f7e:	4628      	mov	r0, r5
10001f80:	bd38      	pop	{r3, r4, r5, pc}
10001f82:	4803      	ldr	r0, [pc, #12]	@ (10001f90 <__wrap_malloc+0x34>)
10001f84:	f7fe fb26 	bl	100005d4 <panic>
10001f88:	20002824 	.word	0x20002824
10001f8c:	20080000 	.word	0x20080000
10001f90:	1000b4a0 	.word	0x1000b4a0

10001f94 <__wrap_free>:
10001f94:	b538      	push	{r3, r4, r5, lr}
10001f96:	4604      	mov	r4, r0
10001f98:	4d05      	ldr	r5, [pc, #20]	@ (10001fb0 <__wrap_free+0x1c>)
10001f9a:	4628      	mov	r0, r5
10001f9c:	f009 f97c 	bl	1000b298 <__mutex_enter_blocking_veneer>
10001fa0:	4620      	mov	r0, r4
10001fa2:	f008 fe2b 	bl	1000abfc <free>
10001fa6:	4628      	mov	r0, r5
10001fa8:	e8bd 4038 	ldmia.w	sp!, {r3, r4, r5, lr}
10001fac:	f009 b960 	b.w	1000b270 <__mutex_exit_veneer>
10001fb0:	20002824 	.word	0x20002824

10001fb4 <_out_null>:
10001fb4:	4770      	bx	lr
10001fb6:	bf00      	nop

10001fb8 <_out_rev>:
10001fb8:	e92d 4ff0 	stmdb	sp!, {r4, r5, r6, r7, r8, r9, sl, fp, lr}
10001fbc:	b083      	sub	sp, #12
10001fbe:	4699      	mov	r9, r3
10001fc0:	e9dd ab0d 	ldrd	sl, fp, [sp, #52]	@ 0x34
10001fc4:	9b0f      	ldr	r3, [sp, #60]	@ 0x3c
10001fc6:	4688      	mov	r8, r1
10001fc8:	4611      	mov	r1, r2
10001fca:	079a      	lsls	r2, r3, #30
10001fcc:	4607      	mov	r7, r0
10001fce:	d116      	bne.n	10001ffe <_out_rev+0x46>
10001fd0:	45da      	cmp	sl, fp
10001fd2:	d23a      	bcs.n	1000204a <_out_rev+0x92>
10001fd4:	460c      	mov	r4, r1
10001fd6:	460d      	mov	r5, r1
10001fd8:	ebab 060a 	sub.w	r6, fp, sl
10001fdc:	440e      	add	r6, r1
10001fde:	4622      	mov	r2, r4
10001fe0:	464b      	mov	r3, r9
10001fe2:	4641      	mov	r1, r8
10001fe4:	2020      	movs	r0, #32
10001fe6:	3401      	adds	r4, #1
10001fe8:	47b8      	blx	r7
10001fea:	42b4      	cmp	r4, r6
10001fec:	d1f7      	bne.n	10001fde <_out_rev+0x26>
10001fee:	4629      	mov	r1, r5
10001ff0:	f1ba 0f00 	cmp.w	sl, #0
10001ff4:	d108      	bne.n	10002008 <_out_rev+0x50>
10001ff6:	4620      	mov	r0, r4
10001ff8:	b003      	add	sp, #12
10001ffa:	e8bd 8ff0 	ldmia.w	sp!, {r4, r5, r6, r7, r8, r9, sl, fp, pc}
10001ffe:	460c      	mov	r4, r1
10002000:	f1ba 0f00 	cmp.w	sl, #0
10002004:	d010      	beq.n	10002028 <_out_rev+0x70>
10002006:	460e      	mov	r6, r1
10002008:	4655      	mov	r5, sl
1000200a:	9b0c      	ldr	r3, [sp, #48]	@ 0x30
1000200c:	442e      	add	r6, r5
1000200e:	449a      	add	sl, r3
10002010:	9101      	str	r1, [sp, #4]
10002012:	1b72      	subs	r2, r6, r5
10002014:	464b      	mov	r3, r9
10002016:	3d01      	subs	r5, #1
10002018:	4641      	mov	r1, r8
1000201a:	f81a 0d01 	ldrb.w	r0, [sl, #-1]!
1000201e:	4634      	mov	r4, r6
10002020:	47b8      	blx	r7
10002022:	2d00      	cmp	r5, #0
10002024:	d1f5      	bne.n	10002012 <_out_rev+0x5a>
10002026:	9901      	ldr	r1, [sp, #4]
10002028:	9b0f      	ldr	r3, [sp, #60]	@ 0x3c
1000202a:	079b      	lsls	r3, r3, #30
1000202c:	d5e3      	bpl.n	10001ff6 <_out_rev+0x3e>
1000202e:	1a65      	subs	r5, r4, r1
10002030:	45ab      	cmp	fp, r5
10002032:	d9e0      	bls.n	10001ff6 <_out_rev+0x3e>
10002034:	4622      	mov	r2, r4
10002036:	464b      	mov	r3, r9
10002038:	4641      	mov	r1, r8
1000203a:	2020      	movs	r0, #32
1000203c:	3501      	adds	r5, #1
1000203e:	47b8      	blx	r7
10002040:	455d      	cmp	r5, fp
10002042:	f104 0401 	add.w	r4, r4, #1
10002046:	d3f5      	bcc.n	10002034 <_out_rev+0x7c>
10002048:	e7d5      	b.n	10001ff6 <_out_rev+0x3e>
1000204a:	f1ba 0f00 	cmp.w	sl, #0
1000204e:	d1da      	bne.n	10002006 <_out_rev+0x4e>
10002050:	460c      	mov	r4, r1
10002052:	e7d0      	b.n	10001ff6 <_out_rev+0x3e>

10002054 <_ntoa_format>:
10002054:	e92d 4ff0 	stmdb	sp!, {r4, r5, r6, r7, r8, r9, sl, fp, lr}
10002058:	9f0f      	ldr	r7, [sp, #60]	@ 0x3c
1000205a:	f8dd e024 	ldr.w	lr, [sp, #36]	@ 0x24
1000205e:	f017 0f02 	tst.w	r7, #2
10002062:	9c0a      	ldr	r4, [sp, #40]	@ 0x28
10002064:	f89d 902c 	ldrb.w	r9, [sp, #44]	@ 0x2c
10002068:	9d0e      	ldr	r5, [sp, #56]	@ 0x38
1000206a:	e9dd 860c 	ldrd	r8, r6, [sp, #48]	@ 0x30
1000206e:	d129      	bne.n	100020c4 <_ntoa_format+0x70>
10002070:	2d00      	cmp	r5, #0
10002072:	d16f      	bne.n	10002154 <_ntoa_format+0x100>
10002074:	42b4      	cmp	r4, r6
10002076:	d225      	bcs.n	100020c4 <_ntoa_format+0x70>
10002078:	2c20      	cmp	r4, #32
1000207a:	f007 0b01 	and.w	fp, r7, #1
1000207e:	f000 8112 	beq.w	100022a6 <_ntoa_format+0x252>
10002082:	f104 3cff 	add.w	ip, r4, #4294967295	@ 0xffffffff
10002086:	f04f 0a30 	mov.w	sl, #48	@ 0x30
1000208a:	44f4      	add	ip, lr
1000208c:	e001      	b.n	10002092 <_ntoa_format+0x3e>
1000208e:	2c20      	cmp	r4, #32
10002090:	d07a      	beq.n	10002188 <_ntoa_format+0x134>
10002092:	3401      	adds	r4, #1
10002094:	42a6      	cmp	r6, r4
10002096:	f80c af01 	strb.w	sl, [ip, #1]!
1000209a:	d8f8      	bhi.n	1000208e <_ntoa_format+0x3a>
1000209c:	f1bb 0f00 	cmp.w	fp, #0
100020a0:	d010      	beq.n	100020c4 <_ntoa_format+0x70>
100020a2:	42ac      	cmp	r4, r5
100020a4:	d20e      	bcs.n	100020c4 <_ntoa_format+0x70>
100020a6:	2c20      	cmp	r4, #32
100020a8:	d074      	beq.n	10002194 <_ntoa_format+0x140>
100020aa:	f104 3cff 	add.w	ip, r4, #4294967295	@ 0xffffffff
100020ae:	f04f 0a30 	mov.w	sl, #48	@ 0x30
100020b2:	44f4      	add	ip, lr
100020b4:	e001      	b.n	100020ba <_ntoa_format+0x66>
100020b6:	2c20      	cmp	r4, #32
100020b8:	d029      	beq.n	1000210e <_ntoa_format+0xba>
100020ba:	3401      	adds	r4, #1
100020bc:	42ac      	cmp	r4, r5
100020be:	f80c af01 	strb.w	sl, [ip, #1]!
100020c2:	d1f8      	bne.n	100020b6 <_ntoa_format+0x62>
100020c4:	f017 0f10 	tst.w	r7, #16
100020c8:	d03a      	beq.n	10002140 <_ntoa_format+0xec>
100020ca:	f417 6f80 	tst.w	r7, #1024	@ 0x400
100020ce:	d128      	bne.n	10002122 <_ntoa_format+0xce>
100020d0:	bb1c      	cbnz	r4, 1000211a <_ntoa_format+0xc6>
100020d2:	f1b8 0f10 	cmp.w	r8, #16
100020d6:	f000 80ca 	beq.w	1000226e <_ntoa_format+0x21a>
100020da:	f1b8 0f02 	cmp.w	r8, #2
100020de:	f000 80d4 	beq.w	1000228a <_ntoa_format+0x236>
100020e2:	2430      	movs	r4, #48	@ 0x30
100020e4:	f88e 4000 	strb.w	r4, [lr]
100020e8:	2401      	movs	r4, #1
100020ea:	f1b9 0f00 	cmp.w	r9, #0
100020ee:	d167      	bne.n	100021c0 <_ntoa_format+0x16c>
100020f0:	077e      	lsls	r6, r7, #29
100020f2:	f140 80aa 	bpl.w	1000224a <_ntoa_format+0x1f6>
100020f6:	262b      	movs	r6, #43	@ 0x2b
100020f8:	f80e 6004 	strb.w	r6, [lr, r4]
100020fc:	3401      	adds	r4, #1
100020fe:	e9cd 570b 	strd	r5, r7, [sp, #44]	@ 0x2c
10002102:	e9cd e409 	strd	lr, r4, [sp, #36]	@ 0x24
10002106:	e8bd 4ff0 	ldmia.w	sp!, {r4, r5, r6, r7, r8, r9, sl, fp, lr}
1000210a:	f7ff bf55 	b.w	10001fb8 <_out_rev>
1000210e:	06fc      	lsls	r4, r7, #27
10002110:	f140 8089 	bpl.w	10002226 <_ntoa_format+0x1d2>
10002114:	057c      	lsls	r4, r7, #21
10002116:	d435      	bmi.n	10002184 <_ntoa_format+0x130>
10002118:	2420      	movs	r4, #32
1000211a:	42a6      	cmp	r6, r4
1000211c:	d06a      	beq.n	100021f4 <_ntoa_format+0x1a0>
1000211e:	42ac      	cmp	r4, r5
10002120:	d068      	beq.n	100021f4 <_ntoa_format+0x1a0>
10002122:	f1b8 0f10 	cmp.w	r8, #16
10002126:	f000 8087 	beq.w	10002238 <_ntoa_format+0x1e4>
1000212a:	f1b8 0f02 	cmp.w	r8, #2
1000212e:	d05a      	beq.n	100021e6 <_ntoa_format+0x192>
10002130:	2c20      	cmp	r4, #32
10002132:	d0e4      	beq.n	100020fe <_ntoa_format+0xaa>
10002134:	4626      	mov	r6, r4
10002136:	3401      	adds	r4, #1
10002138:	f04f 0c30 	mov.w	ip, #48	@ 0x30
1000213c:	f80e c006 	strb.w	ip, [lr, r6]
10002140:	2c20      	cmp	r4, #32
10002142:	d1d2      	bne.n	100020ea <_ntoa_format+0x96>
10002144:	e9cd 570b 	strd	r5, r7, [sp, #44]	@ 0x2c
10002148:	e9cd e409 	strd	lr, r4, [sp, #36]	@ 0x24
1000214c:	e8bd 4ff0 	ldmia.w	sp!, {r4, r5, r6, r7, r8, r9, sl, fp, lr}
10002150:	f7ff bf32 	b.w	10001fb8 <_out_rev>
10002154:	f017 0b01 	ands.w	fp, r7, #1
10002158:	d03e      	beq.n	100021d8 <_ntoa_format+0x184>
1000215a:	f1b9 0f00 	cmp.w	r9, #0
1000215e:	d147      	bne.n	100021f0 <_ntoa_format+0x19c>
10002160:	f017 0f0c 	tst.w	r7, #12
10002164:	d144      	bne.n	100021f0 <_ntoa_format+0x19c>
10002166:	42b4      	cmp	r4, r6
10002168:	d29b      	bcs.n	100020a2 <_ntoa_format+0x4e>
1000216a:	2c20      	cmp	r4, #32
1000216c:	d189      	bne.n	10002082 <_ntoa_format+0x2e>
1000216e:	2d20      	cmp	r5, #32
10002170:	d810      	bhi.n	10002194 <_ntoa_format+0x140>
10002172:	06fc      	lsls	r4, r7, #27
10002174:	d557      	bpl.n	10002226 <_ntoa_format+0x1d2>
10002176:	057c      	lsls	r4, r7, #21
10002178:	d455      	bmi.n	10002226 <_ntoa_format+0x1d2>
1000217a:	2e20      	cmp	r6, #32
1000217c:	f000 80b9 	beq.w	100022f2 <_ntoa_format+0x29e>
10002180:	2d20      	cmp	r5, #32
10002182:	d010      	beq.n	100021a6 <_ntoa_format+0x152>
10002184:	2420      	movs	r4, #32
10002186:	e7cc      	b.n	10002122 <_ntoa_format+0xce>
10002188:	f1bb 0f00 	cmp.w	fp, #0
1000218c:	f000 80a5 	beq.w	100022da <_ntoa_format+0x286>
10002190:	2d20      	cmp	r5, #32
10002192:	d9bc      	bls.n	1000210e <_ntoa_format+0xba>
10002194:	06fc      	lsls	r4, r7, #27
10002196:	d546      	bpl.n	10002226 <_ntoa_format+0x1d2>
10002198:	057c      	lsls	r4, r7, #21
1000219a:	d444      	bmi.n	10002226 <_ntoa_format+0x1d2>
1000219c:	2e20      	cmp	r6, #32
1000219e:	f000 80a8 	beq.w	100022f2 <_ntoa_format+0x29e>
100021a2:	2d20      	cmp	r5, #32
100021a4:	d13f      	bne.n	10002226 <_ntoa_format+0x1d2>
100021a6:	462c      	mov	r4, r5
100021a8:	261f      	movs	r6, #31
100021aa:	f1b8 0f10 	cmp.w	r8, #16
100021ae:	d07f      	beq.n	100022b0 <_ntoa_format+0x25c>
100021b0:	f1b8 0f02 	cmp.w	r8, #2
100021b4:	d1c0      	bne.n	10002138 <_ntoa_format+0xe4>
100021b6:	f04f 0c62 	mov.w	ip, #98	@ 0x62
100021ba:	f80e c006 	strb.w	ip, [lr, r6]
100021be:	e7b7      	b.n	10002130 <_ntoa_format+0xdc>
100021c0:	262d      	movs	r6, #45	@ 0x2d
100021c2:	f80e 6004 	strb.w	r6, [lr, r4]
100021c6:	3401      	adds	r4, #1
100021c8:	e9cd 570b 	strd	r5, r7, [sp, #44]	@ 0x2c
100021cc:	e9cd e409 	strd	lr, r4, [sp, #36]	@ 0x24
100021d0:	e8bd 4ff0 	ldmia.w	sp!, {r4, r5, r6, r7, r8, r9, sl, fp, lr}
100021d4:	f7ff bef0 	b.w	10001fb8 <_out_rev>
100021d8:	42b4      	cmp	r4, r6
100021da:	f4bf af73 	bcs.w	100020c4 <_ntoa_format+0x70>
100021de:	2c20      	cmp	r4, #32
100021e0:	f47f af4f 	bne.w	10002082 <_ntoa_format+0x2e>
100021e4:	e7d6      	b.n	10002194 <_ntoa_format+0x140>
100021e6:	2c20      	cmp	r4, #32
100021e8:	d089      	beq.n	100020fe <_ntoa_format+0xaa>
100021ea:	4626      	mov	r6, r4
100021ec:	3401      	adds	r4, #1
100021ee:	e7e2      	b.n	100021b6 <_ntoa_format+0x162>
100021f0:	3d01      	subs	r5, #1
100021f2:	e7b8      	b.n	10002166 <_ntoa_format+0x112>
100021f4:	1e66      	subs	r6, r4, #1
100021f6:	d1d8      	bne.n	100021aa <_ntoa_format+0x156>
100021f8:	f1b8 0f10 	cmp.w	r8, #16
100021fc:	d064      	beq.n	100022c8 <_ntoa_format+0x274>
100021fe:	f1b8 0f02 	cmp.w	r8, #2
10002202:	f47f af6e 	bne.w	100020e2 <_ntoa_format+0x8e>
10002206:	2662      	movs	r6, #98	@ 0x62
10002208:	f88e 6000 	strb.w	r6, [lr]
1000220c:	2630      	movs	r6, #48	@ 0x30
1000220e:	4644      	mov	r4, r8
10002210:	f88e 6001 	strb.w	r6, [lr, #1]
10002214:	f1b9 0f00 	cmp.w	r9, #0
10002218:	f43f af6a 	beq.w	100020f0 <_ntoa_format+0x9c>
1000221c:	e7d0      	b.n	100021c0 <_ntoa_format+0x16c>
1000221e:	f1b8 0f10 	cmp.w	r8, #16
10002222:	f47f af6c 	bne.w	100020fe <_ntoa_format+0xaa>
10002226:	2420      	movs	r4, #32
10002228:	e9cd 570b 	strd	r5, r7, [sp, #44]	@ 0x2c
1000222c:	e9cd e409 	strd	lr, r4, [sp, #36]	@ 0x24
10002230:	e8bd 4ff0 	ldmia.w	sp!, {r4, r5, r6, r7, r8, r9, sl, fp, lr}
10002234:	f7ff bec0 	b.w	10001fb8 <_out_rev>
10002238:	06be      	lsls	r6, r7, #26
1000223a:	d40e      	bmi.n	1000225a <_ntoa_format+0x206>
1000223c:	2c20      	cmp	r4, #32
1000223e:	d0f2      	beq.n	10002226 <_ntoa_format+0x1d2>
10002240:	2678      	movs	r6, #120	@ 0x78
10002242:	f80e 6004 	strb.w	r6, [lr, r4]
10002246:	3401      	adds	r4, #1
10002248:	e772      	b.n	10002130 <_ntoa_format+0xdc>
1000224a:	073e      	lsls	r6, r7, #28
1000224c:	f57f af57 	bpl.w	100020fe <_ntoa_format+0xaa>
10002250:	2620      	movs	r6, #32
10002252:	f80e 6004 	strb.w	r6, [lr, r4]
10002256:	3401      	adds	r4, #1
10002258:	e751      	b.n	100020fe <_ntoa_format+0xaa>
1000225a:	2c20      	cmp	r4, #32
1000225c:	d0e3      	beq.n	10002226 <_ntoa_format+0x1d2>
1000225e:	f04f 0c58 	mov.w	ip, #88	@ 0x58
10002262:	eb0e 0604 	add.w	r6, lr, r4
10002266:	f886 c000 	strb.w	ip, [r6]
1000226a:	3401      	adds	r4, #1
1000226c:	e760      	b.n	10002130 <_ntoa_format+0xdc>
1000226e:	06be      	lsls	r6, r7, #26
10002270:	d517      	bpl.n	100022a2 <_ntoa_format+0x24e>
10002272:	2458      	movs	r4, #88	@ 0x58
10002274:	f88e 4000 	strb.w	r4, [lr]
10002278:	2430      	movs	r4, #48	@ 0x30
1000227a:	f88e 4001 	strb.w	r4, [lr, #1]
1000227e:	2402      	movs	r4, #2
10002280:	f1b9 0f00 	cmp.w	r9, #0
10002284:	f43f af34 	beq.w	100020f0 <_ntoa_format+0x9c>
10002288:	e79a      	b.n	100021c0 <_ntoa_format+0x16c>
1000228a:	2462      	movs	r4, #98	@ 0x62
1000228c:	f88e 4000 	strb.w	r4, [lr]
10002290:	2430      	movs	r4, #48	@ 0x30
10002292:	f88e 4001 	strb.w	r4, [lr, #1]
10002296:	2402      	movs	r4, #2
10002298:	f1b9 0f00 	cmp.w	r9, #0
1000229c:	f43f af28 	beq.w	100020f0 <_ntoa_format+0x9c>
100022a0:	e78e      	b.n	100021c0 <_ntoa_format+0x16c>
100022a2:	2478      	movs	r4, #120	@ 0x78
100022a4:	e7f2      	b.n	1000228c <_ntoa_format+0x238>
100022a6:	f1bb 0f00 	cmp.w	fp, #0
100022aa:	f47f af62 	bne.w	10002172 <_ntoa_format+0x11e>
100022ae:	e771      	b.n	10002194 <_ntoa_format+0x140>
100022b0:	f017 0f20 	tst.w	r7, #32
100022b4:	bf0c      	ite	eq
100022b6:	f04f 0c78 	moveq.w	ip, #120	@ 0x78
100022ba:	f04f 0c58 	movne.w	ip, #88	@ 0x58
100022be:	1ea6      	subs	r6, r4, #2
100022c0:	f80e c006 	strb.w	ip, [lr, r6]
100022c4:	3c01      	subs	r4, #1
100022c6:	e735      	b.n	10002134 <_ntoa_format+0xe0>
100022c8:	06bc      	lsls	r4, r7, #26
100022ca:	d5ea      	bpl.n	100022a2 <_ntoa_format+0x24e>
100022cc:	2458      	movs	r4, #88	@ 0x58
100022ce:	f88e 4000 	strb.w	r4, [lr]
100022d2:	2430      	movs	r4, #48	@ 0x30
100022d4:	f88e 4001 	strb.w	r4, [lr, #1]
100022d8:	e7dd      	b.n	10002296 <_ntoa_format+0x242>
100022da:	f017 0f10 	tst.w	r7, #16
100022de:	f43f af0e 	beq.w	100020fe <_ntoa_format+0xaa>
100022e2:	f417 6f80 	tst.w	r7, #1024	@ 0x400
100022e6:	d19a      	bne.n	1000221e <_ntoa_format+0x1ca>
100022e8:	2e20      	cmp	r6, #32
100022ea:	f47f af18 	bne.w	1000211e <_ntoa_format+0xca>
100022ee:	261f      	movs	r6, #31
100022f0:	e75b      	b.n	100021aa <_ntoa_format+0x156>
100022f2:	4634      	mov	r4, r6
100022f4:	261f      	movs	r6, #31
100022f6:	e758      	b.n	100021aa <_ntoa_format+0x156>

100022f8 <_out_char>:
100022f8:	b900      	cbnz	r0, 100022fc <_out_char+0x4>
100022fa:	4770      	bx	lr
100022fc:	f001 baa8 	b.w	10003850 <__wrap_putchar>

10002300 <_out_fct>:
10002300:	b110      	cbz	r0, 10002308 <_out_fct+0x8>
10002302:	e9d1 3100 	ldrd	r3, r1, [r1]
10002306:	4718      	bx	r3
10002308:	4770      	bx	lr
1000230a:	bf00      	nop
1000230c:	0000      	movs	r0, r0
	...

10002310 <_etoa>:
10002310:	e92d 4ff0 	stmdb	sp!, {r4, r5, r6, r7, r8, r9, sl, fp, lr}
10002314:	b09f      	sub	sp, #124	@ 0x7c
10002316:	ed9d 7b28 	vldr	d7, [sp, #160]	@ 0xa0
1000231a:	e9dd a52a 	ldrd	sl, r5, [sp, #168]	@ 0xa8
1000231e:	ec58 7b17 	vmov	r7, r8, d7
10002322:	4683      	mov	fp, r0
10002324:	461e      	mov	r6, r3
10002326:	910d      	str	r1, [sp, #52]	@ 0x34
10002328:	9210      	str	r2, [sp, #64]	@ 0x40
1000232a:	4643      	mov	r3, r8
1000232c:	463a      	mov	r2, r7
1000232e:	4638      	mov	r0, r7
10002330:	4641      	mov	r1, r8
10002332:	ed8d 7b08 	vstr	d7, [sp, #32]
10002336:	9c2c      	ldr	r4, [sp, #176]	@ 0xb0
10002338:	f7ff fdc6 	bl	10001ec8 <__wrap___aeabi_dcmpun>
1000233c:	2800      	cmp	r0, #0
1000233e:	f040 80d8 	bne.w	100024f2 <_etoa+0x1e2>
10002342:	4638      	mov	r0, r7
10002344:	4641      	mov	r1, r8
10002346:	f04f 32ff 	mov.w	r2, #4294967295	@ 0xffffffff
1000234a:	4b75      	ldr	r3, [pc, #468]	@ (10002520 <_etoa+0x210>)
1000234c:	f7ff fdf6 	bl	10001f3c <__wrap___aeabi_dcmpgt>
10002350:	2800      	cmp	r0, #0
10002352:	f040 80ce 	bne.w	100024f2 <_etoa+0x1e2>
10002356:	4638      	mov	r0, r7
10002358:	4641      	mov	r1, r8
1000235a:	f04f 32ff 	mov.w	r2, #4294967295	@ 0xffffffff
1000235e:	f46f 1380 	mvn.w	r3, #1048576	@ 0x100000
10002362:	f7ff fdc3 	bl	10001eec <__wrap___aeabi_dcmplt>
10002366:	2800      	cmp	r0, #0
10002368:	f040 80c3 	bne.w	100024f2 <_etoa+0x1e2>
1000236c:	e9dd 7808 	ldrd	r7, r8, [sp, #32]
10002370:	2200      	movs	r2, #0
10002372:	4638      	mov	r0, r7
10002374:	4641      	mov	r1, r8
10002376:	2300      	movs	r3, #0
10002378:	f7ff fdb8 	bl	10001eec <__wrap___aeabi_dcmplt>
1000237c:	2800      	cmp	r0, #0
1000237e:	f040 81c0 	bne.w	10002702 <_etoa+0x3f2>
10002382:	e9cd 780a 	strd	r7, r8, [sp, #40]	@ 0x28
10002386:	e9dd 230a 	ldrd	r2, r3, [sp, #40]	@ 0x28
1000238a:	4690      	mov	r8, r2
1000238c:	461f      	mov	r7, r3
1000238e:	f414 6380 	ands.w	r3, r4, #1024	@ 0x400
10002392:	bf08      	it	eq
10002394:	f04f 0a06 	moveq.w	sl, #6
10002398:	9313      	str	r3, [sp, #76]	@ 0x4c
1000239a:	f404 6200 	and.w	r2, r4, #2048	@ 0x800
1000239e:	ea58 0307 	orrs.w	r3, r8, r7
100023a2:	9211      	str	r2, [sp, #68]	@ 0x44
100023a4:	f040 80c0 	bne.w	10002528 <_etoa+0x218>
100023a8:	2a00      	cmp	r2, #0
100023aa:	f000 81a2 	beq.w	100026f2 <_etoa+0x3e2>
100023ae:	ed9f 7b5a 	vldr	d7, [pc, #360]	@ 10002518 <_etoa+0x208>
100023b2:	2700      	movs	r7, #0
100023b4:	ed8d 7b0e 	vstr	d7, [sp, #56]	@ 0x38
100023b8:	f04f 0900 	mov.w	r9, #0
100023bc:	45ba      	cmp	sl, r7
100023be:	bfcc      	ite	gt
100023c0:	ebaa 0a07 	subgt.w	sl, sl, r7
100023c4:	f04f 0a00 	movle.w	sl, #0
100023c8:	464f      	mov	r7, r9
100023ca:	bfc8      	it	gt
100023cc:	f10a 3aff 	addgt.w	sl, sl, #4294967295	@ 0xffffffff
100023d0:	f444 6480 	orr.w	r4, r4, #1024	@ 0x400
100023d4:	454d      	cmp	r5, r9
100023d6:	bf94      	ite	ls
100023d8:	f04f 0800 	movls.w	r8, #0
100023dc:	eba5 0809 	subhi.w	r8, r5, r9
100023e0:	f014 0302 	ands.w	r3, r4, #2
100023e4:	9311      	str	r3, [sp, #68]	@ 0x44
100023e6:	d004      	beq.n	100023f2 <_etoa+0xe2>
100023e8:	f1b9 0f00 	cmp.w	r9, #0
100023ec:	bf18      	it	ne
100023ee:	f04f 0800 	movne.w	r8, #0
100023f2:	b13f      	cbz	r7, 10002404 <_etoa+0xf4>
100023f4:	e9dd 010a 	ldrd	r0, r1, [sp, #40]	@ 0x28
100023f8:	e9dd 230e 	ldrd	r2, r3, [sp, #56]	@ 0x38
100023fc:	f7ff fcce 	bl	10001d9c <__wrap___aeabi_ddiv>
10002400:	e9cd 010a 	strd	r0, r1, [sp, #40]	@ 0x28
10002404:	e9dd 0108 	ldrd	r0, r1, [sp, #32]
10002408:	2200      	movs	r2, #0
1000240a:	2300      	movs	r3, #0
1000240c:	f7ff fd6e 	bl	10001eec <__wrap___aeabi_dcmplt>
10002410:	b130      	cbz	r0, 10002420 <_etoa+0x110>
10002412:	e9dd 010a 	ldrd	r0, r1, [sp, #40]	@ 0x28
10002416:	4602      	mov	r2, r0
10002418:	f101 4300 	add.w	r3, r1, #2147483648	@ 0x80000000
1000241c:	e9cd 230a 	strd	r2, r3, [sp, #40]	@ 0x28
10002420:	ed9d 7b0a 	vldr	d7, [sp, #40]	@ 0x28
10002424:	e9cd a802 	strd	sl, r8, [sp, #8]
10002428:	f8dd a034 	ldr.w	sl, [sp, #52]	@ 0x34
1000242c:	f424 6300 	bic.w	r3, r4, #2048	@ 0x800
10002430:	9304      	str	r3, [sp, #16]
10002432:	ed8d 7b00 	vstr	d7, [sp]
10002436:	4633      	mov	r3, r6
10002438:	4651      	mov	r1, sl
1000243a:	4658      	mov	r0, fp
1000243c:	9a10      	ldr	r2, [sp, #64]	@ 0x40
1000243e:	f000 f997 	bl	10002770 <_ftoa>
10002442:	4680      	mov	r8, r0
10002444:	f1b9 0f00 	cmp.w	r9, #0
10002448:	d04f      	beq.n	100024ea <_etoa+0x1da>
1000244a:	f014 0f20 	tst.w	r4, #32
1000244e:	4602      	mov	r2, r0
10002450:	f100 0401 	add.w	r4, r0, #1
10002454:	4633      	mov	r3, r6
10002456:	bf0c      	ite	eq
10002458:	2065      	moveq	r0, #101	@ 0x65
1000245a:	2045      	movne	r0, #69	@ 0x45
1000245c:	4651      	mov	r1, sl
1000245e:	47d8      	blx	fp
10002460:	f109 30ff 	add.w	r0, r9, #4294967295	@ 0xffffffff
10002464:	ea87 7ce7 	eor.w	ip, r7, r7, asr #31
10002468:	f10d 0958 	add.w	r9, sp, #88	@ 0x58
1000246c:	2200      	movs	r2, #0
1000246e:	464b      	mov	r3, r9
10002470:	f8df 80b0 	ldr.w	r8, [pc, #176]	@ 10002524 <_etoa+0x214>
10002474:	ebac 7ce7 	sub.w	ip, ip, r7, asr #31
10002478:	ea4f 7ed7 	mov.w	lr, r7, lsr #31
1000247c:	e001      	b.n	10002482 <_etoa+0x172>
1000247e:	2a20      	cmp	r2, #32
10002480:	d010      	beq.n	100024a4 <_etoa+0x194>
10002482:	46e2      	mov	sl, ip
10002484:	fba8 710c 	umull	r7, r1, r8, ip
10002488:	08c9      	lsrs	r1, r1, #3
1000248a:	eb01 0781 	add.w	r7, r1, r1, lsl #2
1000248e:	ebac 0747 	sub.w	r7, ip, r7, lsl #1
10002492:	3730      	adds	r7, #48	@ 0x30
10002494:	f1ba 0f09 	cmp.w	sl, #9
10002498:	468c      	mov	ip, r1
1000249a:	f102 0201 	add.w	r2, r2, #1
1000249e:	f803 7b01 	strb.w	r7, [r3], #1
100024a2:	d8ec      	bhi.n	1000247e <_etoa+0x16e>
100024a4:	2305      	movs	r3, #5
100024a6:	9005      	str	r0, [sp, #20]
100024a8:	9306      	str	r3, [sp, #24]
100024aa:	2000      	movs	r0, #0
100024ac:	230a      	movs	r3, #10
100024ae:	9f0d      	ldr	r7, [sp, #52]	@ 0x34
100024b0:	e9cd 3003 	strd	r3, r0, [sp, #12]
100024b4:	e9cd 2e01 	strd	r2, lr, [sp, #4]
100024b8:	4633      	mov	r3, r6
100024ba:	4622      	mov	r2, r4
100024bc:	4639      	mov	r1, r7
100024be:	4658      	mov	r0, fp
100024c0:	f8cd 9000 	str.w	r9, [sp]
100024c4:	f7ff fdc6 	bl	10002054 <_ntoa_format>
100024c8:	9b11      	ldr	r3, [sp, #68]	@ 0x44
100024ca:	4680      	mov	r8, r0
100024cc:	b16b      	cbz	r3, 100024ea <_etoa+0x1da>
100024ce:	9b10      	ldr	r3, [sp, #64]	@ 0x40
100024d0:	1ac4      	subs	r4, r0, r3
100024d2:	42a5      	cmp	r5, r4
100024d4:	d909      	bls.n	100024ea <_etoa+0x1da>
100024d6:	4642      	mov	r2, r8
100024d8:	4633      	mov	r3, r6
100024da:	4639      	mov	r1, r7
100024dc:	2020      	movs	r0, #32
100024de:	3401      	adds	r4, #1
100024e0:	47d8      	blx	fp
100024e2:	42a5      	cmp	r5, r4
100024e4:	f108 0801 	add.w	r8, r8, #1
100024e8:	d8f5      	bhi.n	100024d6 <_etoa+0x1c6>
100024ea:	4640      	mov	r0, r8
100024ec:	b01f      	add	sp, #124	@ 0x7c
100024ee:	e8bd 8ff0 	ldmia.w	sp!, {r4, r5, r6, r7, r8, r9, sl, fp, pc}
100024f2:	ed9d 7b08 	vldr	d7, [sp, #32]
100024f6:	4633      	mov	r3, r6
100024f8:	4658      	mov	r0, fp
100024fa:	9a10      	ldr	r2, [sp, #64]	@ 0x40
100024fc:	990d      	ldr	r1, [sp, #52]	@ 0x34
100024fe:	ed8d 7b28 	vstr	d7, [sp, #160]	@ 0xa0
10002502:	e9cd 542b 	strd	r5, r4, [sp, #172]	@ 0xac
10002506:	f8cd a0a8 	str.w	sl, [sp, #168]	@ 0xa8
1000250a:	b01f      	add	sp, #124	@ 0x7c
1000250c:	e8bd 4ff0 	ldmia.w	sp!, {r4, r5, r6, r7, r8, r9, sl, fp, lr}
10002510:	f000 b92e 	b.w	10002770 <_ftoa>
10002514:	f3af 8000 	nop.w
	...
10002520:	7fefffff 	.word	0x7fefffff
10002524:	cccccccd 	.word	0xcccccccd
10002528:	f3c7 500a 	ubfx	r0, r7, #20, #11
1000252c:	f2a0 30ff 	subw	r0, r0, #1023	@ 0x3ff
10002530:	f7ff fc82 	bl	10001e38 <__wrap___aeabi_i2d>
10002534:	a38a      	add	r3, pc, #552	@ (adr r3, 10002760 <_etoa+0x450>)
10002536:	e9d3 2300 	ldrd	r2, r3, [r3]
1000253a:	f7ff fc09 	bl	10001d50 <__wrap___aeabi_dmul>
1000253e:	a38a      	add	r3, pc, #552	@ (adr r3, 10002768 <_etoa+0x458>)
10002540:	e9d3 2300 	ldrd	r2, r3, [r3]
10002544:	f7ff fbdc 	bl	10001d00 <__wrap___aeabi_dadd>
10002548:	f3c7 0713 	ubfx	r7, r7, #0, #20
1000254c:	e9cd 010e 	strd	r0, r1, [sp, #56]	@ 0x38
10002550:	f047 517f 	orr.w	r1, r7, #1069547520	@ 0x3fc00000
10002554:	4640      	mov	r0, r8
10002556:	2200      	movs	r2, #0
10002558:	4b7b      	ldr	r3, [pc, #492]	@ (10002748 <_etoa+0x438>)
1000255a:	f441 1140 	orr.w	r1, r1, #3145728	@ 0x300000
1000255e:	f7ff fbe3 	bl	10001d28 <__wrap___aeabi_dsub>
10002562:	a36b      	add	r3, pc, #428	@ (adr r3, 10002710 <_etoa+0x400>)
10002564:	e9d3 2300 	ldrd	r2, r3, [r3]
10002568:	f7ff fbf2 	bl	10001d50 <__wrap___aeabi_dmul>
1000256c:	4602      	mov	r2, r0
1000256e:	460b      	mov	r3, r1
10002570:	e9dd 010e 	ldrd	r0, r1, [sp, #56]	@ 0x38
10002574:	f7ff fbc4 	bl	10001d00 <__wrap___aeabi_dadd>
10002578:	f7ff fc82 	bl	10001e80 <__wrap___aeabi_d2iz>
1000257c:	4607      	mov	r7, r0
1000257e:	f7ff fc5b 	bl	10001e38 <__wrap___aeabi_i2d>
10002582:	a365      	add	r3, pc, #404	@ (adr r3, 10002718 <_etoa+0x408>)
10002584:	e9d3 2300 	ldrd	r2, r3, [r3]
10002588:	4680      	mov	r8, r0
1000258a:	4689      	mov	r9, r1
1000258c:	f7ff fbe0 	bl	10001d50 <__wrap___aeabi_dmul>
10002590:	2200      	movs	r2, #0
10002592:	4b6e      	ldr	r3, [pc, #440]	@ (1000274c <_etoa+0x43c>)
10002594:	f7ff fbb4 	bl	10001d00 <__wrap___aeabi_dadd>
10002598:	f7ff fc72 	bl	10001e80 <__wrap___aeabi_d2iz>
1000259c:	4603      	mov	r3, r0
1000259e:	4649      	mov	r1, r9
100025a0:	4640      	mov	r0, r8
100025a2:	9312      	str	r3, [sp, #72]	@ 0x48
100025a4:	a35e      	add	r3, pc, #376	@ (adr r3, 10002720 <_etoa+0x410>)
100025a6:	e9d3 2300 	ldrd	r2, r3, [r3]
100025aa:	f7ff fbd1 	bl	10001d50 <__wrap___aeabi_dmul>
100025ae:	4680      	mov	r8, r0
100025b0:	9812      	ldr	r0, [sp, #72]	@ 0x48
100025b2:	4689      	mov	r9, r1
100025b4:	f7ff fc40 	bl	10001e38 <__wrap___aeabi_i2d>
100025b8:	a35b      	add	r3, pc, #364	@ (adr r3, 10002728 <_etoa+0x418>)
100025ba:	e9d3 2300 	ldrd	r2, r3, [r3]
100025be:	f7ff fbc7 	bl	10001d50 <__wrap___aeabi_dmul>
100025c2:	4602      	mov	r2, r0
100025c4:	460b      	mov	r3, r1
100025c6:	4640      	mov	r0, r8
100025c8:	4649      	mov	r1, r9
100025ca:	f7ff fbad 	bl	10001d28 <__wrap___aeabi_dsub>
100025ce:	4602      	mov	r2, r0
100025d0:	460b      	mov	r3, r1
100025d2:	4680      	mov	r8, r0
100025d4:	4689      	mov	r9, r1
100025d6:	f7ff fbbb 	bl	10001d50 <__wrap___aeabi_dmul>
100025da:	4642      	mov	r2, r8
100025dc:	464b      	mov	r3, r9
100025de:	e9cd 010e 	strd	r0, r1, [sp, #56]	@ 0x38
100025e2:	4640      	mov	r0, r8
100025e4:	4649      	mov	r1, r9
100025e6:	f7ff fb8b 	bl	10001d00 <__wrap___aeabi_dadd>
100025ea:	2200      	movs	r2, #0
100025ec:	e9cd 0114 	strd	r0, r1, [sp, #80]	@ 0x50
100025f0:	e9dd 010e 	ldrd	r0, r1, [sp, #56]	@ 0x38
100025f4:	4b56      	ldr	r3, [pc, #344]	@ (10002750 <_etoa+0x440>)
100025f6:	f7ff fbd1 	bl	10001d9c <__wrap___aeabi_ddiv>
100025fa:	2200      	movs	r2, #0
100025fc:	4b55      	ldr	r3, [pc, #340]	@ (10002754 <_etoa+0x444>)
100025fe:	f7ff fb7f 	bl	10001d00 <__wrap___aeabi_dadd>
10002602:	4602      	mov	r2, r0
10002604:	460b      	mov	r3, r1
10002606:	e9dd 010e 	ldrd	r0, r1, [sp, #56]	@ 0x38
1000260a:	f7ff fbc7 	bl	10001d9c <__wrap___aeabi_ddiv>
1000260e:	2200      	movs	r2, #0
10002610:	4b51      	ldr	r3, [pc, #324]	@ (10002758 <_etoa+0x448>)
10002612:	f7ff fb75 	bl	10001d00 <__wrap___aeabi_dadd>
10002616:	4602      	mov	r2, r0
10002618:	460b      	mov	r3, r1
1000261a:	e9dd 010e 	ldrd	r0, r1, [sp, #56]	@ 0x38
1000261e:	f7ff fbbd 	bl	10001d9c <__wrap___aeabi_ddiv>
10002622:	4642      	mov	r2, r8
10002624:	464b      	mov	r3, r9
10002626:	4680      	mov	r8, r0
10002628:	4689      	mov	r9, r1
1000262a:	2000      	movs	r0, #0
1000262c:	f04f 4180 	mov.w	r1, #1073741824	@ 0x40000000
10002630:	f7ff fb7a 	bl	10001d28 <__wrap___aeabi_dsub>
10002634:	4602      	mov	r2, r0
10002636:	460b      	mov	r3, r1
10002638:	4640      	mov	r0, r8
1000263a:	4649      	mov	r1, r9
1000263c:	f7ff fb60 	bl	10001d00 <__wrap___aeabi_dadd>
10002640:	4602      	mov	r2, r0
10002642:	460b      	mov	r3, r1
10002644:	e9dd 0114 	ldrd	r0, r1, [sp, #80]	@ 0x50
10002648:	f7ff fba8 	bl	10001d9c <__wrap___aeabi_ddiv>
1000264c:	2200      	movs	r2, #0
1000264e:	4b43      	ldr	r3, [pc, #268]	@ (1000275c <_etoa+0x44c>)
10002650:	f7ff fb56 	bl	10001d00 <__wrap___aeabi_dadd>
10002654:	9b12      	ldr	r3, [sp, #72]	@ 0x48
10002656:	2200      	movs	r2, #0
10002658:	f203 3cff 	addw	ip, r3, #1023	@ 0x3ff
1000265c:	ea4f 530c 	mov.w	r3, ip, lsl #20
10002660:	f7ff fb76 	bl	10001d50 <__wrap___aeabi_dmul>
10002664:	4680      	mov	r8, r0
10002666:	4689      	mov	r9, r1
10002668:	e9dd 010a 	ldrd	r0, r1, [sp, #40]	@ 0x28
1000266c:	4642      	mov	r2, r8
1000266e:	464b      	mov	r3, r9
10002670:	e9cd 890e 	strd	r8, r9, [sp, #56]	@ 0x38
10002674:	f7ff fc3a 	bl	10001eec <__wrap___aeabi_dcmplt>
10002678:	bb68      	cbnz	r0, 100026d6 <_etoa+0x3c6>
1000267a:	4643      	mov	r3, r8
1000267c:	4649      	mov	r1, r9
1000267e:	f107 0263 	add.w	r2, r7, #99	@ 0x63
10002682:	2ac6      	cmp	r2, #198	@ 0xc6
10002684:	9a11      	ldr	r2, [sp, #68]	@ 0x44
10002686:	bf8c      	ite	hi
10002688:	f04f 0905 	movhi.w	r9, #5
1000268c:	f04f 0904 	movls.w	r9, #4
10002690:	2a00      	cmp	r2, #0
10002692:	f43f ae9f 	beq.w	100023d4 <_etoa+0xc4>
10002696:	430b      	orrs	r3, r1
10002698:	f43f ae8e 	beq.w	100023b8 <_etoa+0xa8>
1000269c:	e9dd 010a 	ldrd	r0, r1, [sp, #40]	@ 0x28
100026a0:	a323      	add	r3, pc, #140	@ (adr r3, 10002730 <_etoa+0x420>)
100026a2:	e9d3 2300 	ldrd	r2, r3, [r3]
100026a6:	f7ff fc35 	bl	10001f14 <__wrap___aeabi_dcmpge>
100026aa:	b148      	cbz	r0, 100026c0 <_etoa+0x3b0>
100026ac:	e9dd 010a 	ldrd	r0, r1, [sp, #40]	@ 0x28
100026b0:	a321      	add	r3, pc, #132	@ (adr r3, 10002738 <_etoa+0x428>)
100026b2:	e9d3 2300 	ldrd	r2, r3, [r3]
100026b6:	f7ff fc19 	bl	10001eec <__wrap___aeabi_dcmplt>
100026ba:	2800      	cmp	r0, #0
100026bc:	f47f ae7c 	bne.w	100023b8 <_etoa+0xa8>
100026c0:	f1ba 0f00 	cmp.w	sl, #0
100026c4:	f43f ae86 	beq.w	100023d4 <_etoa+0xc4>
100026c8:	9b13      	ldr	r3, [sp, #76]	@ 0x4c
100026ca:	2b00      	cmp	r3, #0
100026cc:	f43f ae82 	beq.w	100023d4 <_etoa+0xc4>
100026d0:	f10a 3aff 	add.w	sl, sl, #4294967295	@ 0xffffffff
100026d4:	e67e      	b.n	100023d4 <_etoa+0xc4>
100026d6:	2200      	movs	r2, #0
100026d8:	4b1e      	ldr	r3, [pc, #120]	@ (10002754 <_etoa+0x444>)
100026da:	4640      	mov	r0, r8
100026dc:	4649      	mov	r1, r9
100026de:	f7ff fb5d 	bl	10001d9c <__wrap___aeabi_ddiv>
100026e2:	460a      	mov	r2, r1
100026e4:	4601      	mov	r1, r0
100026e6:	4603      	mov	r3, r0
100026e8:	e9cd 120e 	strd	r1, r2, [sp, #56]	@ 0x38
100026ec:	3f01      	subs	r7, #1
100026ee:	4611      	mov	r1, r2
100026f0:	e7c5      	b.n	1000267e <_etoa+0x36e>
100026f2:	ed9f 7b13 	vldr	d7, [pc, #76]	@ 10002740 <_etoa+0x430>
100026f6:	4617      	mov	r7, r2
100026f8:	f04f 0904 	mov.w	r9, #4
100026fc:	ed8d 7b0e 	vstr	d7, [sp, #56]	@ 0x38
10002700:	e668      	b.n	100023d4 <_etoa+0xc4>
10002702:	f108 4300 	add.w	r3, r8, #2147483648	@ 0x80000000
10002706:	970a      	str	r7, [sp, #40]	@ 0x28
10002708:	930b      	str	r3, [sp, #44]	@ 0x2c
1000270a:	e63c      	b.n	10002386 <_etoa+0x76>
1000270c:	f3af 8000 	nop.w
10002710:	636f4361 	.word	0x636f4361
10002714:	3fd287a7 	.word	0x3fd287a7
10002718:	0979a371 	.word	0x0979a371
1000271c:	400a934f 	.word	0x400a934f
10002720:	bbb55516 	.word	0xbbb55516
10002724:	40026bb1 	.word	0x40026bb1
10002728:	fefa39ef 	.word	0xfefa39ef
1000272c:	3fe62e42 	.word	0x3fe62e42
10002730:	eb1c432d 	.word	0xeb1c432d
10002734:	3f1a36e2 	.word	0x3f1a36e2
10002738:	00000000 	.word	0x00000000
1000273c:	412e8480 	.word	0x412e8480
	...
10002748:	3ff80000 	.word	0x3ff80000
1000274c:	3fe00000 	.word	0x3fe00000
10002750:	402c0000 	.word	0x402c0000
10002754:	40240000 	.word	0x40240000
10002758:	40180000 	.word	0x40180000
1000275c:	3ff00000 	.word	0x3ff00000
10002760:	509f79fb 	.word	0x509f79fb
10002764:	3fd34413 	.word	0x3fd34413
10002768:	8b60c8b3 	.word	0x8b60c8b3
1000276c:	3fc68a28 	.word	0x3fc68a28

10002770 <_ftoa>:
10002770:	e92d 4ff0 	stmdb	sp!, {r4, r5, r6, r7, r8, r9, sl, fp, lr}
10002774:	b097      	sub	sp, #92	@ 0x5c
10002776:	e9dd 8920 	ldrd	r8, r9, [sp, #128]	@ 0x80
1000277a:	e9cd 0104 	strd	r0, r1, [sp, #16]
1000277e:	e9dd 4b22 	ldrd	r4, fp, [sp, #136]	@ 0x88
10002782:	e9cd 2306 	strd	r2, r3, [sp, #24]
10002786:	4640      	mov	r0, r8
10002788:	4642      	mov	r2, r8
1000278a:	464b      	mov	r3, r9
1000278c:	4649      	mov	r1, r9
1000278e:	f8dd a090 	ldr.w	sl, [sp, #144]	@ 0x90
10002792:	f7ff fb99 	bl	10001ec8 <__wrap___aeabi_dcmpun>
10002796:	2800      	cmp	r0, #0
10002798:	f040 81c5 	bne.w	10002b26 <_ftoa+0x3b6>
1000279c:	4640      	mov	r0, r8
1000279e:	4649      	mov	r1, r9
100027a0:	f04f 32ff 	mov.w	r2, #4294967295	@ 0xffffffff
100027a4:	f46f 1380 	mvn.w	r3, #1048576	@ 0x100000
100027a8:	f7ff fba0 	bl	10001eec <__wrap___aeabi_dcmplt>
100027ac:	2800      	cmp	r0, #0
100027ae:	f040 811d 	bne.w	100029ec <_ftoa+0x27c>
100027b2:	4640      	mov	r0, r8
100027b4:	4649      	mov	r1, r9
100027b6:	f04f 32ff 	mov.w	r2, #4294967295	@ 0xffffffff
100027ba:	4bc1      	ldr	r3, [pc, #772]	@ (10002ac0 <_ftoa+0x350>)
100027bc:	f7ff fbbe 	bl	10001f3c <__wrap___aeabi_dcmpgt>
100027c0:	2800      	cmp	r0, #0
100027c2:	f040 80e3 	bne.w	1000298c <_ftoa+0x21c>
100027c6:	a3b8      	add	r3, pc, #736	@ (adr r3, 10002aa8 <_ftoa+0x338>)
100027c8:	e9d3 2300 	ldrd	r2, r3, [r3]
100027cc:	4640      	mov	r0, r8
100027ce:	4649      	mov	r1, r9
100027d0:	f7ff fbb4 	bl	10001f3c <__wrap___aeabi_dcmpgt>
100027d4:	2800      	cmp	r0, #0
100027d6:	f040 80cb 	bne.w	10002970 <_ftoa+0x200>
100027da:	a3b5      	add	r3, pc, #724	@ (adr r3, 10002ab0 <_ftoa+0x340>)
100027dc:	e9d3 2300 	ldrd	r2, r3, [r3]
100027e0:	4640      	mov	r0, r8
100027e2:	4649      	mov	r1, r9
100027e4:	f7ff fb82 	bl	10001eec <__wrap___aeabi_dcmplt>
100027e8:	2800      	cmp	r0, #0
100027ea:	f040 80c1 	bne.w	10002970 <_ftoa+0x200>
100027ee:	4640      	mov	r0, r8
100027f0:	4649      	mov	r1, r9
100027f2:	2200      	movs	r2, #0
100027f4:	2300      	movs	r3, #0
100027f6:	f7ff fb79 	bl	10001eec <__wrap___aeabi_dcmplt>
100027fa:	2800      	cmp	r0, #0
100027fc:	f040 80e0 	bne.w	100029c0 <_ftoa+0x250>
10002800:	f41a 6580 	ands.w	r5, sl, #1024	@ 0x400
10002804:	900d      	str	r0, [sp, #52]	@ 0x34
10002806:	f000 80e9 	beq.w	100029dc <_ftoa+0x26c>
1000280a:	2c09      	cmp	r4, #9
1000280c:	f240 8196 	bls.w	10002b3c <_ftoa+0x3cc>
10002810:	ab0e      	add	r3, sp, #56	@ 0x38
10002812:	461a      	mov	r2, r3
10002814:	930c      	str	r3, [sp, #48]	@ 0x30
10002816:	2130      	movs	r1, #48	@ 0x30
10002818:	2300      	movs	r3, #0
1000281a:	f1a4 0509 	sub.w	r5, r4, #9
1000281e:	3301      	adds	r3, #1
10002820:	2b20      	cmp	r3, #32
10002822:	f802 1b01 	strb.w	r1, [r2], #1
10002826:	eba4 0603 	sub.w	r6, r4, r3
1000282a:	f000 813a 	beq.w	10002aa2 <_ftoa+0x332>
1000282e:	42ab      	cmp	r3, r5
10002830:	d1f5      	bne.n	1000281e <_ftoa+0xae>
10002832:	ed9f 7b9d 	vldr	d7, [pc, #628]	@ 10002aa8 <_ftoa+0x338>
10002836:	ed8d 7b08 	vstr	d7, [sp, #32]
1000283a:	4649      	mov	r1, r9
1000283c:	4640      	mov	r0, r8
1000283e:	f7ff fb1f 	bl	10001e80 <__wrap___aeabi_d2iz>
10002842:	4604      	mov	r4, r0
10002844:	f7ff faf8 	bl	10001e38 <__wrap___aeabi_i2d>
10002848:	4602      	mov	r2, r0
1000284a:	460b      	mov	r3, r1
1000284c:	4640      	mov	r0, r8
1000284e:	4649      	mov	r1, r9
10002850:	f7ff fa6a 	bl	10001d28 <__wrap___aeabi_dsub>
10002854:	e9dd 2308 	ldrd	r2, r3, [sp, #32]
10002858:	f7ff fa7a 	bl	10001d50 <__wrap___aeabi_dmul>
1000285c:	4602      	mov	r2, r0
1000285e:	460b      	mov	r3, r1
10002860:	e9cd 230a 	strd	r2, r3, [sp, #40]	@ 0x28
10002864:	f7ff fb1e 	bl	10001ea4 <__wrap___aeabi_d2uiz>
10002868:	4607      	mov	r7, r0
1000286a:	f7ff faf7 	bl	10001e5c <__wrap___aeabi_ui2d>
1000286e:	4602      	mov	r2, r0
10002870:	460b      	mov	r3, r1
10002872:	e9dd 010a 	ldrd	r0, r1, [sp, #40]	@ 0x28
10002876:	f7ff fa57 	bl	10001d28 <__wrap___aeabi_dsub>
1000287a:	4602      	mov	r2, r0
1000287c:	460b      	mov	r3, r1
1000287e:	e9cd 230a 	strd	r2, r3, [sp, #40]	@ 0x28
10002882:	2200      	movs	r2, #0
10002884:	4b8f      	ldr	r3, [pc, #572]	@ (10002ac4 <_ftoa+0x354>)
10002886:	f7ff fb59 	bl	10001f3c <__wrap___aeabi_dcmpgt>
1000288a:	2800      	cmp	r0, #0
1000288c:	f000 80db 	beq.w	10002a46 <_ftoa+0x2d6>
10002890:	3701      	adds	r7, #1
10002892:	4638      	mov	r0, r7
10002894:	f7ff fae2 	bl	10001e5c <__wrap___aeabi_ui2d>
10002898:	e9dd 2308 	ldrd	r2, r3, [sp, #32]
1000289c:	f7ff fb3a 	bl	10001f14 <__wrap___aeabi_dcmpge>
100028a0:	b108      	cbz	r0, 100028a6 <_ftoa+0x136>
100028a2:	2700      	movs	r7, #0
100028a4:	3401      	adds	r4, #1
100028a6:	2e00      	cmp	r6, #0
100028a8:	f040 80b1 	bne.w	10002a0e <_ftoa+0x29e>
100028ac:	4620      	mov	r0, r4
100028ae:	f7ff fac3 	bl	10001e38 <__wrap___aeabi_i2d>
100028b2:	4602      	mov	r2, r0
100028b4:	460b      	mov	r3, r1
100028b6:	4640      	mov	r0, r8
100028b8:	4649      	mov	r1, r9
100028ba:	f7ff fa35 	bl	10001d28 <__wrap___aeabi_dsub>
100028be:	2200      	movs	r2, #0
100028c0:	4b80      	ldr	r3, [pc, #512]	@ (10002ac4 <_ftoa+0x354>)
100028c2:	4606      	mov	r6, r0
100028c4:	460f      	mov	r7, r1
100028c6:	f7ff fb11 	bl	10001eec <__wrap___aeabi_dcmplt>
100028ca:	b940      	cbnz	r0, 100028de <_ftoa+0x16e>
100028cc:	4630      	mov	r0, r6
100028ce:	4639      	mov	r1, r7
100028d0:	2200      	movs	r2, #0
100028d2:	4b7c      	ldr	r3, [pc, #496]	@ (10002ac4 <_ftoa+0x354>)
100028d4:	f7ff fb32 	bl	10001f3c <__wrap___aeabi_dcmpgt>
100028d8:	2800      	cmp	r0, #0
100028da:	f000 8115 	beq.w	10002b08 <_ftoa+0x398>
100028de:	9b0c      	ldr	r3, [sp, #48]	@ 0x30
100028e0:	1e69      	subs	r1, r5, #1
100028e2:	4879      	ldr	r0, [pc, #484]	@ (10002ac8 <_ftoa+0x358>)
100028e4:	4419      	add	r1, r3
100028e6:	e010      	b.n	1000290a <_ftoa+0x19a>
100028e8:	fb80 6204 	smull	r6, r2, r0, r4
100028ec:	ebc3 03a2 	rsb	r3, r3, r2, asr #2
100028f0:	eb03 0283 	add.w	r2, r3, r3, lsl #2
100028f4:	eba4 0442 	sub.w	r4, r4, r2, lsl #1
100028f8:	f104 0230 	add.w	r2, r4, #48	@ 0x30
100028fc:	3501      	adds	r5, #1
100028fe:	461c      	mov	r4, r3
10002900:	f801 2f01 	strb.w	r2, [r1, #1]!
10002904:	2b00      	cmp	r3, #0
10002906:	f000 80ab 	beq.w	10002a60 <_ftoa+0x2f0>
1000290a:	2d20      	cmp	r5, #32
1000290c:	ea4f 73e4 	mov.w	r3, r4, asr #31
10002910:	d1ea      	bne.n	100028e8 <_ftoa+0x178>
10002912:	f00a 0303 	and.w	r3, sl, #3
10002916:	2b01      	cmp	r3, #1
10002918:	d11c      	bne.n	10002954 <_ftoa+0x1e4>
1000291a:	f1bb 0f00 	cmp.w	fp, #0
1000291e:	d019      	beq.n	10002954 <_ftoa+0x1e4>
10002920:	9b0d      	ldr	r3, [sp, #52]	@ 0x34
10002922:	2b00      	cmp	r3, #0
10002924:	f040 80f9 	bne.w	10002b1a <_ftoa+0x3aa>
10002928:	f01a 0f0c 	tst.w	sl, #12
1000292c:	f040 80f5 	bne.w	10002b1a <_ftoa+0x3aa>
10002930:	45ab      	cmp	fp, r5
10002932:	f240 80d3 	bls.w	10002adc <_ftoa+0x36c>
10002936:	2d20      	cmp	r5, #32
10002938:	d00b      	beq.n	10002952 <_ftoa+0x1e2>
1000293a:	2230      	movs	r2, #48	@ 0x30
1000293c:	990c      	ldr	r1, [sp, #48]	@ 0x30
1000293e:	1e6b      	subs	r3, r5, #1
10002940:	440b      	add	r3, r1
10002942:	3501      	adds	r5, #1
10002944:	455d      	cmp	r5, fp
10002946:	f803 2f01 	strb.w	r2, [r3, #1]!
1000294a:	f000 808d 	beq.w	10002a68 <_ftoa+0x2f8>
1000294e:	2d20      	cmp	r5, #32
10002950:	d1f7      	bne.n	10002942 <_ftoa+0x1d2>
10002952:	2520      	movs	r5, #32
10002954:	e9dd 2306 	ldrd	r2, r3, [sp, #24]
10002958:	e9dd 0104 	ldrd	r0, r1, [sp, #16]
1000295c:	9c0c      	ldr	r4, [sp, #48]	@ 0x30
1000295e:	e9cd ba02 	strd	fp, sl, [sp, #8]
10002962:	9501      	str	r5, [sp, #4]
10002964:	9400      	str	r4, [sp, #0]
10002966:	f7ff fb27 	bl	10001fb8 <_out_rev>
1000296a:	b017      	add	sp, #92	@ 0x5c
1000296c:	e8bd 8ff0 	ldmia.w	sp!, {r4, r5, r6, r7, r8, r9, sl, fp, pc}
10002970:	e9cd 8920 	strd	r8, r9, [sp, #128]	@ 0x80
10002974:	e9dd 2306 	ldrd	r2, r3, [sp, #24]
10002978:	e9dd 0104 	ldrd	r0, r1, [sp, #16]
1000297c:	e9cd ba23 	strd	fp, sl, [sp, #140]	@ 0x8c
10002980:	9422      	str	r4, [sp, #136]	@ 0x88
10002982:	b017      	add	sp, #92	@ 0x5c
10002984:	e8bd 4ff0 	ldmia.w	sp!, {r4, r5, r6, r7, r8, r9, sl, fp, lr}
10002988:	f7ff bcc2 	b.w	10002310 <_etoa>
1000298c:	4d4f      	ldr	r5, [pc, #316]	@ (10002acc <_ftoa+0x35c>)
1000298e:	f8cd a08c 	str.w	sl, [sp, #140]	@ 0x8c
10002992:	f00a 0a04 	and.w	sl, sl, #4
10002996:	f1ba 0f00 	cmp.w	sl, #0
1000299a:	4c4d      	ldr	r4, [pc, #308]	@ (10002ad0 <_ftoa+0x360>)
1000299c:	bf18      	it	ne
1000299e:	462c      	movne	r4, r5
100029a0:	e9dd 2306 	ldrd	r2, r3, [sp, #24]
100029a4:	e9dd 0104 	ldrd	r0, r1, [sp, #16]
100029a8:	9420      	str	r4, [sp, #128]	@ 0x80
100029aa:	bf0c      	ite	eq
100029ac:	2403      	moveq	r4, #3
100029ae:	2404      	movne	r4, #4
100029b0:	f8cd b088 	str.w	fp, [sp, #136]	@ 0x88
100029b4:	9421      	str	r4, [sp, #132]	@ 0x84
100029b6:	b017      	add	sp, #92	@ 0x5c
100029b8:	e8bd 4ff0 	ldmia.w	sp!, {r4, r5, r6, r7, r8, r9, sl, fp, lr}
100029bc:	f7ff bafc 	b.w	10001fb8 <_out_rev>
100029c0:	464b      	mov	r3, r9
100029c2:	4642      	mov	r2, r8
100029c4:	2000      	movs	r0, #0
100029c6:	2100      	movs	r1, #0
100029c8:	f7ff f9ae 	bl	10001d28 <__wrap___aeabi_dsub>
100029cc:	2301      	movs	r3, #1
100029ce:	f41a 6580 	ands.w	r5, sl, #1024	@ 0x400
100029d2:	4680      	mov	r8, r0
100029d4:	4689      	mov	r9, r1
100029d6:	930d      	str	r3, [sp, #52]	@ 0x34
100029d8:	f47f af17 	bne.w	1000280a <_ftoa+0x9a>
100029dc:	ed9f 7b36 	vldr	d7, [pc, #216]	@ 10002ab8 <_ftoa+0x348>
100029e0:	ab0e      	add	r3, sp, #56	@ 0x38
100029e2:	2606      	movs	r6, #6
100029e4:	ed8d 7b08 	vstr	d7, [sp, #32]
100029e8:	930c      	str	r3, [sp, #48]	@ 0x30
100029ea:	e726      	b.n	1000283a <_ftoa+0xca>
100029ec:	2404      	movs	r4, #4
100029ee:	e9dd 2306 	ldrd	r2, r3, [sp, #24]
100029f2:	e9dd 0104 	ldrd	r0, r1, [sp, #16]
100029f6:	4d37      	ldr	r5, [pc, #220]	@ (10002ad4 <_ftoa+0x364>)
100029f8:	f8cd a08c 	str.w	sl, [sp, #140]	@ 0x8c
100029fc:	f8cd b088 	str.w	fp, [sp, #136]	@ 0x88
10002a00:	9520      	str	r5, [sp, #128]	@ 0x80
10002a02:	9421      	str	r4, [sp, #132]	@ 0x84
10002a04:	b017      	add	sp, #92	@ 0x5c
10002a06:	e8bd 4ff0 	ldmia.w	sp!, {r4, r5, r6, r7, r8, r9, sl, fp, lr}
10002a0a:	f7ff bad5 	b.w	10001fb8 <_out_rev>
10002a0e:	9b0c      	ldr	r3, [sp, #48]	@ 0x30
10002a10:	1e68      	subs	r0, r5, #1
10002a12:	f8df c0c4 	ldr.w	ip, [pc, #196]	@ 10002ad8 <_ftoa+0x368>
10002a16:	4418      	add	r0, r3
10002a18:	e00d      	b.n	10002a36 <_ftoa+0x2c6>
10002a1a:	fbac 2107 	umull	r2, r1, ip, r7
10002a1e:	08c9      	lsrs	r1, r1, #3
10002a20:	eb01 0281 	add.w	r2, r1, r1, lsl #2
10002a24:	eba7 0242 	sub.w	r2, r7, r2, lsl #1
10002a28:	3230      	adds	r2, #48	@ 0x30
10002a2a:	2f09      	cmp	r7, #9
10002a2c:	f800 2f01 	strb.w	r2, [r0, #1]!
10002a30:	d927      	bls.n	10002a82 <_ftoa+0x312>
10002a32:	460f      	mov	r7, r1
10002a34:	461d      	mov	r5, r3
10002a36:	2d20      	cmp	r5, #32
10002a38:	f105 0301 	add.w	r3, r5, #1
10002a3c:	f106 36ff 	add.w	r6, r6, #4294967295	@ 0xffffffff
10002a40:	d1eb      	bne.n	10002a1a <_ftoa+0x2aa>
10002a42:	2520      	movs	r5, #32
10002a44:	e74b      	b.n	100028de <_ftoa+0x16e>
10002a46:	2200      	movs	r2, #0
10002a48:	e9dd 010a 	ldrd	r0, r1, [sp, #40]	@ 0x28
10002a4c:	4b1d      	ldr	r3, [pc, #116]	@ (10002ac4 <_ftoa+0x354>)
10002a4e:	f7ff fa4d 	bl	10001eec <__wrap___aeabi_dcmplt>
10002a52:	2800      	cmp	r0, #0
10002a54:	f47f af27 	bne.w	100028a6 <_ftoa+0x136>
10002a58:	2f00      	cmp	r7, #0
10002a5a:	d15a      	bne.n	10002b12 <_ftoa+0x3a2>
10002a5c:	3701      	adds	r7, #1
10002a5e:	e722      	b.n	100028a6 <_ftoa+0x136>
10002a60:	f00a 0303 	and.w	r3, sl, #3
10002a64:	2b01      	cmp	r3, #1
10002a66:	d075      	beq.n	10002b54 <_ftoa+0x3e4>
10002a68:	2d20      	cmp	r5, #32
10002a6a:	f43f af73 	beq.w	10002954 <_ftoa+0x1e4>
10002a6e:	9b0d      	ldr	r3, [sp, #52]	@ 0x34
10002a70:	b3bb      	cbz	r3, 10002ae2 <_ftoa+0x372>
10002a72:	222d      	movs	r2, #45	@ 0x2d
10002a74:	f105 0358 	add.w	r3, r5, #88	@ 0x58
10002a78:	446b      	add	r3, sp
10002a7a:	f803 2c20 	strb.w	r2, [r3, #-32]
10002a7e:	3501      	adds	r5, #1
10002a80:	e768      	b.n	10002954 <_ftoa+0x1e4>
10002a82:	2b20      	cmp	r3, #32
10002a84:	d0dd      	beq.n	10002a42 <_ftoa+0x2d2>
10002a86:	b3ae      	cbz	r6, 10002af4 <_ftoa+0x384>
10002a88:	9a0c      	ldr	r2, [sp, #48]	@ 0x30
10002a8a:	441e      	add	r6, r3
10002a8c:	4415      	add	r5, r2
10002a8e:	2230      	movs	r2, #48	@ 0x30
10002a90:	e001      	b.n	10002a96 <_ftoa+0x326>
10002a92:	42b3      	cmp	r3, r6
10002a94:	d02e      	beq.n	10002af4 <_ftoa+0x384>
10002a96:	3301      	adds	r3, #1
10002a98:	2b20      	cmp	r3, #32
10002a9a:	f805 2f01 	strb.w	r2, [r5, #1]!
10002a9e:	d1f8      	bne.n	10002a92 <_ftoa+0x322>
10002aa0:	e7cf      	b.n	10002a42 <_ftoa+0x2d2>
10002aa2:	461d      	mov	r5, r3
10002aa4:	e6c5      	b.n	10002832 <_ftoa+0xc2>
10002aa6:	bf00      	nop
10002aa8:	00000000 	.word	0x00000000
10002aac:	41cdcd65 	.word	0x41cdcd65
10002ab0:	00000000 	.word	0x00000000
10002ab4:	c1cdcd65 	.word	0xc1cdcd65
10002ab8:	00000000 	.word	0x00000000
10002abc:	412e8480 	.word	0x412e8480
10002ac0:	7fefffff 	.word	0x7fefffff
10002ac4:	3fe00000 	.word	0x3fe00000
10002ac8:	66666667 	.word	0x66666667
10002acc:	1000b4f4 	.word	0x1000b4f4
10002ad0:	1000b4fc 	.word	0x1000b4fc
10002ad4:	1000b504 	.word	0x1000b504
10002ad8:	cccccccd 	.word	0xcccccccd
10002adc:	2d20      	cmp	r5, #32
10002ade:	f43f af39 	beq.w	10002954 <_ftoa+0x1e4>
10002ae2:	f01a 0f04 	tst.w	sl, #4
10002ae6:	d10d      	bne.n	10002b04 <_ftoa+0x394>
10002ae8:	f01a 0f08 	tst.w	sl, #8
10002aec:	f43f af32 	beq.w	10002954 <_ftoa+0x1e4>
10002af0:	2220      	movs	r2, #32
10002af2:	e7bf      	b.n	10002a74 <_ftoa+0x304>
10002af4:	212e      	movs	r1, #46	@ 0x2e
10002af6:	f103 0258 	add.w	r2, r3, #88	@ 0x58
10002afa:	446a      	add	r2, sp
10002afc:	f802 1c20 	strb.w	r1, [r2, #-32]
10002b00:	1c5d      	adds	r5, r3, #1
10002b02:	e6ec      	b.n	100028de <_ftoa+0x16e>
10002b04:	222b      	movs	r2, #43	@ 0x2b
10002b06:	e7b5      	b.n	10002a74 <_ftoa+0x304>
10002b08:	07e3      	lsls	r3, r4, #31
10002b0a:	f57f aee8 	bpl.w	100028de <_ftoa+0x16e>
10002b0e:	3401      	adds	r4, #1
10002b10:	e6e5      	b.n	100028de <_ftoa+0x16e>
10002b12:	07fa      	lsls	r2, r7, #31
10002b14:	f57f aec7 	bpl.w	100028a6 <_ftoa+0x136>
10002b18:	e7a0      	b.n	10002a5c <_ftoa+0x2ec>
10002b1a:	f10b 3bff 	add.w	fp, fp, #4294967295	@ 0xffffffff
10002b1e:	45ab      	cmp	fp, r5
10002b20:	f63f af09 	bhi.w	10002936 <_ftoa+0x1c6>
10002b24:	e7a0      	b.n	10002a68 <_ftoa+0x2f8>
10002b26:	2403      	movs	r4, #3
10002b28:	e9dd 2306 	ldrd	r2, r3, [sp, #24]
10002b2c:	e9dd 0104 	ldrd	r0, r1, [sp, #16]
10002b30:	4d0a      	ldr	r5, [pc, #40]	@ (10002b5c <_ftoa+0x3ec>)
10002b32:	f8cd a08c 	str.w	sl, [sp, #140]	@ 0x8c
10002b36:	f8cd b088 	str.w	fp, [sp, #136]	@ 0x88
10002b3a:	e761      	b.n	10002a00 <_ftoa+0x290>
10002b3c:	4b08      	ldr	r3, [pc, #32]	@ (10002b60 <_ftoa+0x3f0>)
10002b3e:	4626      	mov	r6, r4
10002b40:	eb03 03c4 	add.w	r3, r3, r4, lsl #3
10002b44:	ed93 7b00 	vldr	d7, [r3]
10002b48:	ab0e      	add	r3, sp, #56	@ 0x38
10002b4a:	ed8d 7b08 	vstr	d7, [sp, #32]
10002b4e:	2500      	movs	r5, #0
10002b50:	930c      	str	r3, [sp, #48]	@ 0x30
10002b52:	e672      	b.n	1000283a <_ftoa+0xca>
10002b54:	f1bb 0f00 	cmp.w	fp, #0
10002b58:	d086      	beq.n	10002a68 <_ftoa+0x2f8>
10002b5a:	e6e1      	b.n	10002920 <_ftoa+0x1b0>
10002b5c:	1000b500 	.word	0x1000b500
10002b60:	1000b6f0 	.word	0x1000b6f0

10002b64 <_vsnprintf>:
10002b64:	e92d 4ff0 	stmdb	sp!, {r4, r5, r6, r7, r8, r9, sl, fp, lr}
10002b68:	469a      	mov	sl, r3
10002b6a:	b09b      	sub	sp, #108	@ 0x6c
10002b6c:	9c24      	ldr	r4, [sp, #144]	@ 0x90
10002b6e:	4d96      	ldr	r5, [pc, #600]	@ (10002dc8 <_vsnprintf+0x264>)
10002b70:	940b      	str	r4, [sp, #44]	@ 0x2c
10002b72:	4c96      	ldr	r4, [pc, #600]	@ (10002dcc <_vsnprintf+0x268>)
10002b74:	1e0b      	subs	r3, r1, #0
10002b76:	bf18      	it	ne
10002b78:	4683      	movne	fp, r0
10002b7a:	6025      	str	r5, [r4, #0]
10002b7c:	f89a 0000 	ldrb.w	r0, [sl]
10002b80:	4c93      	ldr	r4, [pc, #588]	@ (10002dd0 <_vsnprintf+0x26c>)
10002b82:	930a      	str	r3, [sp, #40]	@ 0x28
10002b84:	bf08      	it	eq
10002b86:	46a3      	moveq	fp, r4
10002b88:	9209      	str	r2, [sp, #36]	@ 0x24
10002b8a:	2800      	cmp	r0, #0
10002b8c:	f000 82bc 	beq.w	10003108 <_vsnprintf+0x5a4>
10002b90:	f04f 0900 	mov.w	r9, #0
10002b94:	e00a      	b.n	10002bac <_vsnprintf+0x48>
10002b96:	464a      	mov	r2, r9
10002b98:	9b09      	ldr	r3, [sp, #36]	@ 0x24
10002b9a:	990a      	ldr	r1, [sp, #40]	@ 0x28
10002b9c:	f109 0901 	add.w	r9, r9, #1
10002ba0:	47d8      	blx	fp
10002ba2:	f89a 0000 	ldrb.w	r0, [sl]
10002ba6:	2800      	cmp	r0, #0
10002ba8:	f000 80ce 	beq.w	10002d48 <_vsnprintf+0x1e4>
10002bac:	2825      	cmp	r0, #37	@ 0x25
10002bae:	f10a 0a01 	add.w	sl, sl, #1
10002bb2:	d1f0      	bne.n	10002b96 <_vsnprintf+0x32>
10002bb4:	2300      	movs	r3, #0
10002bb6:	4652      	mov	r2, sl
10002bb8:	f812 0b01 	ldrb.w	r0, [r2], #1
10002bbc:	f1a0 0120 	sub.w	r1, r0, #32
10002bc0:	2910      	cmp	r1, #16
10002bc2:	d80a      	bhi.n	10002bda <_vsnprintf+0x76>
10002bc4:	e8df f001 	tbb	[pc, r1]
10002bc8:	3c090940 	.word	0x3c090940
10002bcc:	09090909 	.word	0x09090909
10002bd0:	38090909 	.word	0x38090909
10002bd4:	09093409 	.word	0x09093409
10002bd8:	30          	.byte	0x30
10002bd9:	00          	.byte	0x00
10002bda:	f1a0 0130 	sub.w	r1, r0, #48	@ 0x30
10002bde:	2909      	cmp	r1, #9
10002be0:	f240 808c 	bls.w	10002cfc <_vsnprintf+0x198>
10002be4:	282a      	cmp	r0, #42	@ 0x2a
10002be6:	f000 80f5 	beq.w	10002dd4 <_vsnprintf+0x270>
10002bea:	2100      	movs	r1, #0
10002bec:	910c      	str	r1, [sp, #48]	@ 0x30
10002bee:	282e      	cmp	r0, #46	@ 0x2e
10002bf0:	f000 8099 	beq.w	10002d26 <_vsnprintf+0x1c2>
10002bf4:	2700      	movs	r7, #0
10002bf6:	f1a0 0168 	sub.w	r1, r0, #104	@ 0x68
10002bfa:	2912      	cmp	r1, #18
10002bfc:	d82d      	bhi.n	10002c5a <_vsnprintf+0xf6>
10002bfe:	e8df f011 	tbh	[pc, r1, lsl #1]
10002c02:	0157      	.short	0x0157
10002c04:	0151002c 	.word	0x0151002c
10002c08:	0145002c 	.word	0x0145002c
10002c0c:	002c002c 	.word	0x002c002c
10002c10:	002c002c 	.word	0x002c002c
10002c14:	002c002c 	.word	0x002c002c
10002c18:	0027002c 	.word	0x0027002c
10002c1c:	002c002c 	.word	0x002c002c
10002c20:	002c002c 	.word	0x002c002c
10002c24:	0027002c 	.word	0x0027002c
10002c28:	4692      	mov	sl, r2
10002c2a:	f043 0301 	orr.w	r3, r3, #1
10002c2e:	e7c2      	b.n	10002bb6 <_vsnprintf+0x52>
10002c30:	4692      	mov	sl, r2
10002c32:	f043 0302 	orr.w	r3, r3, #2
10002c36:	e7be      	b.n	10002bb6 <_vsnprintf+0x52>
10002c38:	4692      	mov	sl, r2
10002c3a:	f043 0304 	orr.w	r3, r3, #4
10002c3e:	e7ba      	b.n	10002bb6 <_vsnprintf+0x52>
10002c40:	4692      	mov	sl, r2
10002c42:	f043 0310 	orr.w	r3, r3, #16
10002c46:	e7b6      	b.n	10002bb6 <_vsnprintf+0x52>
10002c48:	4692      	mov	sl, r2
10002c4a:	f043 0308 	orr.w	r3, r3, #8
10002c4e:	e7b2      	b.n	10002bb6 <_vsnprintf+0x52>
10002c50:	f89a 0001 	ldrb.w	r0, [sl, #1]
10002c54:	f443 7380 	orr.w	r3, r3, #256	@ 0x100
10002c58:	3201      	adds	r2, #1
10002c5a:	2867      	cmp	r0, #103	@ 0x67
10002c5c:	4692      	mov	sl, r2
10002c5e:	f200 8082 	bhi.w	10002d66 <_vsnprintf+0x202>
10002c62:	2824      	cmp	r0, #36	@ 0x24
10002c64:	f240 80c6 	bls.w	10002df4 <_vsnprintf+0x290>
10002c68:	f1a0 0225 	sub.w	r2, r0, #37	@ 0x25
10002c6c:	2a42      	cmp	r2, #66	@ 0x42
10002c6e:	f200 80c1 	bhi.w	10002df4 <_vsnprintf+0x290>
10002c72:	e8df f012 	tbh	[pc, r2, lsl #1]
10002c76:	015f      	.short	0x015f
10002c78:	00bf00bf 	.word	0x00bf00bf
10002c7c:	00bf00bf 	.word	0x00bf00bf
10002c80:	00bf00bf 	.word	0x00bf00bf
10002c84:	00bf00bf 	.word	0x00bf00bf
10002c88:	00bf00bf 	.word	0x00bf00bf
10002c8c:	00bf00bf 	.word	0x00bf00bf
10002c90:	00bf00bf 	.word	0x00bf00bf
10002c94:	00bf00bf 	.word	0x00bf00bf
10002c98:	00bf00bf 	.word	0x00bf00bf
10002c9c:	00bf00bf 	.word	0x00bf00bf
10002ca0:	00bf00bf 	.word	0x00bf00bf
10002ca4:	00bf00bf 	.word	0x00bf00bf
10002ca8:	00bf00bf 	.word	0x00bf00bf
10002cac:	00bf00bf 	.word	0x00bf00bf
10002cb0:	00bf00bf 	.word	0x00bf00bf
10002cb4:	012600bf 	.word	0x012600bf
10002cb8:	01260145 	.word	0x01260145
10002cbc:	00bf00bf 	.word	0x00bf00bf
10002cc0:	00bf00bf 	.word	0x00bf00bf
10002cc4:	00bf00bf 	.word	0x00bf00bf
10002cc8:	00bf00bf 	.word	0x00bf00bf
10002ccc:	00bf00bf 	.word	0x00bf00bf
10002cd0:	00bf00bf 	.word	0x00bf00bf
10002cd4:	00bf00bf 	.word	0x00bf00bf
10002cd8:	00bf00bf 	.word	0x00bf00bf
10002cdc:	00bf01d3 	.word	0x00bf01d3
10002ce0:	00bf00bf 	.word	0x00bf00bf
10002ce4:	00bf00bf 	.word	0x00bf00bf
10002ce8:	00bf00bf 	.word	0x00bf00bf
10002cec:	00bf00bf 	.word	0x00bf00bf
10002cf0:	016701d3 	.word	0x016701d3
10002cf4:	012601d3 	.word	0x012601d3
10002cf8:	01260145 	.word	0x01260145
10002cfc:	2100      	movs	r1, #0
10002cfe:	e000      	b.n	10002d02 <_vsnprintf+0x19e>
10002d00:	3201      	adds	r2, #1
10002d02:	eb01 0181 	add.w	r1, r1, r1, lsl #2
10002d06:	eb00 0141 	add.w	r1, r0, r1, lsl #1
10002d0a:	7810      	ldrb	r0, [r2, #0]
10002d0c:	4692      	mov	sl, r2
10002d0e:	f1a0 0430 	sub.w	r4, r0, #48	@ 0x30
10002d12:	2c09      	cmp	r4, #9
10002d14:	f1a1 0130 	sub.w	r1, r1, #48	@ 0x30
10002d18:	d9f2      	bls.n	10002d00 <_vsnprintf+0x19c>
10002d1a:	282e      	cmp	r0, #46	@ 0x2e
10002d1c:	910c      	str	r1, [sp, #48]	@ 0x30
10002d1e:	f102 0201 	add.w	r2, r2, #1
10002d22:	f47f af67 	bne.w	10002bf4 <_vsnprintf+0x90>
10002d26:	f89a 0001 	ldrb.w	r0, [sl, #1]
10002d2a:	4611      	mov	r1, r2
10002d2c:	f1a0 0630 	sub.w	r6, r0, #48	@ 0x30
10002d30:	2e09      	cmp	r6, #9
10002d32:	f443 6380 	orr.w	r3, r3, #1024	@ 0x400
10002d36:	f240 8131 	bls.w	10002f9c <_vsnprintf+0x438>
10002d3a:	282a      	cmp	r0, #42	@ 0x2a
10002d3c:	f000 813e 	beq.w	10002fbc <_vsnprintf+0x458>
10002d40:	4692      	mov	sl, r2
10002d42:	2700      	movs	r7, #0
10002d44:	3201      	adds	r2, #1
10002d46:	e756      	b.n	10002bf6 <_vsnprintf+0x92>
10002d48:	464c      	mov	r4, r9
10002d4a:	9b09      	ldr	r3, [sp, #36]	@ 0x24
10002d4c:	4599      	cmp	r9, r3
10002d4e:	d301      	bcc.n	10002d54 <_vsnprintf+0x1f0>
10002d50:	f103 39ff 	add.w	r9, r3, #4294967295	@ 0xffffffff
10002d54:	464a      	mov	r2, r9
10002d56:	2000      	movs	r0, #0
10002d58:	9b09      	ldr	r3, [sp, #36]	@ 0x24
10002d5a:	990a      	ldr	r1, [sp, #40]	@ 0x28
10002d5c:	47d8      	blx	fp
10002d5e:	4620      	mov	r0, r4
10002d60:	b01b      	add	sp, #108	@ 0x6c
10002d62:	e8bd 8ff0 	ldmia.w	sp!, {r4, r5, r6, r7, r8, r9, sl, fp, pc}
10002d66:	f1a0 0269 	sub.w	r2, r0, #105	@ 0x69
10002d6a:	b2d2      	uxtb	r2, r2
10002d6c:	2a0f      	cmp	r2, #15
10002d6e:	d841      	bhi.n	10002df4 <_vsnprintf+0x290>
10002d70:	2601      	movs	r6, #1
10002d72:	f249 0141 	movw	r1, #36929	@ 0x9041
10002d76:	4096      	lsls	r6, r2
10002d78:	400e      	ands	r6, r1
10002d7a:	f040 8101 	bne.w	10002f80 <_vsnprintf+0x41c>
10002d7e:	2a0a      	cmp	r2, #10
10002d80:	d03f      	beq.n	10002e02 <_vsnprintf+0x29e>
10002d82:	2a07      	cmp	r2, #7
10002d84:	d136      	bne.n	10002df4 <_vsnprintf+0x290>
10002d86:	9c0b      	ldr	r4, [sp, #44]	@ 0x2c
10002d88:	f854 2b04 	ldr.w	r2, [r4], #4
10002d8c:	2a00      	cmp	r2, #0
10002d8e:	f000 8128 	beq.w	10002fe2 <_vsnprintf+0x47e>
10002d92:	f043 0121 	orr.w	r1, r3, #33	@ 0x21
10002d96:	f10d 0e48 	add.w	lr, sp, #72	@ 0x48
10002d9a:	4670      	mov	r0, lr
10002d9c:	e003      	b.n	10002da6 <_vsnprintf+0x242>
10002d9e:	2e20      	cmp	r6, #32
10002da0:	f000 8129 	beq.w	10002ff6 <_vsnprintf+0x492>
10002da4:	461a      	mov	r2, r3
10002da6:	f002 050f 	and.w	r5, r2, #15
10002daa:	462b      	mov	r3, r5
10002dac:	2d09      	cmp	r5, #9
10002dae:	bf94      	ite	ls
10002db0:	3330      	addls	r3, #48	@ 0x30
10002db2:	3337      	addhi	r3, #55	@ 0x37
10002db4:	2a0f      	cmp	r2, #15
10002db6:	f800 3b01 	strb.w	r3, [r0], #1
10002dba:	f106 0601 	add.w	r6, r6, #1
10002dbe:	ea4f 1312 	mov.w	r3, r2, lsr #4
10002dc2:	d8ec      	bhi.n	10002d9e <_vsnprintf+0x23a>
10002dc4:	e117      	b.n	10002ff6 <_vsnprintf+0x492>
10002dc6:	bf00      	nop
10002dc8:	10002b65 	.word	0x10002b65
10002dcc:	200038f4 	.word	0x200038f4
10002dd0:	10001fb5 	.word	0x10001fb5
10002dd4:	9c0b      	ldr	r4, [sp, #44]	@ 0x2c
10002dd6:	f89a 0001 	ldrb.w	r0, [sl, #1]
10002dda:	f854 5b04 	ldr.w	r5, [r4], #4
10002dde:	4692      	mov	sl, r2
10002de0:	2d00      	cmp	r5, #0
10002de2:	bfbd      	ittte	lt
10002de4:	4269      	neglt	r1, r5
10002de6:	f043 0302 	orrlt.w	r3, r3, #2
10002dea:	910c      	strlt	r1, [sp, #48]	@ 0x30
10002dec:	950c      	strge	r5, [sp, #48]	@ 0x30
10002dee:	940b      	str	r4, [sp, #44]	@ 0x2c
10002df0:	3201      	adds	r2, #1
10002df2:	e6fc      	b.n	10002bee <_vsnprintf+0x8a>
10002df4:	464a      	mov	r2, r9
10002df6:	9b09      	ldr	r3, [sp, #36]	@ 0x24
10002df8:	990a      	ldr	r1, [sp, #40]	@ 0x28
10002dfa:	f109 0901 	add.w	r9, r9, #1
10002dfe:	47d8      	blx	fp
10002e00:	e6cf      	b.n	10002ba2 <_vsnprintf+0x3e>
10002e02:	990b      	ldr	r1, [sp, #44]	@ 0x2c
10002e04:	f851 8b04 	ldr.w	r8, [r1], #4
10002e08:	f898 2000 	ldrb.w	r2, [r8]
10002e0c:	4610      	mov	r0, r2
10002e0e:	2f00      	cmp	r7, #0
10002e10:	f040 80e1 	bne.w	10002fd6 <_vsnprintf+0x472>
10002e14:	b172      	cbz	r2, 10002e34 <_vsnprintf+0x2d0>
10002e16:	f06f 0c01 	mvn.w	ip, #1
10002e1a:	f10c 0c01 	add.w	ip, ip, #1
10002e1e:	4646      	mov	r6, r8
10002e20:	44c4      	add	ip, r8
10002e22:	e001      	b.n	10002e28 <_vsnprintf+0x2c4>
10002e24:	4566      	cmp	r6, ip
10002e26:	d003      	beq.n	10002e30 <_vsnprintf+0x2cc>
10002e28:	f816 4f01 	ldrb.w	r4, [r6, #1]!
10002e2c:	2c00      	cmp	r4, #0
10002e2e:	d1f9      	bne.n	10002e24 <_vsnprintf+0x2c0>
10002e30:	eba6 0608 	sub.w	r6, r6, r8
10002e34:	f413 6c80 	ands.w	ip, r3, #1024	@ 0x400
10002e38:	d002      	beq.n	10002e40 <_vsnprintf+0x2dc>
10002e3a:	42be      	cmp	r6, r7
10002e3c:	bf28      	it	cs
10002e3e:	463e      	movcs	r6, r7
10002e40:	f013 0402 	ands.w	r4, r3, #2
10002e44:	f000 8187 	beq.w	10003156 <_vsnprintf+0x5f2>
10002e48:	2a00      	cmp	r2, #0
10002e4a:	f000 812b 	beq.w	100030a4 <_vsnprintf+0x540>
10002e4e:	f1bc 0f00 	cmp.w	ip, #0
10002e52:	f000 8141 	beq.w	100030d8 <_vsnprintf+0x574>
10002e56:	940b      	str	r4, [sp, #44]	@ 0x2c
10002e58:	960d      	str	r6, [sp, #52]	@ 0x34
10002e5a:	464a      	mov	r2, r9
10002e5c:	e9dd 5409 	ldrd	r5, r4, [sp, #36]	@ 0x24
10002e60:	460e      	mov	r6, r1
10002e62:	444f      	add	r7, r9
10002e64:	e008      	b.n	10002e78 <_vsnprintf+0x314>
10002e66:	462b      	mov	r3, r5
10002e68:	4621      	mov	r1, r4
10002e6a:	47d8      	blx	fp
10002e6c:	f818 0f01 	ldrb.w	r0, [r8, #1]!
10002e70:	f109 0901 	add.w	r9, r9, #1
10002e74:	b110      	cbz	r0, 10002e7c <_vsnprintf+0x318>
10002e76:	464a      	mov	r2, r9
10002e78:	454f      	cmp	r7, r9
10002e7a:	d1f4      	bne.n	10002e66 <_vsnprintf+0x302>
10002e7c:	4631      	mov	r1, r6
10002e7e:	9c0b      	ldr	r4, [sp, #44]	@ 0x2c
10002e80:	9e0d      	ldr	r6, [sp, #52]	@ 0x34
10002e82:	2c00      	cmp	r4, #0
10002e84:	f040 810e 	bne.w	100030a4 <_vsnprintf+0x540>
10002e88:	910b      	str	r1, [sp, #44]	@ 0x2c
10002e8a:	e68a      	b.n	10002ba2 <_vsnprintf+0x3e>
10002e8c:	f89a 0001 	ldrb.w	r0, [sl, #1]
10002e90:	286c      	cmp	r0, #108	@ 0x6c
10002e92:	f47f aedf 	bne.w	10002c54 <_vsnprintf+0xf0>
10002e96:	f89a 0002 	ldrb.w	r0, [sl, #2]
10002e9a:	f443 7340 	orr.w	r3, r3, #768	@ 0x300
10002e9e:	f10a 0203 	add.w	r2, sl, #3
10002ea2:	e6da      	b.n	10002c5a <_vsnprintf+0xf6>
10002ea4:	f89a 0001 	ldrb.w	r0, [sl, #1]
10002ea8:	f443 7300 	orr.w	r3, r3, #512	@ 0x200
10002eac:	3201      	adds	r2, #1
10002eae:	e6d4      	b.n	10002c5a <_vsnprintf+0xf6>
10002eb0:	f89a 0001 	ldrb.w	r0, [sl, #1]
10002eb4:	2868      	cmp	r0, #104	@ 0x68
10002eb6:	f000 8120 	beq.w	100030fa <_vsnprintf+0x596>
10002eba:	f043 0380 	orr.w	r3, r3, #128	@ 0x80
10002ebe:	3201      	adds	r2, #1
10002ec0:	e6cb      	b.n	10002c5a <_vsnprintf+0xf6>
10002ec2:	2867      	cmp	r0, #103	@ 0x67
10002ec4:	f000 80e7 	beq.w	10003096 <_vsnprintf+0x532>
10002ec8:	2847      	cmp	r0, #71	@ 0x47
10002eca:	f000 8100 	beq.w	100030ce <_vsnprintf+0x56a>
10002ece:	2845      	cmp	r0, #69	@ 0x45
10002ed0:	f000 80ff 	beq.w	100030d2 <_vsnprintf+0x56e>
10002ed4:	9c0b      	ldr	r4, [sp, #44]	@ 0x2c
10002ed6:	9304      	str	r3, [sp, #16]
10002ed8:	9b0c      	ldr	r3, [sp, #48]	@ 0x30
10002eda:	3407      	adds	r4, #7
10002edc:	e9cd 7302 	strd	r7, r3, [sp, #8]
10002ee0:	f024 0307 	bic.w	r3, r4, #7
10002ee4:	461c      	mov	r4, r3
10002ee6:	e9dd 3109 	ldrd	r3, r1, [sp, #36]	@ 0x24
10002eea:	e8f4 6702 	ldrd	r6, r7, [r4], #8
10002eee:	464a      	mov	r2, r9
10002ef0:	4658      	mov	r0, fp
10002ef2:	e9cd 6700 	strd	r6, r7, [sp]
10002ef6:	940b      	str	r4, [sp, #44]	@ 0x2c
10002ef8:	f7ff fa0a 	bl	10002310 <_etoa>
10002efc:	4681      	mov	r9, r0
10002efe:	e650      	b.n	10002ba2 <_vsnprintf+0x3e>
10002f00:	2846      	cmp	r0, #70	@ 0x46
10002f02:	9c0b      	ldr	r4, [sp, #44]	@ 0x2c
10002f04:	bf08      	it	eq
10002f06:	f043 0320 	orreq.w	r3, r3, #32
10002f0a:	9304      	str	r3, [sp, #16]
10002f0c:	9b0c      	ldr	r3, [sp, #48]	@ 0x30
10002f0e:	3407      	adds	r4, #7
10002f10:	e9cd 7302 	strd	r7, r3, [sp, #8]
10002f14:	f024 0307 	bic.w	r3, r4, #7
10002f18:	461c      	mov	r4, r3
10002f1a:	e9dd 3109 	ldrd	r3, r1, [sp, #36]	@ 0x24
10002f1e:	e8f4 6702 	ldrd	r6, r7, [r4], #8
10002f22:	464a      	mov	r2, r9
10002f24:	4658      	mov	r0, fp
10002f26:	e9cd 6700 	strd	r6, r7, [sp]
10002f2a:	940b      	str	r4, [sp, #44]	@ 0x2c
10002f2c:	f7ff fc20 	bl	10002770 <_ftoa>
10002f30:	4681      	mov	r9, r0
10002f32:	e636      	b.n	10002ba2 <_vsnprintf+0x3e>
10002f34:	464a      	mov	r2, r9
10002f36:	2025      	movs	r0, #37	@ 0x25
10002f38:	9b09      	ldr	r3, [sp, #36]	@ 0x24
10002f3a:	990a      	ldr	r1, [sp, #40]	@ 0x28
10002f3c:	f109 0901 	add.w	r9, r9, #1
10002f40:	47d8      	blx	fp
10002f42:	e62e      	b.n	10002ba2 <_vsnprintf+0x3e>
10002f44:	9a0b      	ldr	r2, [sp, #44]	@ 0x2c
10002f46:	079c      	lsls	r4, r3, #30
10002f48:	f102 0704 	add.w	r7, r2, #4
10002f4c:	f109 0601 	add.w	r6, r9, #1
10002f50:	f140 80e6 	bpl.w	10003120 <_vsnprintf+0x5bc>
10002f54:	7810      	ldrb	r0, [r2, #0]
10002f56:	9b09      	ldr	r3, [sp, #36]	@ 0x24
10002f58:	464a      	mov	r2, r9
10002f5a:	990a      	ldr	r1, [sp, #40]	@ 0x28
10002f5c:	47d8      	blx	fp
10002f5e:	9b0c      	ldr	r3, [sp, #48]	@ 0x30
10002f60:	2b01      	cmp	r3, #1
10002f62:	f240 812c 	bls.w	100031be <_vsnprintf+0x65a>
10002f66:	e9dd 5409 	ldrd	r5, r4, [sp, #36]	@ 0x24
10002f6a:	4499      	add	r9, r3
10002f6c:	4632      	mov	r2, r6
10002f6e:	462b      	mov	r3, r5
10002f70:	4621      	mov	r1, r4
10002f72:	2020      	movs	r0, #32
10002f74:	3601      	adds	r6, #1
10002f76:	47d8      	blx	fp
10002f78:	454e      	cmp	r6, r9
10002f7a:	d1f7      	bne.n	10002f6c <_vsnprintf+0x408>
10002f7c:	970b      	str	r7, [sp, #44]	@ 0x2c
10002f7e:	e610      	b.n	10002ba2 <_vsnprintf+0x3e>
10002f80:	286f      	cmp	r0, #111	@ 0x6f
10002f82:	f000 808b 	beq.w	1000309c <_vsnprintf+0x538>
10002f86:	f240 8165 	bls.w	10003254 <_vsnprintf+0x6f0>
10002f8a:	2878      	cmp	r0, #120	@ 0x78
10002f8c:	f000 8108 	beq.w	100031a0 <_vsnprintf+0x63c>
10002f90:	f04f 080a 	mov.w	r8, #10
10002f94:	f023 0310 	bic.w	r3, r3, #16
10002f98:	46c4      	mov	ip, r8
10002f9a:	e047      	b.n	1000302c <_vsnprintf+0x4c8>
10002f9c:	2700      	movs	r7, #0
10002f9e:	eb07 0787 	add.w	r7, r7, r7, lsl #2
10002fa2:	eb00 0047 	add.w	r0, r0, r7, lsl #1
10002fa6:	f1a0 0730 	sub.w	r7, r0, #48	@ 0x30
10002faa:	f811 0f01 	ldrb.w	r0, [r1, #1]!
10002fae:	f1a0 0230 	sub.w	r2, r0, #48	@ 0x30
10002fb2:	2a09      	cmp	r2, #9
10002fb4:	d9f3      	bls.n	10002f9e <_vsnprintf+0x43a>
10002fb6:	468a      	mov	sl, r1
10002fb8:	1c4a      	adds	r2, r1, #1
10002fba:	e61c      	b.n	10002bf6 <_vsnprintf+0x92>
10002fbc:	9c0b      	ldr	r4, [sp, #44]	@ 0x2c
10002fbe:	f89a 0002 	ldrb.w	r0, [sl, #2]
10002fc2:	f854 7b04 	ldr.w	r7, [r4], #4
10002fc6:	f10a 0a02 	add.w	sl, sl, #2
10002fca:	f10a 0201 	add.w	r2, sl, #1
10002fce:	940b      	str	r4, [sp, #44]	@ 0x2c
10002fd0:	ea27 77e7 	bic.w	r7, r7, r7, asr #31
10002fd4:	e60f      	b.n	10002bf6 <_vsnprintf+0x92>
10002fd6:	2a00      	cmp	r2, #0
10002fd8:	f43f af2c 	beq.w	10002e34 <_vsnprintf+0x2d0>
10002fdc:	f107 3cff 	add.w	ip, r7, #4294967295	@ 0xffffffff
10002fe0:	e71b      	b.n	10002e1a <_vsnprintf+0x2b6>
10002fe2:	f023 0110 	bic.w	r1, r3, #16
10002fe6:	f413 6280 	ands.w	r2, r3, #1024	@ 0x400
10002fea:	f041 0121 	orr.w	r1, r1, #33	@ 0x21
10002fee:	f43f aed2 	beq.w	10002d96 <_vsnprintf+0x232>
10002ff2:	f10d 0e48 	add.w	lr, sp, #72	@ 0x48
10002ff6:	2308      	movs	r3, #8
10002ff8:	2010      	movs	r0, #16
10002ffa:	9305      	str	r3, [sp, #20]
10002ffc:	2300      	movs	r3, #0
10002ffe:	464a      	mov	r2, r9
10003000:	e9cd 3002 	strd	r3, r0, [sp, #8]
10003004:	9106      	str	r1, [sp, #24]
10003006:	4658      	mov	r0, fp
10003008:	e9dd 3109 	ldrd	r3, r1, [sp, #36]	@ 0x24
1000300c:	e9cd e600 	strd	lr, r6, [sp]
10003010:	9704      	str	r7, [sp, #16]
10003012:	f7ff f81f 	bl	10002054 <_ntoa_format>
10003016:	940b      	str	r4, [sp, #44]	@ 0x2c
10003018:	4681      	mov	r9, r0
1000301a:	e5c2      	b.n	10002ba2 <_vsnprintf+0x3e>
1000301c:	2858      	cmp	r0, #88	@ 0x58
1000301e:	d079      	beq.n	10003114 <_vsnprintf+0x5b0>
10003020:	2862      	cmp	r0, #98	@ 0x62
10003022:	f040 8251 	bne.w	100034c8 <_vsnprintf+0x964>
10003026:	f04f 0802 	mov.w	r8, #2
1000302a:	46c4      	mov	ip, r8
1000302c:	f413 6080 	ands.w	r0, r3, #1024	@ 0x400
10003030:	d16d      	bne.n	1000310e <_vsnprintf+0x5aa>
10003032:	f023 030c 	bic.w	r3, r3, #12
10003036:	f413 7200 	ands.w	r2, r3, #512	@ 0x200
1000303a:	f040 80c2 	bne.w	100031c2 <_vsnprintf+0x65e>
1000303e:	990b      	ldr	r1, [sp, #44]	@ 0x2c
10003040:	3104      	adds	r1, #4
10003042:	910d      	str	r1, [sp, #52]	@ 0x34
10003044:	f413 7180 	ands.w	r1, r3, #256	@ 0x100
10003048:	f040 822e 	bne.w	100034a8 <_vsnprintf+0x944>
1000304c:	065e      	lsls	r6, r3, #25
1000304e:	9a0b      	ldr	r2, [sp, #44]	@ 0x2c
10003050:	f140 80aa 	bpl.w	100031a8 <_vsnprintf+0x644>
10003054:	7812      	ldrb	r2, [r2, #0]
10003056:	2a00      	cmp	r2, #0
10003058:	f040 80da 	bne.w	10003210 <_vsnprintf+0x6ac>
1000305c:	f023 0310 	bic.w	r3, r3, #16
10003060:	2800      	cmp	r0, #0
10003062:	f000 80d5 	beq.w	10003210 <_vsnprintf+0x6ac>
10003066:	4611      	mov	r1, r2
10003068:	f10d 0e48 	add.w	lr, sp, #72	@ 0x48
1000306c:	9306      	str	r3, [sp, #24]
1000306e:	9b0c      	ldr	r3, [sp, #48]	@ 0x30
10003070:	f8cd c00c 	str.w	ip, [sp, #12]
10003074:	e9cd 7304 	strd	r7, r3, [sp, #16]
10003078:	9101      	str	r1, [sp, #4]
1000307a:	2300      	movs	r3, #0
1000307c:	464a      	mov	r2, r9
1000307e:	9302      	str	r3, [sp, #8]
10003080:	4658      	mov	r0, fp
10003082:	e9dd 3109 	ldrd	r3, r1, [sp, #36]	@ 0x24
10003086:	f8cd e000 	str.w	lr, [sp]
1000308a:	f7fe ffe3 	bl	10002054 <_ntoa_format>
1000308e:	9b0d      	ldr	r3, [sp, #52]	@ 0x34
10003090:	4681      	mov	r9, r0
10003092:	930b      	str	r3, [sp, #44]	@ 0x2c
10003094:	e585      	b.n	10002ba2 <_vsnprintf+0x3e>
10003096:	f443 6300 	orr.w	r3, r3, #2048	@ 0x800
1000309a:	e71b      	b.n	10002ed4 <_vsnprintf+0x370>
1000309c:	f04f 0808 	mov.w	r8, #8
100030a0:	46c4      	mov	ip, r8
100030a2:	e7c3      	b.n	1000302c <_vsnprintf+0x4c8>
100030a4:	9b0c      	ldr	r3, [sp, #48]	@ 0x30
100030a6:	464c      	mov	r4, r9
100030a8:	42b3      	cmp	r3, r6
100030aa:	f67f aeed 	bls.w	10002e88 <_vsnprintf+0x324>
100030ae:	460f      	mov	r7, r1
100030b0:	444b      	add	r3, r9
100030b2:	eba3 0906 	sub.w	r9, r3, r6
100030b6:	e9dd 6509 	ldrd	r6, r5, [sp, #36]	@ 0x24
100030ba:	4622      	mov	r2, r4
100030bc:	4633      	mov	r3, r6
100030be:	4629      	mov	r1, r5
100030c0:	2020      	movs	r0, #32
100030c2:	3401      	adds	r4, #1
100030c4:	47d8      	blx	fp
100030c6:	454c      	cmp	r4, r9
100030c8:	d1f7      	bne.n	100030ba <_vsnprintf+0x556>
100030ca:	4639      	mov	r1, r7
100030cc:	e6dc      	b.n	10002e88 <_vsnprintf+0x324>
100030ce:	f443 6300 	orr.w	r3, r3, #2048	@ 0x800
100030d2:	f043 0320 	orr.w	r3, r3, #32
100030d6:	e6fd      	b.n	10002ed4 <_vsnprintf+0x370>
100030d8:	460f      	mov	r7, r1
100030da:	940b      	str	r4, [sp, #44]	@ 0x2c
100030dc:	e9dd 5409 	ldrd	r5, r4, [sp, #36]	@ 0x24
100030e0:	464a      	mov	r2, r9
100030e2:	462b      	mov	r3, r5
100030e4:	4621      	mov	r1, r4
100030e6:	47d8      	blx	fp
100030e8:	f818 0f01 	ldrb.w	r0, [r8, #1]!
100030ec:	f109 0901 	add.w	r9, r9, #1
100030f0:	2800      	cmp	r0, #0
100030f2:	d1f5      	bne.n	100030e0 <_vsnprintf+0x57c>
100030f4:	4639      	mov	r1, r7
100030f6:	9c0b      	ldr	r4, [sp, #44]	@ 0x2c
100030f8:	e6c3      	b.n	10002e82 <_vsnprintf+0x31e>
100030fa:	f89a 0002 	ldrb.w	r0, [sl, #2]
100030fe:	f043 03c0 	orr.w	r3, r3, #192	@ 0xc0
10003102:	f10a 0203 	add.w	r2, sl, #3
10003106:	e5a8      	b.n	10002c5a <_vsnprintf+0xf6>
10003108:	4604      	mov	r4, r0
1000310a:	4681      	mov	r9, r0
1000310c:	e61d      	b.n	10002d4a <_vsnprintf+0x1e6>
1000310e:	f023 030d 	bic.w	r3, r3, #13
10003112:	e790      	b.n	10003036 <_vsnprintf+0x4d2>
10003114:	f04f 0810 	mov.w	r8, #16
10003118:	f043 0320 	orr.w	r3, r3, #32
1000311c:	46c4      	mov	ip, r8
1000311e:	e785      	b.n	1000302c <_vsnprintf+0x4c8>
10003120:	9b0c      	ldr	r3, [sp, #48]	@ 0x30
10003122:	2b01      	cmp	r3, #1
10003124:	d945      	bls.n	100031b2 <_vsnprintf+0x64e>
10003126:	e9dd 5409 	ldrd	r5, r4, [sp, #36]	@ 0x24
1000312a:	464e      	mov	r6, r9
1000312c:	f109 38ff 	add.w	r8, r9, #4294967295	@ 0xffffffff
10003130:	4498      	add	r8, r3
10003132:	4632      	mov	r2, r6
10003134:	462b      	mov	r3, r5
10003136:	4621      	mov	r1, r4
10003138:	2020      	movs	r0, #32
1000313a:	3601      	adds	r6, #1
1000313c:	47d8      	blx	fp
1000313e:	4546      	cmp	r6, r8
10003140:	d1f7      	bne.n	10003132 <_vsnprintf+0x5ce>
10003142:	9b0c      	ldr	r3, [sp, #48]	@ 0x30
10003144:	4632      	mov	r2, r6
10003146:	4499      	add	r9, r3
10003148:	9b0b      	ldr	r3, [sp, #44]	@ 0x2c
1000314a:	7818      	ldrb	r0, [r3, #0]
1000314c:	e9dd 3109 	ldrd	r3, r1, [sp, #36]	@ 0x24
10003150:	47d8      	blx	fp
10003152:	970b      	str	r7, [sp, #44]	@ 0x2c
10003154:	e525      	b.n	10002ba2 <_vsnprintf+0x3e>
10003156:	9b0c      	ldr	r3, [sp, #48]	@ 0x30
10003158:	42b3      	cmp	r3, r6
1000315a:	f240 81ee 	bls.w	1000353a <_vsnprintf+0x9d6>
1000315e:	e9cd 480d 	strd	r4, r8, [sp, #52]	@ 0x34
10003162:	e9dd 5409 	ldrd	r5, r4, [sp, #36]	@ 0x24
10003166:	4688      	mov	r8, r1
10003168:	444b      	add	r3, r9
1000316a:	1b9e      	subs	r6, r3, r6
1000316c:	f8cd c02c 	str.w	ip, [sp, #44]	@ 0x2c
10003170:	464a      	mov	r2, r9
10003172:	462b      	mov	r3, r5
10003174:	4621      	mov	r1, r4
10003176:	2020      	movs	r0, #32
10003178:	f109 0901 	add.w	r9, r9, #1
1000317c:	47d8      	blx	fp
1000317e:	45b1      	cmp	r9, r6
10003180:	d1f6      	bne.n	10003170 <_vsnprintf+0x60c>
10003182:	4641      	mov	r1, r8
10003184:	f8dd 8038 	ldr.w	r8, [sp, #56]	@ 0x38
10003188:	9b0c      	ldr	r3, [sp, #48]	@ 0x30
1000318a:	f8dd c02c 	ldr.w	ip, [sp, #44]	@ 0x2c
1000318e:	9c0d      	ldr	r4, [sp, #52]	@ 0x34
10003190:	f898 2000 	ldrb.w	r2, [r8]
10003194:	1c5e      	adds	r6, r3, #1
10003196:	4610      	mov	r0, r2
10003198:	2a00      	cmp	r2, #0
1000319a:	f47f ae58 	bne.w	10002e4e <_vsnprintf+0x2ea>
1000319e:	e673      	b.n	10002e88 <_vsnprintf+0x324>
100031a0:	f04f 0810 	mov.w	r8, #16
100031a4:	46c4      	mov	ip, r8
100031a6:	e741      	b.n	1000302c <_vsnprintf+0x4c8>
100031a8:	061d      	lsls	r5, r3, #24
100031aa:	bf4c      	ite	mi
100031ac:	8812      	ldrhmi	r2, [r2, #0]
100031ae:	6812      	ldrpl	r2, [r2, #0]
100031b0:	e751      	b.n	10003056 <_vsnprintf+0x4f2>
100031b2:	4613      	mov	r3, r2
100031b4:	464a      	mov	r2, r9
100031b6:	7818      	ldrb	r0, [r3, #0]
100031b8:	e9dd 3109 	ldrd	r3, r1, [sp, #36]	@ 0x24
100031bc:	47d8      	blx	fp
100031be:	46b1      	mov	r9, r6
100031c0:	e6dc      	b.n	10002f7c <_vsnprintf+0x418>
100031c2:	9c0b      	ldr	r4, [sp, #44]	@ 0x2c
100031c4:	3407      	adds	r4, #7
100031c6:	f024 0407 	bic.w	r4, r4, #7
100031ca:	4622      	mov	r2, r4
100031cc:	6865      	ldr	r5, [r4, #4]
100031ce:	f852 4b08 	ldr.w	r4, [r2], #8
100031d2:	920b      	str	r2, [sp, #44]	@ 0x2c
100031d4:	ea54 0205 	orrs.w	r2, r4, r5
100031d8:	f040 812c 	bne.w	10003434 <_vsnprintf+0x8d0>
100031dc:	f023 0310 	bic.w	r3, r3, #16
100031e0:	2800      	cmp	r0, #0
100031e2:	f000 8127 	beq.w	10003434 <_vsnprintf+0x8d0>
100031e6:	2600      	movs	r6, #0
100031e8:	f10d 0e48 	add.w	lr, sp, #72	@ 0x48
100031ec:	9306      	str	r3, [sp, #24]
100031ee:	9b0c      	ldr	r3, [sp, #48]	@ 0x30
100031f0:	464a      	mov	r2, r9
100031f2:	e9cd 7304 	strd	r7, r3, [sp, #16]
100031f6:	2300      	movs	r3, #0
100031f8:	e9cd e600 	strd	lr, r6, [sp]
100031fc:	f8cd c00c 	str.w	ip, [sp, #12]
10003200:	9302      	str	r3, [sp, #8]
10003202:	4658      	mov	r0, fp
10003204:	e9dd 3109 	ldrd	r3, r1, [sp, #36]	@ 0x24
10003208:	f7fe ff24 	bl	10002054 <_ntoa_format>
1000320c:	4681      	mov	r9, r0
1000320e:	e4c8      	b.n	10002ba2 <_vsnprintf+0x3e>
10003210:	f013 0f20 	tst.w	r3, #32
10003214:	bf14      	ite	ne
10003216:	2041      	movne	r0, #65	@ 0x41
10003218:	2061      	moveq	r0, #97	@ 0x61
1000321a:	f10d 0e48 	add.w	lr, sp, #72	@ 0x48
1000321e:	4676      	mov	r6, lr
10003220:	f1a0 080a 	sub.w	r8, r0, #10
10003224:	e003      	b.n	1000322e <_vsnprintf+0x6ca>
10003226:	2920      	cmp	r1, #32
10003228:	f43f af20 	beq.w	1000306c <_vsnprintf+0x508>
1000322c:	4622      	mov	r2, r4
1000322e:	fbb2 f4fc 	udiv	r4, r2, ip
10003232:	fb0c 2514 	mls	r5, ip, r4, r2
10003236:	b2e8      	uxtb	r0, r5
10003238:	2d09      	cmp	r5, #9
1000323a:	f100 0530 	add.w	r5, r0, #48	@ 0x30
1000323e:	bf8a      	itet	hi
10003240:	4440      	addhi	r0, r8
10003242:	b2e8      	uxtbls	r0, r5
10003244:	b2c0      	uxtbhi	r0, r0
10003246:	4562      	cmp	r2, ip
10003248:	f806 0b01 	strb.w	r0, [r6], #1
1000324c:	f101 0101 	add.w	r1, r1, #1
10003250:	d2e9      	bcs.n	10003226 <_vsnprintf+0x6c2>
10003252:	e70b      	b.n	1000306c <_vsnprintf+0x508>
10003254:	f023 0210 	bic.w	r2, r3, #16
10003258:	2869      	cmp	r0, #105	@ 0x69
1000325a:	920d      	str	r2, [sp, #52]	@ 0x34
1000325c:	f040 816f 	bne.w	1000353e <_vsnprintf+0x9da>
10003260:	f413 6280 	ands.w	r2, r3, #1024	@ 0x400
10003264:	d004      	beq.n	10003270 <_vsnprintf+0x70c>
10003266:	f44f 6280 	mov.w	r2, #1024	@ 0x400
1000326a:	f023 0311 	bic.w	r3, r3, #17
1000326e:	930d      	str	r3, [sp, #52]	@ 0x34
10003270:	9b0d      	ldr	r3, [sp, #52]	@ 0x34
10003272:	f413 7600 	ands.w	r6, r3, #512	@ 0x200
10003276:	d140      	bne.n	100032fa <_vsnprintf+0x796>
10003278:	9b0b      	ldr	r3, [sp, #44]	@ 0x2c
1000327a:	f103 0804 	add.w	r8, r3, #4
1000327e:	9b0d      	ldr	r3, [sp, #52]	@ 0x34
10003280:	f413 7080 	ands.w	r0, r3, #256	@ 0x100
10003284:	f040 8098 	bne.w	100033b8 <_vsnprintf+0x854>
10003288:	0659      	lsls	r1, r3, #25
1000328a:	f140 80c6 	bpl.w	1000341a <_vsnprintf+0x8b6>
1000328e:	9b0b      	ldr	r3, [sp, #44]	@ 0x2c
10003290:	7819      	ldrb	r1, [r3, #0]
10003292:	460c      	mov	r4, r1
10003294:	0fcb      	lsrs	r3, r1, #31
10003296:	2900      	cmp	r1, #0
10003298:	f000 80b9 	beq.w	1000340e <_vsnprintf+0x8aa>
1000329c:	4622      	mov	r2, r4
1000329e:	f10d 0e48 	add.w	lr, sp, #72	@ 0x48
100032a2:	4674      	mov	r4, lr
100032a4:	4616      	mov	r6, r2
100032a6:	f8df c2a0 	ldr.w	ip, [pc, #672]	@ 10003548 <_vsnprintf+0x9e4>
100032aa:	e001      	b.n	100032b0 <_vsnprintf+0x74c>
100032ac:	2820      	cmp	r0, #32
100032ae:	d00f      	beq.n	100032d0 <_vsnprintf+0x76c>
100032b0:	4635      	mov	r5, r6
100032b2:	fbac 2106 	umull	r2, r1, ip, r6
100032b6:	08c9      	lsrs	r1, r1, #3
100032b8:	eb01 0281 	add.w	r2, r1, r1, lsl #2
100032bc:	eba6 0242 	sub.w	r2, r6, r2, lsl #1
100032c0:	3230      	adds	r2, #48	@ 0x30
100032c2:	2d09      	cmp	r5, #9
100032c4:	460e      	mov	r6, r1
100032c6:	f100 0001 	add.w	r0, r0, #1
100032ca:	f804 2b01 	strb.w	r2, [r4], #1
100032ce:	d8ed      	bhi.n	100032ac <_vsnprintf+0x748>
100032d0:	9a0d      	ldr	r2, [sp, #52]	@ 0x34
100032d2:	e9cd 0301 	strd	r0, r3, [sp, #4]
100032d6:	9206      	str	r2, [sp, #24]
100032d8:	9a0c      	ldr	r2, [sp, #48]	@ 0x30
100032da:	e9cd 7204 	strd	r7, r2, [sp, #16]
100032de:	230a      	movs	r3, #10
100032e0:	464a      	mov	r2, r9
100032e2:	9303      	str	r3, [sp, #12]
100032e4:	4658      	mov	r0, fp
100032e6:	e9dd 3109 	ldrd	r3, r1, [sp, #36]	@ 0x24
100032ea:	f8cd e000 	str.w	lr, [sp]
100032ee:	f7fe feb1 	bl	10002054 <_ntoa_format>
100032f2:	f8cd 802c 	str.w	r8, [sp, #44]	@ 0x2c
100032f6:	4681      	mov	r9, r0
100032f8:	e453      	b.n	10002ba2 <_vsnprintf+0x3e>
100032fa:	9c0b      	ldr	r4, [sp, #44]	@ 0x2c
100032fc:	3407      	adds	r4, #7
100032fe:	f024 0407 	bic.w	r4, r4, #7
10003302:	4621      	mov	r1, r4
10003304:	4608      	mov	r0, r1
10003306:	6863      	ldr	r3, [r4, #4]
10003308:	f850 1b08 	ldr.w	r1, [r0], #8
1000330c:	0fdc      	lsrs	r4, r3, #31
1000330e:	900b      	str	r0, [sp, #44]	@ 0x2c
10003310:	ea51 0003 	orrs.w	r0, r1, r3
10003314:	f000 80c3 	beq.w	1000349e <_vsnprintf+0x93a>
10003318:	460a      	mov	r2, r1
1000331a:	1e19      	subs	r1, r3, #0
1000331c:	db48      	blt.n	100033b0 <_vsnprintf+0x84c>
1000331e:	4613      	mov	r3, r2
10003320:	f10d 0e48 	add.w	lr, sp, #72	@ 0x48
10003324:	46f4      	mov	ip, lr
10003326:	2600      	movs	r6, #0
10003328:	e9cd 940e 	strd	r9, r4, [sp, #56]	@ 0x38
1000332c:	f8df 8218 	ldr.w	r8, [pc, #536]	@ 10003548 <_vsnprintf+0x9e4>
10003330:	e001      	b.n	10003336 <_vsnprintf+0x7d2>
10003332:	2e20      	cmp	r6, #32
10003334:	d02d      	beq.n	10003392 <_vsnprintf+0x82e>
10003336:	185a      	adds	r2, r3, r1
10003338:	f142 0200 	adc.w	r2, r2, #0
1000333c:	fba8 5902 	umull	r5, r9, r8, r2
10003340:	f029 0503 	bic.w	r5, r9, #3
10003344:	eb05 0599 	add.w	r5, r5, r9, lsr #2
10003348:	1b52      	subs	r2, r2, r5
1000334a:	461c      	mov	r4, r3
1000334c:	1a9b      	subs	r3, r3, r2
1000334e:	f161 0500 	sbc.w	r5, r1, #0
10003352:	4608      	mov	r0, r1
10003354:	f04f 31cc 	mov.w	r1, #3435973836	@ 0xcccccccc
10003358:	fb01 f103 	mul.w	r1, r1, r3
1000335c:	fb08 1105 	mla	r1, r8, r5, r1
10003360:	fba3 5308 	umull	r5, r3, r3, r8
10003364:	4419      	add	r1, r3
10003366:	2305      	movs	r3, #5
10003368:	f005 0901 	and.w	r9, r5, #1
1000336c:	fba9 3903 	umull	r3, r9, r9, r3
10003370:	189b      	adds	r3, r3, r2
10003372:	2c0a      	cmp	r4, #10
10003374:	f103 0330 	add.w	r3, r3, #48	@ 0x30
10003378:	ea4f 0555 	mov.w	r5, r5, lsr #1
1000337c:	f170 0000 	sbcs.w	r0, r0, #0
10003380:	f80c 3b01 	strb.w	r3, [ip], #1
10003384:	f106 0601 	add.w	r6, r6, #1
10003388:	ea45 73c1 	orr.w	r3, r5, r1, lsl #31
1000338c:	ea4f 0151 	mov.w	r1, r1, lsr #1
10003390:	d2cf      	bcs.n	10003332 <_vsnprintf+0x7ce>
10003392:	e9dd 940e 	ldrd	r9, r4, [sp, #56]	@ 0x38
10003396:	9b0d      	ldr	r3, [sp, #52]	@ 0x34
10003398:	464a      	mov	r2, r9
1000339a:	9306      	str	r3, [sp, #24]
1000339c:	9b0c      	ldr	r3, [sp, #48]	@ 0x30
1000339e:	e9cd 6401 	strd	r6, r4, [sp, #4]
100033a2:	e9cd 7304 	strd	r7, r3, [sp, #16]
100033a6:	230a      	movs	r3, #10
100033a8:	f8cd e000 	str.w	lr, [sp]
100033ac:	9303      	str	r3, [sp, #12]
100033ae:	e728      	b.n	10003202 <_vsnprintf+0x69e>
100033b0:	4252      	negs	r2, r2
100033b2:	eb61 0141 	sbc.w	r1, r1, r1, lsl #1
100033b6:	e7b2      	b.n	1000331e <_vsnprintf+0x7ba>
100033b8:	9b0b      	ldr	r3, [sp, #44]	@ 0x2c
100033ba:	6819      	ldr	r1, [r3, #0]
100033bc:	0fcb      	lsrs	r3, r1, #31
100033be:	2900      	cmp	r1, #0
100033c0:	f000 80ab 	beq.w	1000351a <_vsnprintf+0x9b6>
100033c4:	ea81 72e1 	eor.w	r2, r1, r1, asr #31
100033c8:	eba2 72e1 	sub.w	r2, r2, r1, asr #31
100033cc:	f10d 0e48 	add.w	lr, sp, #72	@ 0x48
100033d0:	4670      	mov	r0, lr
100033d2:	f8df c174 	ldr.w	ip, [pc, #372]	@ 10003548 <_vsnprintf+0x9e4>
100033d6:	e001      	b.n	100033dc <_vsnprintf+0x878>
100033d8:	2e20      	cmp	r6, #32
100033da:	d010      	beq.n	100033fe <_vsnprintf+0x89a>
100033dc:	4615      	mov	r5, r2
100033de:	fbac 4102 	umull	r4, r1, ip, r2
100033e2:	08c9      	lsrs	r1, r1, #3
100033e4:	eb01 0481 	add.w	r4, r1, r1, lsl #2
100033e8:	eba2 0444 	sub.w	r4, r2, r4, lsl #1
100033ec:	f104 0230 	add.w	r2, r4, #48	@ 0x30
100033f0:	2d09      	cmp	r5, #9
100033f2:	f800 2b01 	strb.w	r2, [r0], #1
100033f6:	f106 0601 	add.w	r6, r6, #1
100033fa:	460a      	mov	r2, r1
100033fc:	d8ec      	bhi.n	100033d8 <_vsnprintf+0x874>
100033fe:	9a0d      	ldr	r2, [sp, #52]	@ 0x34
10003400:	e9cd 6301 	strd	r6, r3, [sp, #4]
10003404:	9206      	str	r2, [sp, #24]
10003406:	9a0c      	ldr	r2, [sp, #48]	@ 0x30
10003408:	e9cd 7204 	strd	r7, r2, [sp, #16]
1000340c:	e767      	b.n	100032de <_vsnprintf+0x77a>
1000340e:	2a00      	cmp	r2, #0
10003410:	f43f af45 	beq.w	1000329e <_vsnprintf+0x73a>
10003414:	f10d 0e48 	add.w	lr, sp, #72	@ 0x48
10003418:	e75a      	b.n	100032d0 <_vsnprintf+0x76c>
1000341a:	f013 0f80 	tst.w	r3, #128	@ 0x80
1000341e:	9b0b      	ldr	r3, [sp, #44]	@ 0x2c
10003420:	f000 8081 	beq.w	10003526 <_vsnprintf+0x9c2>
10003424:	f9b3 1000 	ldrsh.w	r1, [r3]
10003428:	ea81 74e1 	eor.w	r4, r1, r1, asr #31
1000342c:	eba4 74e1 	sub.w	r4, r4, r1, asr #31
10003430:	b2a4      	uxth	r4, r4
10003432:	e72f      	b.n	10003294 <_vsnprintf+0x730>
10003434:	f013 0f20 	tst.w	r3, #32
10003438:	bf14      	ite	ne
1000343a:	2241      	movne	r2, #65	@ 0x41
1000343c:	2261      	moveq	r2, #97	@ 0x61
1000343e:	f10d 0e48 	add.w	lr, sp, #72	@ 0x48
10003442:	3a0a      	subs	r2, #10
10003444:	e9cd 970d 	strd	r9, r7, [sp, #52]	@ 0x34
10003448:	f8cd b044 	str.w	fp, [sp, #68]	@ 0x44
1000344c:	2600      	movs	r6, #0
1000344e:	4677      	mov	r7, lr
10003450:	46f3      	mov	fp, lr
10003452:	4691      	mov	r9, r2
10003454:	e9cd 3c0f 	strd	r3, ip, [sp, #60]	@ 0x3c
10003458:	e003      	b.n	10003462 <_vsnprintf+0x8fe>
1000345a:	2e20      	cmp	r6, #32
1000345c:	d017      	beq.n	1000348e <_vsnprintf+0x92a>
1000345e:	4604      	mov	r4, r0
10003460:	460d      	mov	r5, r1
10003462:	4629      	mov	r1, r5
10003464:	4642      	mov	r2, r8
10003466:	2300      	movs	r3, #0
10003468:	4620      	mov	r0, r4
1000346a:	f007 fefd 	bl	1000b268 <____aeabi_uldivmod_veneer>
1000346e:	b2d2      	uxtb	r2, r2
10003470:	2a09      	cmp	r2, #9
10003472:	f102 0330 	add.w	r3, r2, #48	@ 0x30
10003476:	bf88      	it	hi
10003478:	eb02 0309 	addhi.w	r3, r2, r9
1000347c:	4544      	cmp	r4, r8
1000347e:	b2db      	uxtb	r3, r3
10003480:	f175 0500 	sbcs.w	r5, r5, #0
10003484:	f807 3b01 	strb.w	r3, [r7], #1
10003488:	f106 0601 	add.w	r6, r6, #1
1000348c:	d2e5      	bcs.n	1000345a <_vsnprintf+0x8f6>
1000348e:	46de      	mov	lr, fp
10003490:	e9dd 970d 	ldrd	r9, r7, [sp, #52]	@ 0x34
10003494:	e9dd 3c0f 	ldrd	r3, ip, [sp, #60]	@ 0x3c
10003498:	f8dd b044 	ldr.w	fp, [sp, #68]	@ 0x44
1000349c:	e6a6      	b.n	100031ec <_vsnprintf+0x688>
1000349e:	2a00      	cmp	r2, #0
100034a0:	d147      	bne.n	10003532 <_vsnprintf+0x9ce>
100034a2:	4613      	mov	r3, r2
100034a4:	4611      	mov	r1, r2
100034a6:	e73b      	b.n	10003320 <_vsnprintf+0x7bc>
100034a8:	990b      	ldr	r1, [sp, #44]	@ 0x2c
100034aa:	6809      	ldr	r1, [r1, #0]
100034ac:	b9a1      	cbnz	r1, 100034d8 <_vsnprintf+0x974>
100034ae:	f023 0310 	bic.w	r3, r3, #16
100034b2:	b188      	cbz	r0, 100034d8 <_vsnprintf+0x974>
100034b4:	f10d 0e48 	add.w	lr, sp, #72	@ 0x48
100034b8:	9306      	str	r3, [sp, #24]
100034ba:	9b0c      	ldr	r3, [sp, #48]	@ 0x30
100034bc:	f8cd c00c 	str.w	ip, [sp, #12]
100034c0:	e9cd 7304 	strd	r7, r3, [sp, #16]
100034c4:	9201      	str	r2, [sp, #4]
100034c6:	e5d8      	b.n	1000307a <_vsnprintf+0x516>
100034c8:	f413 6280 	ands.w	r2, r3, #1024	@ 0x400
100034cc:	f47f aecb 	bne.w	10003266 <_vsnprintf+0x702>
100034d0:	f023 0310 	bic.w	r3, r3, #16
100034d4:	930d      	str	r3, [sp, #52]	@ 0x34
100034d6:	e6cb      	b.n	10003270 <_vsnprintf+0x70c>
100034d8:	f013 0f20 	tst.w	r3, #32
100034dc:	bf14      	ite	ne
100034de:	2041      	movne	r0, #65	@ 0x41
100034e0:	2061      	moveq	r0, #97	@ 0x61
100034e2:	f10d 0e48 	add.w	lr, sp, #72	@ 0x48
100034e6:	4676      	mov	r6, lr
100034e8:	f1a0 080a 	sub.w	r8, r0, #10
100034ec:	e002      	b.n	100034f4 <_vsnprintf+0x990>
100034ee:	2a20      	cmp	r2, #32
100034f0:	d0e2      	beq.n	100034b8 <_vsnprintf+0x954>
100034f2:	4621      	mov	r1, r4
100034f4:	fbb1 f4fc 	udiv	r4, r1, ip
100034f8:	fb0c 1514 	mls	r5, ip, r4, r1
100034fc:	b2e8      	uxtb	r0, r5
100034fe:	2d09      	cmp	r5, #9
10003500:	f100 0530 	add.w	r5, r0, #48	@ 0x30
10003504:	bf8a      	itet	hi
10003506:	4440      	addhi	r0, r8
10003508:	b2e8      	uxtbls	r0, r5
1000350a:	b2c0      	uxtbhi	r0, r0
1000350c:	4561      	cmp	r1, ip
1000350e:	f806 0b01 	strb.w	r0, [r6], #1
10003512:	f102 0201 	add.w	r2, r2, #1
10003516:	d2ea      	bcs.n	100034ee <_vsnprintf+0x98a>
10003518:	e7ce      	b.n	100034b8 <_vsnprintf+0x954>
1000351a:	2a00      	cmp	r2, #0
1000351c:	f43f af56 	beq.w	100033cc <_vsnprintf+0x868>
10003520:	f10d 0e48 	add.w	lr, sp, #72	@ 0x48
10003524:	e76b      	b.n	100033fe <_vsnprintf+0x89a>
10003526:	6819      	ldr	r1, [r3, #0]
10003528:	ea81 74e1 	eor.w	r4, r1, r1, asr #31
1000352c:	eba4 74e1 	sub.w	r4, r4, r1, asr #31
10003530:	e6b0      	b.n	10003294 <_vsnprintf+0x730>
10003532:	2600      	movs	r6, #0
10003534:	f10d 0e48 	add.w	lr, sp, #72	@ 0x48
10003538:	e72d      	b.n	10003396 <_vsnprintf+0x832>
1000353a:	3601      	adds	r6, #1
1000353c:	e62b      	b.n	10003196 <_vsnprintf+0x632>
1000353e:	f04f 080a 	mov.w	r8, #10
10003542:	4613      	mov	r3, r2
10003544:	46c4      	mov	ip, r8
10003546:	e571      	b.n	1000302c <_vsnprintf+0x4c8>
10003548:	cccccccd 	.word	0xcccccccd

1000354c <vfctprintf>:
1000354c:	b570      	push	{r4, r5, r6, lr}
1000354e:	4694      	mov	ip, r2
10003550:	461e      	mov	r6, r3
10003552:	4605      	mov	r5, r0
10003554:	460c      	mov	r4, r1
10003556:	b084      	sub	sp, #16
10003558:	f04f 32ff 	mov.w	r2, #4294967295	@ 0xffffffff
1000355c:	4663      	mov	r3, ip
1000355e:	a902      	add	r1, sp, #8
10003560:	9600      	str	r6, [sp, #0]
10003562:	4803      	ldr	r0, [pc, #12]	@ (10003570 <vfctprintf+0x24>)
10003564:	e9cd 5402 	strd	r5, r4, [sp, #8]
10003568:	f7ff fafc 	bl	10002b64 <_vsnprintf>
1000356c:	b004      	add	sp, #16
1000356e:	bd70      	pop	{r4, r5, r6, pc}
10003570:	10002301 	.word	0x10002301

10003574 <weak_raw_vprintf>:
10003574:	b510      	push	{r4, lr}
10003576:	4b09      	ldr	r3, [pc, #36]	@ (1000359c <weak_raw_vprintf+0x28>)
10003578:	b084      	sub	sp, #16
1000357a:	681c      	ldr	r4, [r3, #0]
1000357c:	b14c      	cbz	r4, 10003592 <weak_raw_vprintf+0x1e>
1000357e:	4603      	mov	r3, r0
10003580:	9100      	str	r1, [sp, #0]
10003582:	f04f 32ff 	mov.w	r2, #4294967295	@ 0xffffffff
10003586:	a903      	add	r1, sp, #12
10003588:	4805      	ldr	r0, [pc, #20]	@ (100035a0 <weak_raw_vprintf+0x2c>)
1000358a:	47a0      	blx	r4
1000358c:	2001      	movs	r0, #1
1000358e:	b004      	add	sp, #16
10003590:	bd10      	pop	{r4, pc}
10003592:	f000 f99f 	bl	100038d4 <__wrap_puts>
10003596:	4620      	mov	r0, r4
10003598:	b004      	add	sp, #16
1000359a:	bd10      	pop	{r4, pc}
1000359c:	200038f4 	.word	0x200038f4
100035a0:	100022f9 	.word	0x100022f9

100035a4 <_exit>:
100035a4:	be00      	bkpt	0x0000
100035a6:	e7fd      	b.n	100035a4 <_exit>

100035a8 <_sbrk>:
100035a8:	4a07      	ldr	r2, [pc, #28]	@ (100035c8 <_sbrk+0x20>)
100035aa:	4603      	mov	r3, r0
100035ac:	6810      	ldr	r0, [r2, #0]
100035ae:	b138      	cbz	r0, 100035c0 <_sbrk+0x18>
100035b0:	4906      	ldr	r1, [pc, #24]	@ (100035cc <_sbrk+0x24>)
100035b2:	4403      	add	r3, r0
100035b4:	428b      	cmp	r3, r1
100035b6:	bf8c      	ite	hi
100035b8:	f04f 30ff 	movhi.w	r0, #4294967295	@ 0xffffffff
100035bc:	6013      	strls	r3, [r2, #0]
100035be:	4770      	bx	lr
100035c0:	4903      	ldr	r1, [pc, #12]	@ (100035d0 <_sbrk+0x28>)
100035c2:	4608      	mov	r0, r1
100035c4:	6011      	str	r1, [r2, #0]
100035c6:	e7f3      	b.n	100035b0 <_sbrk+0x8>
100035c8:	200034f0 	.word	0x200034f0
100035cc:	20080000 	.word	0x20080000
100035d0:	20023cf4 	.word	0x20023cf4

100035d4 <_getpid>:
100035d4:	2000      	movs	r0, #0
100035d6:	4770      	bx	lr

100035d8 <_kill>:
100035d8:	f04f 30ff 	mov.w	r0, #4294967295	@ 0xffffffff
100035dc:	4770      	bx	lr
100035de:	bf00      	nop

100035e0 <exit>:
100035e0:	b508      	push	{r3, lr}
100035e2:	f7ff ffdf 	bl	100035a4 <_exit>
100035e6:	bf00      	nop

100035e8 <runtime_init>:
100035e8:	b538      	push	{r3, r4, r5, lr}
100035ea:	4c06      	ldr	r4, [pc, #24]	@ (10003604 <runtime_init+0x1c>)
100035ec:	4d06      	ldr	r5, [pc, #24]	@ (10003608 <runtime_init+0x20>)
100035ee:	f7fe fa7b 	bl	10001ae8 <runtime_run_initializers>
100035f2:	42ac      	cmp	r4, r5
100035f4:	d204      	bcs.n	10003600 <runtime_init+0x18>
100035f6:	f854 3b04 	ldr.w	r3, [r4], #4
100035fa:	4798      	blx	r3
100035fc:	42ac      	cmp	r4, r5
100035fe:	d3fa      	bcc.n	100035f6 <runtime_init+0xe>
10003600:	bd38      	pop	{r3, r4, r5, pc}
10003602:	bf00      	nop
10003604:	1000b318 	.word	0x1000b318
10003608:	1000b32c 	.word	0x1000b32c

1000360c <stdio_out_chars_no_crlf>:
1000360c:	6803      	ldr	r3, [r0, #0]
1000360e:	4608      	mov	r0, r1
10003610:	4611      	mov	r1, r2
10003612:	4718      	bx	r3

10003614 <stdio_out_chars_crlf>:
10003614:	7d43      	ldrb	r3, [r0, #21]
10003616:	e92d 47f0 	stmdb	sp!, {r4, r5, r6, r7, r8, r9, sl, lr}
1000361a:	4681      	mov	r9, r0
1000361c:	460f      	mov	r7, r1
1000361e:	4616      	mov	r6, r2
10003620:	2b00      	cmp	r3, #0
10003622:	d043      	beq.n	100036ac <stdio_out_chars_crlf+0x98>
10003624:	2a00      	cmp	r2, #0
10003626:	dd3b      	ble.n	100036a0 <stdio_out_chars_crlf+0x8c>
10003628:	7d03      	ldrb	r3, [r0, #20]
1000362a:	2000      	movs	r0, #0
1000362c:	1e4d      	subs	r5, r1, #1
1000362e:	4601      	mov	r1, r0
10003630:	f815 2f01 	ldrb.w	r2, [r5, #1]!
10003634:	f8df 8084 	ldr.w	r8, [pc, #132]	@ 100036bc <stdio_out_chars_crlf+0xa8>
10003638:	2a0a      	cmp	r2, #10
1000363a:	f101 0401 	add.w	r4, r1, #1
1000363e:	d00e      	beq.n	1000365e <stdio_out_chars_crlf+0x4a>
10003640:	42a6      	cmp	r6, r4
10003642:	d01c      	beq.n	1000367e <stdio_out_chars_crlf+0x6a>
10003644:	782b      	ldrb	r3, [r5, #0]
10003646:	4621      	mov	r1, r4
10003648:	f1a3 030d 	sub.w	r3, r3, #13
1000364c:	fab3 f383 	clz	r3, r3
10003650:	f815 2f01 	ldrb.w	r2, [r5, #1]!
10003654:	095b      	lsrs	r3, r3, #5
10003656:	2a0a      	cmp	r2, #10
10003658:	f101 0401 	add.w	r4, r1, #1
1000365c:	d1f0      	bne.n	10003640 <stdio_out_chars_crlf+0x2c>
1000365e:	2b00      	cmp	r3, #0
10003660:	d1ee      	bne.n	10003640 <stdio_out_chars_crlf+0x2c>
10003662:	4281      	cmp	r1, r0
10003664:	eba1 0100 	sub.w	r1, r1, r0
10003668:	4438      	add	r0, r7
1000366a:	dc1b      	bgt.n	100036a4 <stdio_out_chars_crlf+0x90>
1000366c:	2102      	movs	r1, #2
1000366e:	4640      	mov	r0, r8
10003670:	f8d9 3000 	ldr.w	r3, [r9]
10003674:	4798      	blx	r3
10003676:	42a6      	cmp	r6, r4
10003678:	d008      	beq.n	1000368c <stdio_out_chars_crlf+0x78>
1000367a:	4620      	mov	r0, r4
1000367c:	e7e2      	b.n	10003644 <stdio_out_chars_crlf+0x30>
1000367e:	4286      	cmp	r6, r0
10003680:	dd04      	ble.n	1000368c <stdio_out_chars_crlf+0x78>
10003682:	1a31      	subs	r1, r6, r0
10003684:	f8d9 3000 	ldr.w	r3, [r9]
10003688:	4438      	add	r0, r7
1000368a:	4798      	blx	r3
1000368c:	4437      	add	r7, r6
1000368e:	f817 3c01 	ldrb.w	r3, [r7, #-1]
10003692:	f1a3 030d 	sub.w	r3, r3, #13
10003696:	fab3 f383 	clz	r3, r3
1000369a:	095b      	lsrs	r3, r3, #5
1000369c:	f889 3014 	strb.w	r3, [r9, #20]
100036a0:	e8bd 87f0 	ldmia.w	sp!, {r4, r5, r6, r7, r8, r9, sl, pc}
100036a4:	f8d9 3000 	ldr.w	r3, [r9]
100036a8:	4798      	blx	r3
100036aa:	e7df      	b.n	1000366c <stdio_out_chars_crlf+0x58>
100036ac:	4638      	mov	r0, r7
100036ae:	f8d9 3000 	ldr.w	r3, [r9]
100036b2:	4611      	mov	r1, r2
100036b4:	e8bd 47f0 	ldmia.w	sp!, {r4, r5, r6, r7, r8, r9, sl, lr}
100036b8:	4718      	bx	r3
100036ba:	bf00      	nop
100036bc:	1000b740 	.word	0x1000b740

100036c0 <stdio_buffered_printer>:
100036c0:	680b      	ldr	r3, [r1, #0]
100036c2:	e92d 41f0 	stmdb	sp!, {r4, r5, r6, r7, r8, lr}
100036c6:	2b80      	cmp	r3, #128	@ 0x80
100036c8:	460d      	mov	r5, r1
100036ca:	4606      	mov	r6, r0
100036cc:	d005      	beq.n	100036da <stdio_buffered_printer+0x1a>
100036ce:	1c5a      	adds	r2, r3, #1
100036d0:	442b      	add	r3, r5
100036d2:	602a      	str	r2, [r5, #0]
100036d4:	711e      	strb	r6, [r3, #4]
100036d6:	e8bd 81f0 	ldmia.w	sp!, {r4, r5, r6, r7, r8, pc}
100036da:	4b0f      	ldr	r3, [pc, #60]	@ (10003718 <stdio_buffered_printer+0x58>)
100036dc:	681c      	ldr	r4, [r3, #0]
100036de:	b1a4      	cbz	r4, 1000370a <stdio_buffered_printer+0x4a>
100036e0:	4f0e      	ldr	r7, [pc, #56]	@ (1000371c <stdio_buffered_printer+0x5c>)
100036e2:	f101 0804 	add.w	r8, r1, #4
100036e6:	e001      	b.n	100036ec <stdio_buffered_printer+0x2c>
100036e8:	6924      	ldr	r4, [r4, #16]
100036ea:	b174      	cbz	r4, 1000370a <stdio_buffered_printer+0x4a>
100036ec:	6823      	ldr	r3, [r4, #0]
100036ee:	2b00      	cmp	r3, #0
100036f0:	d0fa      	beq.n	100036e8 <stdio_buffered_printer+0x28>
100036f2:	683b      	ldr	r3, [r7, #0]
100036f4:	b10b      	cbz	r3, 100036fa <stdio_buffered_printer+0x3a>
100036f6:	42a3      	cmp	r3, r4
100036f8:	d1f6      	bne.n	100036e8 <stdio_buffered_printer+0x28>
100036fa:	4620      	mov	r0, r4
100036fc:	4641      	mov	r1, r8
100036fe:	682a      	ldr	r2, [r5, #0]
10003700:	f7ff ff88 	bl	10003614 <stdio_out_chars_crlf>
10003704:	6924      	ldr	r4, [r4, #16]
10003706:	2c00      	cmp	r4, #0
10003708:	d1f0      	bne.n	100036ec <stdio_buffered_printer+0x2c>
1000370a:	2300      	movs	r3, #0
1000370c:	2201      	movs	r2, #1
1000370e:	442b      	add	r3, r5
10003710:	602a      	str	r2, [r5, #0]
10003712:	711e      	strb	r6, [r3, #4]
10003714:	e8bd 81f0 	ldmia.w	sp!, {r4, r5, r6, r7, r8, pc}
10003718:	200034e4 	.word	0x200034e4
1000371c:	200034ec 	.word	0x200034ec

10003720 <stdio_put_string>:
10003720:	e92d 47f0 	stmdb	sp!, {r4, r5, r6, r7, r8, r9, sl, lr}
10003724:	b082      	sub	sp, #8
10003726:	460d      	mov	r5, r1
10003728:	4692      	mov	sl, r2
1000372a:	4699      	mov	r9, r3
1000372c:	4607      	mov	r7, r0
1000372e:	f7fd ff95 	bl	1000165c <time_us_64>
10003732:	f04f 36ff 	mov.w	r6, #4294967295	@ 0xffffffff
10003736:	f06f 4400 	mvn.w	r4, #2147483648	@ 0x80000000
1000373a:	4a2f      	ldr	r2, [pc, #188]	@ (100037f8 <stdio_put_string+0xd8>)
1000373c:	1882      	adds	r2, r0, r2
1000373e:	f141 0300 	adc.w	r3, r1, #0
10003742:	4296      	cmp	r6, r2
10003744:	eb74 0103 	sbcs.w	r1, r4, r3
10003748:	bf3c      	itt	cc
1000374a:	4632      	movcc	r2, r6
1000374c:	4623      	movcc	r3, r4
1000374e:	482b      	ldr	r0, [pc, #172]	@ (100037fc <stdio_put_string+0xdc>)
10003750:	f007 fdaa 	bl	1000b2a8 <__mutex_try_enter_block_until_veneer>
10003754:	1c6b      	adds	r3, r5, #1
10003756:	4680      	mov	r8, r0
10003758:	d103      	bne.n	10003762 <stdio_put_string+0x42>
1000375a:	4638      	mov	r0, r7
1000375c:	f007 fb2c 	bl	1000adb8 <strlen>
10003760:	4605      	mov	r5, r0
10003762:	4b27      	ldr	r3, [pc, #156]	@ (10003800 <stdio_put_string+0xe0>)
10003764:	4e27      	ldr	r6, [pc, #156]	@ (10003804 <stdio_put_string+0xe4>)
10003766:	681c      	ldr	r4, [r3, #0]
10003768:	4b27      	ldr	r3, [pc, #156]	@ (10003808 <stdio_put_string+0xe8>)
1000376a:	f1b9 0f00 	cmp.w	r9, #0
1000376e:	bf18      	it	ne
10003770:	461e      	movne	r6, r3
10003772:	b1b4      	cbz	r4, 100037a2 <stdio_put_string+0x82>
10003774:	f1ba 0f00 	cmp.w	sl, #0
10003778:	d11a      	bne.n	100037b0 <stdio_put_string+0x90>
1000377a:	f8df 9090 	ldr.w	r9, [pc, #144]	@ 1000380c <stdio_put_string+0xec>
1000377e:	e001      	b.n	10003784 <stdio_put_string+0x64>
10003780:	6924      	ldr	r4, [r4, #16]
10003782:	b174      	cbz	r4, 100037a2 <stdio_put_string+0x82>
10003784:	6823      	ldr	r3, [r4, #0]
10003786:	2b00      	cmp	r3, #0
10003788:	d0fa      	beq.n	10003780 <stdio_put_string+0x60>
1000378a:	f8d9 3000 	ldr.w	r3, [r9]
1000378e:	b10b      	cbz	r3, 10003794 <stdio_put_string+0x74>
10003790:	429c      	cmp	r4, r3
10003792:	d1f5      	bne.n	10003780 <stdio_put_string+0x60>
10003794:	4620      	mov	r0, r4
10003796:	462a      	mov	r2, r5
10003798:	4639      	mov	r1, r7
1000379a:	47b0      	blx	r6
1000379c:	6924      	ldr	r4, [r4, #16]
1000379e:	2c00      	cmp	r4, #0
100037a0:	d1f0      	bne.n	10003784 <stdio_put_string+0x64>
100037a2:	f1b8 0f00 	cmp.w	r8, #0
100037a6:	d11f      	bne.n	100037e8 <stdio_put_string+0xc8>
100037a8:	4628      	mov	r0, r5
100037aa:	b002      	add	sp, #8
100037ac:	e8bd 87f0 	ldmia.w	sp!, {r4, r5, r6, r7, r8, r9, sl, pc}
100037b0:	f04f 0a0a 	mov.w	sl, #10
100037b4:	f8df 9054 	ldr.w	r9, [pc, #84]	@ 1000380c <stdio_put_string+0xec>
100037b8:	e002      	b.n	100037c0 <stdio_put_string+0xa0>
100037ba:	6924      	ldr	r4, [r4, #16]
100037bc:	2c00      	cmp	r4, #0
100037be:	d0f0      	beq.n	100037a2 <stdio_put_string+0x82>
100037c0:	6823      	ldr	r3, [r4, #0]
100037c2:	2b00      	cmp	r3, #0
100037c4:	d0f9      	beq.n	100037ba <stdio_put_string+0x9a>
100037c6:	f8d9 3000 	ldr.w	r3, [r9]
100037ca:	b10b      	cbz	r3, 100037d0 <stdio_put_string+0xb0>
100037cc:	42a3      	cmp	r3, r4
100037ce:	d1f4      	bne.n	100037ba <stdio_put_string+0x9a>
100037d0:	462a      	mov	r2, r5
100037d2:	4639      	mov	r1, r7
100037d4:	4620      	mov	r0, r4
100037d6:	47b0      	blx	r6
100037d8:	2201      	movs	r2, #1
100037da:	4620      	mov	r0, r4
100037dc:	f10d 0107 	add.w	r1, sp, #7
100037e0:	f88d a007 	strb.w	sl, [sp, #7]
100037e4:	47b0      	blx	r6
100037e6:	e7e8      	b.n	100037ba <stdio_put_string+0x9a>
100037e8:	4804      	ldr	r0, [pc, #16]	@ (100037fc <stdio_put_string+0xdc>)
100037ea:	f007 fd41 	bl	1000b270 <__mutex_exit_veneer>
100037ee:	4628      	mov	r0, r5
100037f0:	b002      	add	sp, #8
100037f2:	e8bd 87f0 	ldmia.w	sp!, {r4, r5, r6, r7, r8, r9, sl, pc}
100037f6:	bf00      	nop
100037f8:	000f4240 	.word	0x000f4240
100037fc:	2000282c 	.word	0x2000282c
10003800:	200034e4 	.word	0x200034e4
10003804:	1000360d 	.word	0x1000360d
10003808:	10003615 	.word	0x10003615
1000380c:	200034ec 	.word	0x200034ec

10003810 <stdio_set_driver_enabled>:
10003810:	4a0a      	ldr	r2, [pc, #40]	@ (1000383c <stdio_set_driver_enabled+0x2c>)
10003812:	6813      	ldr	r3, [r2, #0]
10003814:	b14b      	cbz	r3, 1000382a <stdio_set_driver_enabled+0x1a>
10003816:	4283      	cmp	r3, r0
10003818:	d102      	bne.n	10003820 <stdio_set_driver_enabled+0x10>
1000381a:	e009      	b.n	10003830 <stdio_set_driver_enabled+0x20>
1000381c:	4298      	cmp	r0, r3
1000381e:	d007      	beq.n	10003830 <stdio_set_driver_enabled+0x20>
10003820:	f103 0210 	add.w	r2, r3, #16
10003824:	691b      	ldr	r3, [r3, #16]
10003826:	2b00      	cmp	r3, #0
10003828:	d1f8      	bne.n	1000381c <stdio_set_driver_enabled+0xc>
1000382a:	b101      	cbz	r1, 1000382e <stdio_set_driver_enabled+0x1e>
1000382c:	6010      	str	r0, [r2, #0]
1000382e:	4770      	bx	lr
10003830:	2900      	cmp	r1, #0
10003832:	d1fc      	bne.n	1000382e <stdio_set_driver_enabled+0x1e>
10003834:	6903      	ldr	r3, [r0, #16]
10003836:	6013      	str	r3, [r2, #0]
10003838:	6101      	str	r1, [r0, #16]
1000383a:	4770      	bx	lr
1000383c:	200034e4 	.word	0x200034e4

10003840 <stdio_init_all>:
10003840:	b508      	push	{r3, lr}
10003842:	f000 f9a7 	bl	10003b94 <stdio_uart_init>
10003846:	f000 fbdd 	bl	10004004 <stdio_usb_init>
1000384a:	2001      	movs	r0, #1
1000384c:	bd08      	pop	{r3, pc}
1000384e:	bf00      	nop

10003850 <__wrap_putchar>:
10003850:	b5f0      	push	{r4, r5, r6, r7, lr}
10003852:	b083      	sub	sp, #12
10003854:	4606      	mov	r6, r0
10003856:	f88d 0007 	strb.w	r0, [sp, #7]
1000385a:	f7fd feff 	bl	1000165c <time_us_64>
1000385e:	f04f 35ff 	mov.w	r5, #4294967295	@ 0xffffffff
10003862:	f06f 4400 	mvn.w	r4, #2147483648	@ 0x80000000
10003866:	4a17      	ldr	r2, [pc, #92]	@ (100038c4 <__wrap_putchar+0x74>)
10003868:	1882      	adds	r2, r0, r2
1000386a:	f141 0300 	adc.w	r3, r1, #0
1000386e:	4295      	cmp	r5, r2
10003870:	eb74 0103 	sbcs.w	r1, r4, r3
10003874:	bf3c      	itt	cc
10003876:	4623      	movcc	r3, r4
10003878:	462a      	movcc	r2, r5
1000387a:	4813      	ldr	r0, [pc, #76]	@ (100038c8 <__wrap_putchar+0x78>)
1000387c:	f007 fd14 	bl	1000b2a8 <__mutex_try_enter_block_until_veneer>
10003880:	4b12      	ldr	r3, [pc, #72]	@ (100038cc <__wrap_putchar+0x7c>)
10003882:	4607      	mov	r7, r0
10003884:	681c      	ldr	r4, [r3, #0]
10003886:	b19c      	cbz	r4, 100038b0 <__wrap_putchar+0x60>
10003888:	4d11      	ldr	r5, [pc, #68]	@ (100038d0 <__wrap_putchar+0x80>)
1000388a:	e001      	b.n	10003890 <__wrap_putchar+0x40>
1000388c:	6924      	ldr	r4, [r4, #16]
1000388e:	b17c      	cbz	r4, 100038b0 <__wrap_putchar+0x60>
10003890:	6823      	ldr	r3, [r4, #0]
10003892:	2b00      	cmp	r3, #0
10003894:	d0fa      	beq.n	1000388c <__wrap_putchar+0x3c>
10003896:	682b      	ldr	r3, [r5, #0]
10003898:	b10b      	cbz	r3, 1000389e <__wrap_putchar+0x4e>
1000389a:	429c      	cmp	r4, r3
1000389c:	d1f6      	bne.n	1000388c <__wrap_putchar+0x3c>
1000389e:	4620      	mov	r0, r4
100038a0:	2201      	movs	r2, #1
100038a2:	f10d 0107 	add.w	r1, sp, #7
100038a6:	f7ff feb5 	bl	10003614 <stdio_out_chars_crlf>
100038aa:	6924      	ldr	r4, [r4, #16]
100038ac:	2c00      	cmp	r4, #0
100038ae:	d1ef      	bne.n	10003890 <__wrap_putchar+0x40>
100038b0:	b917      	cbnz	r7, 100038b8 <__wrap_putchar+0x68>
100038b2:	4630      	mov	r0, r6
100038b4:	b003      	add	sp, #12
100038b6:	bdf0      	pop	{r4, r5, r6, r7, pc}
100038b8:	4803      	ldr	r0, [pc, #12]	@ (100038c8 <__wrap_putchar+0x78>)
100038ba:	f007 fcd9 	bl	1000b270 <__mutex_exit_veneer>
100038be:	4630      	mov	r0, r6
100038c0:	b003      	add	sp, #12
100038c2:	bdf0      	pop	{r4, r5, r6, r7, pc}
100038c4:	000f4240 	.word	0x000f4240
100038c8:	2000282c 	.word	0x2000282c
100038cc:	200034e4 	.word	0x200034e4
100038d0:	200034ec 	.word	0x200034ec

100038d4 <__wrap_puts>:
100038d4:	b538      	push	{r3, r4, r5, lr}
100038d6:	4604      	mov	r4, r0
100038d8:	f007 fa6e 	bl	1000adb8 <strlen>
100038dc:	2301      	movs	r3, #1
100038de:	4605      	mov	r5, r0
100038e0:	461a      	mov	r2, r3
100038e2:	4620      	mov	r0, r4
100038e4:	4629      	mov	r1, r5
100038e6:	f7ff ff1b 	bl	10003720 <stdio_put_string>
100038ea:	4b08      	ldr	r3, [pc, #32]	@ (1000390c <__wrap_puts+0x38>)
100038ec:	681c      	ldr	r4, [r3, #0]
100038ee:	b12c      	cbz	r4, 100038fc <__wrap_puts+0x28>
100038f0:	6863      	ldr	r3, [r4, #4]
100038f2:	b12b      	cbz	r3, 10003900 <__wrap_puts+0x2c>
100038f4:	4798      	blx	r3
100038f6:	6924      	ldr	r4, [r4, #16]
100038f8:	2c00      	cmp	r4, #0
100038fa:	d1f9      	bne.n	100038f0 <__wrap_puts+0x1c>
100038fc:	4628      	mov	r0, r5
100038fe:	bd38      	pop	{r3, r4, r5, pc}
10003900:	6924      	ldr	r4, [r4, #16]
10003902:	2c00      	cmp	r4, #0
10003904:	d1f4      	bne.n	100038f0 <__wrap_puts+0x1c>
10003906:	4628      	mov	r0, r5
10003908:	bd38      	pop	{r3, r4, r5, pc}
1000390a:	bf00      	nop
1000390c:	200034e4 	.word	0x200034e4

10003910 <__wrap_vprintf>:
10003910:	e92d 41f0 	stmdb	sp!, {r4, r5, r6, r7, r8, lr}
10003914:	b0a2      	sub	sp, #136	@ 0x88
10003916:	4604      	mov	r4, r0
10003918:	460d      	mov	r5, r1
1000391a:	f7fd fe9f 	bl	1000165c <time_us_64>
1000391e:	f04f 37ff 	mov.w	r7, #4294967295	@ 0xffffffff
10003922:	f06f 4600 	mvn.w	r6, #2147483648	@ 0x80000000
10003926:	4a27      	ldr	r2, [pc, #156]	@ (100039c4 <__wrap_vprintf+0xb4>)
10003928:	1882      	adds	r2, r0, r2
1000392a:	f141 0300 	adc.w	r3, r1, #0
1000392e:	4297      	cmp	r7, r2
10003930:	eb76 0103 	sbcs.w	r1, r6, r3
10003934:	bf3c      	itt	cc
10003936:	463a      	movcc	r2, r7
10003938:	4633      	movcc	r3, r6
1000393a:	4823      	ldr	r0, [pc, #140]	@ (100039c8 <__wrap_vprintf+0xb8>)
1000393c:	f007 fcb4 	bl	1000b2a8 <__mutex_try_enter_block_until_veneer>
10003940:	2600      	movs	r6, #0
10003942:	462b      	mov	r3, r5
10003944:	4607      	mov	r7, r0
10003946:	4622      	mov	r2, r4
10003948:	4820      	ldr	r0, [pc, #128]	@ (100039cc <__wrap_vprintf+0xbc>)
1000394a:	a901      	add	r1, sp, #4
1000394c:	9601      	str	r6, [sp, #4]
1000394e:	f7ff fdfd 	bl	1000354c <vfctprintf>
10003952:	9b01      	ldr	r3, [sp, #4]
10003954:	4606      	mov	r6, r0
10003956:	b97b      	cbnz	r3, 10003978 <__wrap_vprintf+0x68>
10003958:	4b1d      	ldr	r3, [pc, #116]	@ (100039d0 <__wrap_vprintf+0xc0>)
1000395a:	681c      	ldr	r4, [r3, #0]
1000395c:	b12c      	cbz	r4, 1000396a <__wrap_vprintf+0x5a>
1000395e:	6863      	ldr	r3, [r4, #4]
10003960:	b143      	cbz	r3, 10003974 <__wrap_vprintf+0x64>
10003962:	4798      	blx	r3
10003964:	6924      	ldr	r4, [r4, #16]
10003966:	2c00      	cmp	r4, #0
10003968:	d1f9      	bne.n	1000395e <__wrap_vprintf+0x4e>
1000396a:	bb0f      	cbnz	r7, 100039b0 <__wrap_vprintf+0xa0>
1000396c:	4630      	mov	r0, r6
1000396e:	b022      	add	sp, #136	@ 0x88
10003970:	e8bd 81f0 	ldmia.w	sp!, {r4, r5, r6, r7, r8, pc}
10003974:	6924      	ldr	r4, [r4, #16]
10003976:	e7f1      	b.n	1000395c <__wrap_vprintf+0x4c>
10003978:	f8df 8054 	ldr.w	r8, [pc, #84]	@ 100039d0 <__wrap_vprintf+0xc0>
1000397c:	f8d8 5000 	ldr.w	r5, [r8]
10003980:	b1ed      	cbz	r5, 100039be <__wrap_vprintf+0xae>
10003982:	4c14      	ldr	r4, [pc, #80]	@ (100039d4 <__wrap_vprintf+0xc4>)
10003984:	e001      	b.n	1000398a <__wrap_vprintf+0x7a>
10003986:	692d      	ldr	r5, [r5, #16]
10003988:	b175      	cbz	r5, 100039a8 <__wrap_vprintf+0x98>
1000398a:	682b      	ldr	r3, [r5, #0]
1000398c:	2b00      	cmp	r3, #0
1000398e:	d0fa      	beq.n	10003986 <__wrap_vprintf+0x76>
10003990:	6823      	ldr	r3, [r4, #0]
10003992:	b10b      	cbz	r3, 10003998 <__wrap_vprintf+0x88>
10003994:	42ab      	cmp	r3, r5
10003996:	d1f6      	bne.n	10003986 <__wrap_vprintf+0x76>
10003998:	4628      	mov	r0, r5
1000399a:	9a01      	ldr	r2, [sp, #4]
1000399c:	a902      	add	r1, sp, #8
1000399e:	f7ff fe39 	bl	10003614 <stdio_out_chars_crlf>
100039a2:	692d      	ldr	r5, [r5, #16]
100039a4:	2d00      	cmp	r5, #0
100039a6:	d1f0      	bne.n	1000398a <__wrap_vprintf+0x7a>
100039a8:	f8d8 4000 	ldr.w	r4, [r8]
100039ac:	9501      	str	r5, [sp, #4]
100039ae:	e7d5      	b.n	1000395c <__wrap_vprintf+0x4c>
100039b0:	4805      	ldr	r0, [pc, #20]	@ (100039c8 <__wrap_vprintf+0xb8>)
100039b2:	f007 fc5d 	bl	1000b270 <__mutex_exit_veneer>
100039b6:	4630      	mov	r0, r6
100039b8:	b022      	add	sp, #136	@ 0x88
100039ba:	e8bd 81f0 	ldmia.w	sp!, {r4, r5, r6, r7, r8, pc}
100039be:	9501      	str	r5, [sp, #4]
100039c0:	e7d3      	b.n	1000396a <__wrap_vprintf+0x5a>
100039c2:	bf00      	nop
100039c4:	000f4240 	.word	0x000f4240
100039c8:	2000282c 	.word	0x2000282c
100039cc:	100036c1 	.word	0x100036c1
100039d0:	200034e4 	.word	0x200034e4
100039d4:	200034ec 	.word	0x200034ec

100039d8 <__wrap_printf>:
100039d8:	b40f      	push	{r0, r1, r2, r3}
100039da:	b500      	push	{lr}
100039dc:	b083      	sub	sp, #12
100039de:	a904      	add	r1, sp, #16
100039e0:	f851 0b04 	ldr.w	r0, [r1], #4
100039e4:	9101      	str	r1, [sp, #4]
100039e6:	f7ff ff93 	bl	10003910 <__wrap_vprintf>
100039ea:	b003      	add	sp, #12
100039ec:	f85d eb04 	ldr.w	lr, [sp], #4
100039f0:	b004      	add	sp, #16
100039f2:	4770      	bx	lr

100039f4 <stdio_uart_out_chars>:
100039f4:	f1b1 0c00 	subs.w	ip, r1, #0
100039f8:	dd1d      	ble.n	10003a36 <stdio_uart_out_chars+0x42>
100039fa:	4a0f      	ldr	r2, [pc, #60]	@ (10003a38 <stdio_uart_out_chars+0x44>)
100039fc:	4b0f      	ldr	r3, [pc, #60]	@ (10003a3c <stdio_uart_out_chars+0x48>)
100039fe:	6812      	ldr	r2, [r2, #0]
10003a00:	b530      	push	{r4, r5, lr}
10003a02:	1ad3      	subs	r3, r2, r3
10003a04:	fab3 f383 	clz	r3, r3
10003a08:	240d      	movs	r4, #13
10003a0a:	4d0d      	ldr	r5, [pc, #52]	@ (10003a40 <stdio_uart_out_chars+0x4c>)
10003a0c:	095b      	lsrs	r3, r3, #5
10003a0e:	1e41      	subs	r1, r0, #1
10003a10:	f935 e013 	ldrsh.w	lr, [r5, r3, lsl #1]
10003a14:	448c      	add	ip, r1
10003a16:	f811 0f01 	ldrb.w	r0, [r1, #1]!
10003a1a:	4586      	cmp	lr, r0
10003a1c:	d006      	beq.n	10003a2c <stdio_uart_out_chars+0x38>
10003a1e:	6993      	ldr	r3, [r2, #24]
10003a20:	069b      	lsls	r3, r3, #26
10003a22:	d4fc      	bmi.n	10003a1e <stdio_uart_out_chars+0x2a>
10003a24:	4561      	cmp	r1, ip
10003a26:	6010      	str	r0, [r2, #0]
10003a28:	d1f5      	bne.n	10003a16 <stdio_uart_out_chars+0x22>
10003a2a:	bd30      	pop	{r4, r5, pc}
10003a2c:	6993      	ldr	r3, [r2, #24]
10003a2e:	069d      	lsls	r5, r3, #26
10003a30:	d4fc      	bmi.n	10003a2c <stdio_uart_out_chars+0x38>
10003a32:	6014      	str	r4, [r2, #0]
10003a34:	e7f3      	b.n	10003a1e <stdio_uart_out_chars+0x2a>
10003a36:	4770      	bx	lr
10003a38:	20003bdc 	.word	0x20003bdc
10003a3c:	40078000 	.word	0x40078000
10003a40:	20003bd8 	.word	0x20003bd8

10003a44 <stdio_uart_in_chars>:
10003a44:	4b22      	ldr	r3, [pc, #136]	@ (10003ad0 <stdio_uart_in_chars+0x8c>)
10003a46:	f1b1 0c00 	subs.w	ip, r1, #0
10003a4a:	b410      	push	{r4}
10003a4c:	681c      	ldr	r4, [r3, #0]
10003a4e:	dd2e      	ble.n	10003aae <stdio_uart_in_chars+0x6a>
10003a50:	4603      	mov	r3, r0
10003a52:	2000      	movs	r0, #0
10003a54:	4a1f      	ldr	r2, [pc, #124]	@ (10003ad4 <stdio_uart_in_chars+0x90>)
10003a56:	1e59      	subs	r1, r3, #1
10003a58:	6812      	ldr	r2, [r2, #0]
10003a5a:	6993      	ldr	r3, [r2, #24]
10003a5c:	06db      	lsls	r3, r3, #27
10003a5e:	d417      	bmi.n	10003a90 <stdio_uart_in_chars+0x4c>
10003a60:	3001      	adds	r0, #1
10003a62:	6993      	ldr	r3, [r2, #24]
10003a64:	06db      	lsls	r3, r3, #27
10003a66:	d4fc      	bmi.n	10003a62 <stdio_uart_in_chars+0x1e>
10003a68:	6813      	ldr	r3, [r2, #0]
10003a6a:	4584      	cmp	ip, r0
10003a6c:	f801 3f01 	strb.w	r3, [r1, #1]!
10003a70:	d1f3      	bne.n	10003a5a <stdio_uart_in_chars+0x16>
10003a72:	b14c      	cbz	r4, 10003a88 <stdio_uart_in_chars+0x44>
10003a74:	2150      	movs	r1, #80	@ 0x50
10003a76:	4613      	mov	r3, r2
10003a78:	6391      	str	r1, [r2, #56]	@ 0x38
10003a7a:	f853 2f34 	ldr.w	r2, [r3, #52]!
10003a7e:	f002 0238 	and.w	r2, r2, #56	@ 0x38
10003a82:	f503 5380 	add.w	r3, r3, #4096	@ 0x1000
10003a86:	601a      	str	r2, [r3, #0]
10003a88:	4660      	mov	r0, ip
10003a8a:	f85d 4b04 	ldr.w	r4, [sp], #4
10003a8e:	4770      	bx	lr
10003a90:	b14c      	cbz	r4, 10003aa6 <stdio_uart_in_chars+0x62>
10003a92:	2150      	movs	r1, #80	@ 0x50
10003a94:	4613      	mov	r3, r2
10003a96:	6391      	str	r1, [r2, #56]	@ 0x38
10003a98:	f853 2f34 	ldr.w	r2, [r3, #52]!
10003a9c:	f002 0238 	and.w	r2, r2, #56	@ 0x38
10003aa0:	f503 5380 	add.w	r3, r3, #4096	@ 0x1000
10003aa4:	601a      	str	r2, [r3, #0]
10003aa6:	b178      	cbz	r0, 10003ac8 <stdio_uart_in_chars+0x84>
10003aa8:	f85d 4b04 	ldr.w	r4, [sp], #4
10003aac:	4770      	bx	lr
10003aae:	b15c      	cbz	r4, 10003ac8 <stdio_uart_in_chars+0x84>
10003ab0:	4b08      	ldr	r3, [pc, #32]	@ (10003ad4 <stdio_uart_in_chars+0x90>)
10003ab2:	2150      	movs	r1, #80	@ 0x50
10003ab4:	681a      	ldr	r2, [r3, #0]
10003ab6:	4613      	mov	r3, r2
10003ab8:	6391      	str	r1, [r2, #56]	@ 0x38
10003aba:	f853 2f34 	ldr.w	r2, [r3, #52]!
10003abe:	f002 0238 	and.w	r2, r2, #56	@ 0x38
10003ac2:	f503 5380 	add.w	r3, r3, #4096	@ 0x1000
10003ac6:	601a      	str	r2, [r3, #0]
10003ac8:	f06f 0002 	mvn.w	r0, #2
10003acc:	e7ec      	b.n	10003aa8 <stdio_uart_in_chars+0x64>
10003ace:	bf00      	nop
10003ad0:	20003478 	.word	0x20003478
10003ad4:	20003bdc 	.word	0x20003bdc

10003ad8 <on_uart_rx>:
10003ad8:	4b05      	ldr	r3, [pc, #20]	@ (10003af0 <on_uart_rx+0x18>)
10003ada:	681b      	ldr	r3, [r3, #0]
10003adc:	b133      	cbz	r3, 10003aec <on_uart_rx+0x14>
10003ade:	2100      	movs	r1, #0
10003ae0:	4a04      	ldr	r2, [pc, #16]	@ (10003af4 <on_uart_rx+0x1c>)
10003ae2:	4805      	ldr	r0, [pc, #20]	@ (10003af8 <on_uart_rx+0x20>)
10003ae4:	6812      	ldr	r2, [r2, #0]
10003ae6:	6800      	ldr	r0, [r0, #0]
10003ae8:	6391      	str	r1, [r2, #56]	@ 0x38
10003aea:	4718      	bx	r3
10003aec:	4770      	bx	lr
10003aee:	bf00      	nop
10003af0:	20003478 	.word	0x20003478
10003af4:	20003bdc 	.word	0x20003bdc
10003af8:	20003480 	.word	0x20003480

10003afc <stdio_uart_out_flush>:
10003afc:	4b02      	ldr	r3, [pc, #8]	@ (10003b08 <stdio_uart_out_flush+0xc>)
10003afe:	681a      	ldr	r2, [r3, #0]
10003b00:	6993      	ldr	r3, [r2, #24]
10003b02:	071b      	lsls	r3, r3, #28
10003b04:	d4fc      	bmi.n	10003b00 <stdio_uart_out_flush+0x4>
10003b06:	4770      	bx	lr
10003b08:	20003bdc 	.word	0x20003bdc

10003b0c <stdio_uart_set_chars_available_callback>:
10003b0c:	b5f8      	push	{r3, r4, r5, r6, r7, lr}
10003b0e:	4f1c      	ldr	r7, [pc, #112]	@ (10003b80 <stdio_uart_set_chars_available_callback+0x74>)
10003b10:	4d1c      	ldr	r5, [pc, #112]	@ (10003b84 <stdio_uart_set_chars_available_callback+0x78>)
10003b12:	683a      	ldr	r2, [r7, #0]
10003b14:	4e1c      	ldr	r6, [pc, #112]	@ (10003b88 <stdio_uart_set_chars_available_callback+0x7c>)
10003b16:	42aa      	cmp	r2, r5
10003b18:	bf14      	ite	ne
10003b1a:	2521      	movne	r5, #33	@ 0x21
10003b1c:	2522      	moveq	r5, #34	@ 0x22
10003b1e:	4604      	mov	r4, r0
10003b20:	f8d6 c000 	ldr.w	ip, [r6]
10003b24:	b118      	cbz	r0, 10003b2e <stdio_uart_set_chars_available_callback+0x22>
10003b26:	f1bc 0f00 	cmp.w	ip, #0
10003b2a:	d010      	beq.n	10003b4e <stdio_uart_set_chars_available_callback+0x42>
10003b2c:	bdf8      	pop	{r3, r4, r5, r6, r7, pc}
10003b2e:	f1bc 0f00 	cmp.w	ip, #0
10003b32:	d0fb      	beq.n	10003b2c <stdio_uart_set_chars_available_callback+0x20>
10003b34:	4601      	mov	r1, r0
10003b36:	6390      	str	r0, [r2, #56]	@ 0x38
10003b38:	4628      	mov	r0, r5
10003b3a:	f7fc fe49 	bl	100007d0 <irq_set_enabled>
10003b3e:	4628      	mov	r0, r5
10003b40:	4912      	ldr	r1, [pc, #72]	@ (10003b8c <stdio_uart_set_chars_available_callback+0x80>)
10003b42:	f7fc ffad 	bl	10000aa0 <irq_remove_handler>
10003b46:	4b12      	ldr	r3, [pc, #72]	@ (10003b90 <stdio_uart_set_chars_available_callback+0x84>)
10003b48:	6034      	str	r4, [r6, #0]
10003b4a:	601c      	str	r4, [r3, #0]
10003b4c:	bdf8      	pop	{r3, r4, r5, r6, r7, pc}
10003b4e:	460b      	mov	r3, r1
10003b50:	4a0f      	ldr	r2, [pc, #60]	@ (10003b90 <stdio_uart_set_chars_available_callback+0x84>)
10003b52:	490e      	ldr	r1, [pc, #56]	@ (10003b8c <stdio_uart_set_chars_available_callback+0x80>)
10003b54:	6030      	str	r0, [r6, #0]
10003b56:	4628      	mov	r0, r5
10003b58:	6013      	str	r3, [r2, #0]
10003b5a:	f7fc fe7d 	bl	10000858 <irq_set_exclusive_handler>
10003b5e:	2101      	movs	r1, #1
10003b60:	4628      	mov	r0, r5
10003b62:	f7fc fe35 	bl	100007d0 <irq_set_enabled>
10003b66:	683a      	ldr	r2, [r7, #0]
10003b68:	2150      	movs	r1, #80	@ 0x50
10003b6a:	4613      	mov	r3, r2
10003b6c:	6391      	str	r1, [r2, #56]	@ 0x38
10003b6e:	f853 2f34 	ldr.w	r2, [r3, #52]!
10003b72:	f002 0238 	and.w	r2, r2, #56	@ 0x38
10003b76:	f503 5380 	add.w	r3, r3, #4096	@ 0x1000
10003b7a:	601a      	str	r2, [r3, #0]
10003b7c:	bdf8      	pop	{r3, r4, r5, r6, r7, pc}
10003b7e:	bf00      	nop
10003b80:	20003bdc 	.word	0x20003bdc
10003b84:	40078000 	.word	0x40078000
10003b88:	20003478 	.word	0x20003478
10003b8c:	10003ad9 	.word	0x10003ad9
10003b90:	20003480 	.word	0x20003480

10003b94 <stdio_uart_init>:
10003b94:	b510      	push	{r4, lr}
10003b96:	490e      	ldr	r1, [pc, #56]	@ (10003bd0 <stdio_uart_init+0x3c>)
10003b98:	4c0e      	ldr	r4, [pc, #56]	@ (10003bd4 <stdio_uart_init+0x40>)
10003b9a:	480f      	ldr	r0, [pc, #60]	@ (10003bd8 <stdio_uart_init+0x44>)
10003b9c:	4a0f      	ldr	r2, [pc, #60]	@ (10003bdc <stdio_uart_init+0x48>)
10003b9e:	4b10      	ldr	r3, [pc, #64]	@ (10003be0 <stdio_uart_init+0x4c>)
10003ba0:	7800      	ldrb	r0, [r0, #0]
10003ba2:	6021      	str	r1, [r4, #0]
10003ba4:	2010      	movs	r0, #16
10003ba6:	2102      	movs	r1, #2
10003ba8:	7812      	ldrb	r2, [r2, #0]
10003baa:	781b      	ldrb	r3, [r3, #0]
10003bac:	f7fc fcd0 	bl	10000550 <gpio_set_function>
10003bb0:	2102      	movs	r1, #2
10003bb2:	2011      	movs	r0, #17
10003bb4:	f7fc fccc 	bl	10000550 <gpio_set_function>
10003bb8:	f44f 31e1 	mov.w	r1, #115200	@ 0x1c200
10003bbc:	6820      	ldr	r0, [r4, #0]
10003bbe:	f7fd fd9b 	bl	100016f8 <uart_init>
10003bc2:	e8bd 4010 	ldmia.w	sp!, {r4, lr}
10003bc6:	2101      	movs	r1, #1
10003bc8:	4806      	ldr	r0, [pc, #24]	@ (10003be4 <stdio_uart_init+0x50>)
10003bca:	f7ff be21 	b.w	10003810 <stdio_set_driver_enabled>
10003bce:	bf00      	nop
10003bd0:	40070000 	.word	0x40070000
10003bd4:	20003bdc 	.word	0x20003bdc
10003bd8:	1000be94 	.word	0x1000be94
10003bdc:	1000be90 	.word	0x1000be90
10003be0:	1000be8c 	.word	0x1000be8c
10003be4:	2000228c 	.word	0x2000228c

10003be8 <resetd_init>:
10003be8:	4770      	bx	lr
10003bea:	bf00      	nop

10003bec <resetd_reset>:
10003bec:	2200      	movs	r2, #0
10003bee:	4b01      	ldr	r3, [pc, #4]	@ (10003bf4 <resetd_reset+0x8>)
10003bf0:	701a      	strb	r2, [r3, #0]
10003bf2:	4770      	bx	lr
10003bf4:	20023cf0 	.word	0x20023cf0

10003bf8 <resetd_open>:
10003bf8:	794b      	ldrb	r3, [r1, #5]
10003bfa:	2bff      	cmp	r3, #255	@ 0xff
10003bfc:	d10b      	bne.n	10003c16 <resetd_open+0x1e>
10003bfe:	7988      	ldrb	r0, [r1, #6]
10003c00:	b948      	cbnz	r0, 10003c16 <resetd_open+0x1e>
10003c02:	79cb      	ldrb	r3, [r1, #7]
10003c04:	2b01      	cmp	r3, #1
10003c06:	d107      	bne.n	10003c18 <resetd_open+0x20>
10003c08:	2a08      	cmp	r2, #8
10003c0a:	d905      	bls.n	10003c18 <resetd_open+0x20>
10003c0c:	4b03      	ldr	r3, [pc, #12]	@ (10003c1c <resetd_open+0x24>)
10003c0e:	788a      	ldrb	r2, [r1, #2]
10003c10:	2009      	movs	r0, #9
10003c12:	701a      	strb	r2, [r3, #0]
10003c14:	4770      	bx	lr
10003c16:	2000      	movs	r0, #0
10003c18:	4770      	bx	lr
10003c1a:	bf00      	nop
10003c1c:	20023cf0 	.word	0x20023cf0

10003c20 <resetd_xfer_cb>:
10003c20:	2001      	movs	r0, #1
10003c22:	4770      	bx	lr

10003c24 <resetd_control_xfer_cb>:
10003c24:	2901      	cmp	r1, #1
10003c26:	d001      	beq.n	10003c2c <resetd_control_xfer_cb+0x8>
10003c28:	2001      	movs	r0, #1
10003c2a:	4770      	bx	lr
10003c2c:	b508      	push	{r3, lr}
10003c2e:	4b10      	ldr	r3, [pc, #64]	@ (10003c70 <resetd_control_xfer_cb+0x4c>)
10003c30:	8891      	ldrh	r1, [r2, #4]
10003c32:	781b      	ldrb	r3, [r3, #0]
10003c34:	4299      	cmp	r1, r3
10003c36:	d001      	beq.n	10003c3c <resetd_control_xfer_cb+0x18>
10003c38:	2000      	movs	r0, #0
10003c3a:	bd08      	pop	{r3, pc}
10003c3c:	7853      	ldrb	r3, [r2, #1]
10003c3e:	2b01      	cmp	r3, #1
10003c40:	d008      	beq.n	10003c54 <resetd_control_xfer_cb+0x30>
10003c42:	2b02      	cmp	r3, #2
10003c44:	d1f8      	bne.n	10003c38 <resetd_control_xfer_cb+0x14>
10003c46:	2100      	movs	r1, #0
10003c48:	2264      	movs	r2, #100	@ 0x64
10003c4a:	4608      	mov	r0, r1
10003c4c:	f7fd fe8a 	bl	10001964 <watchdog_reboot>
10003c50:	2001      	movs	r0, #1
10003c52:	bd08      	pop	{r3, pc}
10003c54:	8851      	ldrh	r1, [r2, #2]
10003c56:	05cb      	lsls	r3, r1, #23
10003c58:	bf4b      	itete	mi
10003c5a:	0a4a      	lsrmi	r2, r1, #9
10003c5c:	0a4a      	lsrpl	r2, r1, #9
10003c5e:	4610      	movmi	r0, r2
10003c60:	f04f 30ff 	movpl.w	r0, #4294967295	@ 0xffffffff
10003c64:	f002 0201 	and.w	r2, r2, #1
10003c68:	f001 017f 	and.w	r1, r1, #127	@ 0x7f
10003c6c:	f7fd fef8 	bl	10001a60 <rom_reset_usb_boot_extra>
10003c70:	20023cf0 	.word	0x20023cf0

10003c74 <tud_descriptor_bos_cb>:
10003c74:	4800      	ldr	r0, [pc, #0]	@ (10003c78 <tud_descriptor_bos_cb+0x4>)
10003c76:	4770      	bx	lr
10003c78:	1000b828 	.word	0x1000b828

10003c7c <tud_vendor_control_xfer_cb>:
10003c7c:	2901      	cmp	r1, #1
10003c7e:	d107      	bne.n	10003c90 <tud_vendor_control_xfer_cb+0x14>
10003c80:	7853      	ldrb	r3, [r2, #1]
10003c82:	2b01      	cmp	r3, #1
10003c84:	d102      	bne.n	10003c8c <tud_vendor_control_xfer_cb+0x10>
10003c86:	8893      	ldrh	r3, [r2, #4]
10003c88:	2b07      	cmp	r3, #7
10003c8a:	d003      	beq.n	10003c94 <tud_vendor_control_xfer_cb+0x18>
10003c8c:	2000      	movs	r0, #0
10003c8e:	4770      	bx	lr
10003c90:	2001      	movs	r0, #1
10003c92:	4770      	bx	lr
10003c94:	4611      	mov	r1, r2
10003c96:	23a6      	movs	r3, #166	@ 0xa6
10003c98:	4a01      	ldr	r2, [pc, #4]	@ (10003ca0 <tud_vendor_control_xfer_cb+0x24>)
10003c9a:	f001 ba2f 	b.w	100050fc <tud_control_xfer>
10003c9e:	bf00      	nop
10003ca0:	1000b780 	.word	0x1000b780

10003ca4 <usbd_app_driver_get_cb>:
10003ca4:	4603      	mov	r3, r0
10003ca6:	2201      	movs	r2, #1
10003ca8:	4801      	ldr	r0, [pc, #4]	@ (10003cb0 <usbd_app_driver_get_cb+0xc>)
10003caa:	701a      	strb	r2, [r3, #0]
10003cac:	4770      	bx	lr
10003cae:	bf00      	nop
10003cb0:	1000b760 	.word	0x1000b760

10003cb4 <tud_cdc_line_coding_cb>:
10003cb4:	b508      	push	{r3, lr}
10003cb6:	680b      	ldr	r3, [r1, #0]
10003cb8:	f5b3 6f96 	cmp.w	r3, #1200	@ 0x4b0
10003cbc:	d000      	beq.n	10003cc0 <tud_cdc_line_coding_cb+0xc>
10003cbe:	bd08      	pop	{r3, pc}
10003cc0:	2200      	movs	r2, #0
10003cc2:	f04f 30ff 	mov.w	r0, #4294967295	@ 0xffffffff
10003cc6:	4611      	mov	r1, r2
10003cc8:	f7fd feca 	bl	10001a60 <rom_reset_usb_boot_extra>

10003ccc <stdio_usb_set_chars_available_callback>:
10003ccc:	4a02      	ldr	r2, [pc, #8]	@ (10003cd8 <stdio_usb_set_chars_available_callback+0xc>)
10003cce:	4b03      	ldr	r3, [pc, #12]	@ (10003cdc <stdio_usb_set_chars_available_callback+0x10>)
10003cd0:	6010      	str	r0, [r2, #0]
10003cd2:	6019      	str	r1, [r3, #0]
10003cd4:	4770      	bx	lr
10003cd6:	bf00      	nop
10003cd8:	2000347c 	.word	0x2000347c
10003cdc:	20003484 	.word	0x20003484

10003ce0 <timer_task>:
10003ce0:	4b18      	ldr	r3, [pc, #96]	@ (10003d44 <timer_task+0x64>)
10003ce2:	b570      	push	{r4, r5, r6, lr}
10003ce4:	681a      	ldr	r2, [r3, #0]
10003ce6:	2a00      	cmp	r2, #0
10003ce8:	d028      	beq.n	10003d3c <timer_task+0x5c>
10003cea:	f3ef 8110 	mrs	r1, PRIMASK
10003cee:	b672      	cpsid	i
10003cf0:	e8d2 4fcf 	ldaexb	r4, [r2]
10003cf4:	2001      	movs	r0, #1
10003cf6:	2c00      	cmp	r4, #0
10003cf8:	d1fa      	bne.n	10003cf0 <timer_task+0x10>
10003cfa:	e8c2 0f44 	strexb	r4, r0, [r2]
10003cfe:	2c00      	cmp	r4, #0
10003d00:	d1f6      	bne.n	10003cf0 <timer_task+0x10>
10003d02:	f3bf 8f5f 	dmb	sy
10003d06:	2200      	movs	r2, #0
10003d08:	4c0f      	ldr	r4, [pc, #60]	@ (10003d48 <timer_task+0x68>)
10003d0a:	6818      	ldr	r0, [r3, #0]
10003d0c:	6059      	str	r1, [r3, #4]
10003d0e:	7022      	strb	r2, [r4, #0]
10003d10:	e8c0 2f8f 	stlb	r2, [r0]
10003d14:	f381 8810 	msr	PRIMASK, r1
10003d18:	2400      	movs	r4, #0
10003d1a:	2500      	movs	r5, #0
10003d1c:	4e0b      	ldr	r6, [pc, #44]	@ (10003d4c <timer_task+0x6c>)
10003d1e:	7830      	ldrb	r0, [r6, #0]
10003d20:	f7fc fd6c 	bl	100007fc <irq_is_enabled>
10003d24:	b920      	cbnz	r0, 10003d30 <timer_task+0x50>
10003d26:	2400      	movs	r4, #0
10003d28:	2500      	movs	r5, #0
10003d2a:	4620      	mov	r0, r4
10003d2c:	4629      	mov	r1, r5
10003d2e:	bd70      	pop	{r4, r5, r6, pc}
10003d30:	7830      	ldrb	r0, [r6, #0]
10003d32:	f7fc fd73 	bl	1000081c <irq_set_pending>
10003d36:	4620      	mov	r0, r4
10003d38:	4629      	mov	r1, r5
10003d3a:	bd70      	pop	{r4, r5, r6, pc}
10003d3c:	f44f 747a 	mov.w	r4, #1000	@ 0x3e8
10003d40:	2500      	movs	r5, #0
10003d42:	e7eb      	b.n	10003d1c <timer_task+0x3c>
10003d44:	20003900 	.word	0x20003900
10003d48:	20023cf2 	.word	0x20023cf2
10003d4c:	20023cf1 	.word	0x20023cf1

10003d50 <usb_irq>:
10003d50:	4b01      	ldr	r3, [pc, #4]	@ (10003d58 <usb_irq+0x8>)
10003d52:	7818      	ldrb	r0, [r3, #0]
10003d54:	f7fc bd62 	b.w	1000081c <irq_set_pending>
10003d58:	20023cf1 	.word	0x20023cf1

10003d5c <stdio_usb_in_chars>:
10003d5c:	b538      	push	{r3, r4, r5, lr}
10003d5e:	4604      	mov	r4, r0
10003d60:	2000      	movs	r0, #0
10003d62:	460d      	mov	r5, r1
10003d64:	f001 faec 	bl	10005340 <tud_cdc_n_connected>
10003d68:	b3a8      	cbz	r0, 10003dd6 <stdio_usb_in_chars+0x7a>
10003d6a:	2000      	movs	r0, #0
10003d6c:	f001 fafe 	bl	1000536c <tud_cdc_n_available>
10003d70:	b388      	cbz	r0, 10003dd6 <stdio_usb_in_chars+0x7a>
10003d72:	f7fd fc73 	bl	1000165c <time_us_64>
10003d76:	f04f 3eff 	mov.w	lr, #4294967295	@ 0xffffffff
10003d7a:	f06f 4c00 	mvn.w	ip, #2147483648	@ 0x80000000
10003d7e:	4a17      	ldr	r2, [pc, #92]	@ (10003ddc <stdio_usb_in_chars+0x80>)
10003d80:	1882      	adds	r2, r0, r2
10003d82:	f141 0300 	adc.w	r3, r1, #0
10003d86:	4596      	cmp	lr, r2
10003d88:	eb7c 0103 	sbcs.w	r1, ip, r3
10003d8c:	bf3c      	itt	cc
10003d8e:	4672      	movcc	r2, lr
10003d90:	4663      	movcc	r3, ip
10003d92:	4813      	ldr	r0, [pc, #76]	@ (10003de0 <stdio_usb_in_chars+0x84>)
10003d94:	f007 fa88 	bl	1000b2a8 <__mutex_try_enter_block_until_veneer>
10003d98:	b1e8      	cbz	r0, 10003dd6 <stdio_usb_in_chars+0x7a>
10003d9a:	2000      	movs	r0, #0
10003d9c:	f001 fad0 	bl	10005340 <tud_cdc_n_connected>
10003da0:	b958      	cbnz	r0, 10003dba <stdio_usb_in_chars+0x5e>
10003da2:	2100      	movs	r1, #0
10003da4:	f04f 30ff 	mov.w	r0, #4294967295	@ 0xffffffff
10003da8:	f000 fd00 	bl	100047ac <tud_task_ext>
10003dac:	f06f 0402 	mvn.w	r4, #2
10003db0:	480b      	ldr	r0, [pc, #44]	@ (10003de0 <stdio_usb_in_chars+0x84>)
10003db2:	f007 fa5d 	bl	1000b270 <__mutex_exit_veneer>
10003db6:	4620      	mov	r0, r4
10003db8:	bd38      	pop	{r3, r4, r5, pc}
10003dba:	2000      	movs	r0, #0
10003dbc:	f001 fad6 	bl	1000536c <tud_cdc_n_available>
10003dc0:	2800      	cmp	r0, #0
10003dc2:	d0ee      	beq.n	10003da2 <stdio_usb_in_chars+0x46>
10003dc4:	4621      	mov	r1, r4
10003dc6:	462a      	mov	r2, r5
10003dc8:	2000      	movs	r0, #0
10003dca:	f001 fadb 	bl	10005384 <tud_cdc_n_read>
10003dce:	4604      	mov	r4, r0
10003dd0:	2800      	cmp	r0, #0
10003dd2:	d1ed      	bne.n	10003db0 <stdio_usb_in_chars+0x54>
10003dd4:	e7ea      	b.n	10003dac <stdio_usb_in_chars+0x50>
10003dd6:	f06f 0402 	mvn.w	r4, #2
10003dda:	e7ec      	b.n	10003db6 <stdio_usb_in_chars+0x5a>
10003ddc:	000f4240 	.word	0x000f4240
10003de0:	20003bd0 	.word	0x20003bd0

10003de4 <stdio_usb_out_flush>:
10003de4:	b508      	push	{r3, lr}
10003de6:	f7fd fc39 	bl	1000165c <time_us_64>
10003dea:	f04f 3eff 	mov.w	lr, #4294967295	@ 0xffffffff
10003dee:	f06f 4c00 	mvn.w	ip, #2147483648	@ 0x80000000
10003df2:	4a0f      	ldr	r2, [pc, #60]	@ (10003e30 <stdio_usb_out_flush+0x4c>)
10003df4:	1882      	adds	r2, r0, r2
10003df6:	f141 0300 	adc.w	r3, r1, #0
10003dfa:	4596      	cmp	lr, r2
10003dfc:	eb7c 0103 	sbcs.w	r1, ip, r3
10003e00:	bf3c      	itt	cc
10003e02:	4672      	movcc	r2, lr
10003e04:	4663      	movcc	r3, ip
10003e06:	480b      	ldr	r0, [pc, #44]	@ (10003e34 <stdio_usb_out_flush+0x50>)
10003e08:	f007 fa4e 	bl	1000b2a8 <__mutex_try_enter_block_until_veneer>
10003e0c:	b170      	cbz	r0, 10003e2c <stdio_usb_out_flush+0x48>
10003e0e:	f04f 30ff 	mov.w	r0, #4294967295	@ 0xffffffff
10003e12:	2100      	movs	r1, #0
10003e14:	f000 fcca 	bl	100047ac <tud_task_ext>
10003e18:	2000      	movs	r0, #0
10003e1a:	f001 fafb 	bl	10005414 <tud_cdc_n_write_flush>
10003e1e:	2800      	cmp	r0, #0
10003e20:	d1f5      	bne.n	10003e0e <stdio_usb_out_flush+0x2a>
10003e22:	e8bd 4008 	ldmia.w	sp!, {r3, lr}
10003e26:	4803      	ldr	r0, [pc, #12]	@ (10003e34 <stdio_usb_out_flush+0x50>)
10003e28:	f007 ba22 	b.w	1000b270 <__mutex_exit_veneer>
10003e2c:	bd08      	pop	{r3, pc}
10003e2e:	bf00      	nop
10003e30:	000f4240 	.word	0x000f4240
10003e34:	20003bd0 	.word	0x20003bd0

10003e38 <stdio_usb_out_chars>:
10003e38:	e92d 43f8 	stmdb	sp!, {r3, r4, r5, r6, r7, r8, r9, lr}
10003e3c:	4607      	mov	r7, r0
10003e3e:	460e      	mov	r6, r1
10003e40:	f7fd fc0c 	bl	1000165c <time_us_64>
10003e44:	f04f 35ff 	mov.w	r5, #4294967295	@ 0xffffffff
10003e48:	f06f 4400 	mvn.w	r4, #2147483648	@ 0x80000000
10003e4c:	4a33      	ldr	r2, [pc, #204]	@ (10003f1c <stdio_usb_out_chars+0xe4>)
10003e4e:	1882      	adds	r2, r0, r2
10003e50:	f141 0300 	adc.w	r3, r1, #0
10003e54:	4295      	cmp	r5, r2
10003e56:	eb74 0103 	sbcs.w	r1, r4, r3
10003e5a:	bf3c      	itt	cc
10003e5c:	462a      	movcc	r2, r5
10003e5e:	4623      	movcc	r3, r4
10003e60:	482f      	ldr	r0, [pc, #188]	@ (10003f20 <stdio_usb_out_chars+0xe8>)
10003e62:	f007 fa21 	bl	1000b2a8 <__mutex_try_enter_block_until_veneer>
10003e66:	b908      	cbnz	r0, 10003e6c <stdio_usb_out_chars+0x34>
10003e68:	e8bd 83f8 	ldmia.w	sp!, {r3, r4, r5, r6, r7, r8, r9, pc}
10003e6c:	2000      	movs	r0, #0
10003e6e:	f001 fa67 	bl	10005340 <tud_cdc_n_connected>
10003e72:	2800      	cmp	r0, #0
10003e74:	d048      	beq.n	10003f08 <stdio_usb_out_chars+0xd0>
10003e76:	2e00      	cmp	r6, #0
10003e78:	dd41      	ble.n	10003efe <stdio_usb_out_chars+0xc6>
10003e7a:	2500      	movs	r5, #0
10003e7c:	f8df 80a4 	ldr.w	r8, [pc, #164]	@ 10003f24 <stdio_usb_out_chars+0xec>
10003e80:	f8df 90a4 	ldr.w	r9, [pc, #164]	@ 10003f28 <stdio_usb_out_chars+0xf0>
10003e84:	e013      	b.n	10003eae <stdio_usb_out_chars+0x76>
10003e86:	4622      	mov	r2, r4
10003e88:	2000      	movs	r0, #0
10003e8a:	f001 fb09 	bl	100054a0 <tud_cdc_n_write>
10003e8e:	2100      	movs	r1, #0
10003e90:	4604      	mov	r4, r0
10003e92:	f04f 30ff 	mov.w	r0, #4294967295	@ 0xffffffff
10003e96:	f000 fc89 	bl	100047ac <tud_task_ext>
10003e9a:	2000      	movs	r0, #0
10003e9c:	f001 faba 	bl	10005414 <tud_cdc_n_write_flush>
10003ea0:	f7fd fbdc 	bl	1000165c <time_us_64>
10003ea4:	e9c8 0100 	strd	r0, r1, [r8]
10003ea8:	4425      	add	r5, r4
10003eaa:	42ae      	cmp	r6, r5
10003eac:	dd27      	ble.n	10003efe <stdio_usb_out_chars+0xc6>
10003eae:	2000      	movs	r0, #0
10003eb0:	f001 fb16 	bl	100054e0 <tud_cdc_n_write_available>
10003eb4:	1b74      	subs	r4, r6, r5
10003eb6:	4284      	cmp	r4, r0
10003eb8:	bfa8      	it	ge
10003eba:	4604      	movge	r4, r0
10003ebc:	1979      	adds	r1, r7, r5
10003ebe:	2c00      	cmp	r4, #0
10003ec0:	d1e1      	bne.n	10003e86 <stdio_usb_out_chars+0x4e>
10003ec2:	4621      	mov	r1, r4
10003ec4:	f04f 30ff 	mov.w	r0, #4294967295	@ 0xffffffff
10003ec8:	f000 fc70 	bl	100047ac <tud_task_ext>
10003ecc:	4620      	mov	r0, r4
10003ece:	f001 faa1 	bl	10005414 <tud_cdc_n_write_flush>
10003ed2:	4620      	mov	r0, r4
10003ed4:	f001 fa34 	bl	10005340 <tud_cdc_n_connected>
10003ed8:	b188      	cbz	r0, 10003efe <stdio_usb_out_chars+0xc6>
10003eda:	4620      	mov	r0, r4
10003edc:	f001 fb00 	bl	100054e0 <tud_cdc_n_write_available>
10003ee0:	2800      	cmp	r0, #0
10003ee2:	d1e2      	bne.n	10003eaa <stdio_usb_out_chars+0x72>
10003ee4:	f7fd fbba 	bl	1000165c <time_us_64>
10003ee8:	f8d8 3000 	ldr.w	r3, [r8]
10003eec:	f8d8 2004 	ldr.w	r2, [r8, #4]
10003ef0:	eb13 0309 	adds.w	r3, r3, r9
10003ef4:	f142 0200 	adc.w	r2, r2, #0
10003ef8:	4283      	cmp	r3, r0
10003efa:	418a      	sbcs	r2, r1
10003efc:	d2d5      	bcs.n	10003eaa <stdio_usb_out_chars+0x72>
10003efe:	4808      	ldr	r0, [pc, #32]	@ (10003f20 <stdio_usb_out_chars+0xe8>)
10003f00:	e8bd 43f8 	ldmia.w	sp!, {r3, r4, r5, r6, r7, r8, r9, lr}
10003f04:	f007 b9b4 	b.w	1000b270 <__mutex_exit_veneer>
10003f08:	2000      	movs	r0, #0
10003f0a:	2100      	movs	r1, #0
10003f0c:	4b05      	ldr	r3, [pc, #20]	@ (10003f24 <stdio_usb_out_chars+0xec>)
10003f0e:	e9c3 0100 	strd	r0, r1, [r3]
10003f12:	e8bd 43f8 	ldmia.w	sp!, {r3, r4, r5, r6, r7, r8, r9, lr}
10003f16:	4802      	ldr	r0, [pc, #8]	@ (10003f20 <stdio_usb_out_chars+0xe8>)
10003f18:	f007 b9aa 	b.w	1000b270 <__mutex_exit_veneer>
10003f1c:	000f4240 	.word	0x000f4240
10003f20:	20003bd0 	.word	0x20003bd0
10003f24:	20002c90 	.word	0x20002c90
10003f28:	0007a120 	.word	0x0007a120

10003f2c <low_priority_worker_irq>:
10003f2c:	b530      	push	{r4, r5, lr}
10003f2e:	2100      	movs	r1, #0
10003f30:	b085      	sub	sp, #20
10003f32:	482e      	ldr	r0, [pc, #184]	@ (10003fec <low_priority_worker_irq+0xc0>)
10003f34:	f007 f9cc 	bl	1000b2d0 <__mutex_try_enter_veneer>
10003f38:	b9f0      	cbnz	r0, 10003f78 <low_priority_worker_irq+0x4c>
10003f3a:	4b2d      	ldr	r3, [pc, #180]	@ (10003ff0 <low_priority_worker_irq+0xc4>)
10003f3c:	681a      	ldr	r2, [r3, #0]
10003f3e:	b1ca      	cbz	r2, 10003f74 <low_priority_worker_irq+0x48>
10003f40:	f3ef 8110 	mrs	r1, PRIMASK
10003f44:	b672      	cpsid	i
10003f46:	e8d2 5fcf 	ldaexb	r5, [r2]
10003f4a:	2401      	movs	r4, #1
10003f4c:	2d00      	cmp	r5, #0
10003f4e:	d1fa      	bne.n	10003f46 <low_priority_worker_irq+0x1a>
10003f50:	e8c2 4f45 	strexb	r5, r4, [r2]
10003f54:	2d00      	cmp	r5, #0
10003f56:	d1f6      	bne.n	10003f46 <low_priority_worker_irq+0x1a>
10003f58:	f3bf 8f5f 	dmb	sy
10003f5c:	4c25      	ldr	r4, [pc, #148]	@ (10003ff4 <low_priority_worker_irq+0xc8>)
10003f5e:	681d      	ldr	r5, [r3, #0]
10003f60:	7822      	ldrb	r2, [r4, #0]
10003f62:	6059      	str	r1, [r3, #4]
10003f64:	b2d3      	uxtb	r3, r2
10003f66:	2201      	movs	r2, #1
10003f68:	7022      	strb	r2, [r4, #0]
10003f6a:	e8c5 0f8f 	stlb	r0, [r5]
10003f6e:	f381 8810 	msr	PRIMASK, r1
10003f72:	b1cb      	cbz	r3, 10003fa8 <low_priority_worker_irq+0x7c>
10003f74:	b005      	add	sp, #20
10003f76:	bd30      	pop	{r4, r5, pc}
10003f78:	2100      	movs	r1, #0
10003f7a:	f04f 30ff 	mov.w	r0, #4294967295	@ 0xffffffff
10003f7e:	f000 fc15 	bl	100047ac <tud_task_ext>
10003f82:	2000      	movs	r0, #0
10003f84:	f001 f9f2 	bl	1000536c <tud_cdc_n_available>
10003f88:	4604      	mov	r4, r0
10003f8a:	4818      	ldr	r0, [pc, #96]	@ (10003fec <low_priority_worker_irq+0xc0>)
10003f8c:	f007 f970 	bl	1000b270 <__mutex_exit_veneer>
10003f90:	2c00      	cmp	r4, #0
10003f92:	d0ef      	beq.n	10003f74 <low_priority_worker_irq+0x48>
10003f94:	4b18      	ldr	r3, [pc, #96]	@ (10003ff8 <low_priority_worker_irq+0xcc>)
10003f96:	681b      	ldr	r3, [r3, #0]
10003f98:	2b00      	cmp	r3, #0
10003f9a:	d0eb      	beq.n	10003f74 <low_priority_worker_irq+0x48>
10003f9c:	4a17      	ldr	r2, [pc, #92]	@ (10003ffc <low_priority_worker_irq+0xd0>)
10003f9e:	6810      	ldr	r0, [r2, #0]
10003fa0:	b005      	add	sp, #20
10003fa2:	e8bd 4030 	ldmia.w	sp!, {r4, r5, lr}
10003fa6:	4718      	bx	r3
10003fa8:	f7fd f95c 	bl	10001264 <alarm_pool_get_default>
10003fac:	4604      	mov	r4, r0
10003fae:	f7fd fb55 	bl	1000165c <time_us_64>
10003fb2:	f04f 3cff 	mov.w	ip, #4294967295	@ 0xffffffff
10003fb6:	f06f 4500 	mvn.w	r5, #2147483648	@ 0x80000000
10003fba:	f510 727a 	adds.w	r2, r0, #1000	@ 0x3e8
10003fbe:	f141 0300 	adc.w	r3, r1, #0
10003fc2:	4594      	cmp	ip, r2
10003fc4:	eb75 0103 	sbcs.w	r1, r5, r3
10003fc8:	bf38      	it	cc
10003fca:	462b      	movcc	r3, r5
10003fcc:	f04f 0100 	mov.w	r1, #0
10003fd0:	f04f 0501 	mov.w	r5, #1
10003fd4:	4620      	mov	r0, r4
10003fd6:	4c0a      	ldr	r4, [pc, #40]	@ (10004000 <low_priority_worker_irq+0xd4>)
10003fd8:	bf38      	it	cc
10003fda:	4662      	movcc	r2, ip
10003fdc:	e9cd 1501 	strd	r1, r5, [sp, #4]
10003fe0:	9400      	str	r4, [sp, #0]
10003fe2:	f7fd f943 	bl	1000126c <alarm_pool_add_alarm_at>
10003fe6:	b005      	add	sp, #20
10003fe8:	bd30      	pop	{r4, r5, pc}
10003fea:	bf00      	nop
10003fec:	20003bd0 	.word	0x20003bd0
10003ff0:	20003900 	.word	0x20003900
10003ff4:	20023cf2 	.word	0x20023cf2
10003ff8:	2000347c 	.word	0x2000347c
10003ffc:	20003484 	.word	0x20003484
10004000:	10003ce1 	.word	0x10003ce1

10004004 <stdio_usb_init>:
10004004:	f04f 4350 	mov.w	r3, #3489660928	@ 0xd0000000
10004008:	b530      	push	{r4, r5, lr}
1000400a:	b085      	sub	sp, #20
1000400c:	681c      	ldr	r4, [r3, #0]
1000400e:	f7fd f929 	bl	10001264 <alarm_pool_get_default>
10004012:	f7fd fa3d 	bl	10001490 <alarm_pool_core_num>
10004016:	42a0      	cmp	r0, r4
10004018:	d002      	beq.n	10004020 <stdio_usb_init+0x1c>
1000401a:	2000      	movs	r0, #0
1000401c:	b005      	add	sp, #20
1000401e:	bd30      	pop	{r4, r5, pc}
10004020:	4b29      	ldr	r3, [pc, #164]	@ (100040c8 <stdio_usb_init+0xc4>)
10004022:	781b      	ldrb	r3, [r3, #0]
10004024:	f001 fd2e 	bl	10005a84 <tusb_init>
10004028:	4828      	ldr	r0, [pc, #160]	@ (100040cc <stdio_usb_init+0xc8>)
1000402a:	6803      	ldr	r3, [r0, #0]
1000402c:	2b00      	cmp	r3, #0
1000402e:	d047      	beq.n	100040c0 <stdio_usb_init+0xbc>
10004030:	2001      	movs	r0, #1
10004032:	f7fc fea5 	bl	10000d80 <user_irq_claim_unused>
10004036:	4603      	mov	r3, r0
10004038:	4c25      	ldr	r4, [pc, #148]	@ (100040d0 <stdio_usb_init+0xcc>)
1000403a:	4926      	ldr	r1, [pc, #152]	@ (100040d4 <stdio_usb_init+0xd0>)
1000403c:	b2c0      	uxtb	r0, r0
1000403e:	7023      	strb	r3, [r4, #0]
10004040:	f7fc fc0a 	bl	10000858 <irq_set_exclusive_handler>
10004044:	7820      	ldrb	r0, [r4, #0]
10004046:	2101      	movs	r1, #1
10004048:	f7fc fbc2 	bl	100007d0 <irq_set_enabled>
1000404c:	200e      	movs	r0, #14
1000404e:	f7fc fbf1 	bl	10000834 <irq_has_shared_handler>
10004052:	bb40      	cbnz	r0, 100040a6 <stdio_usb_init+0xa2>
10004054:	4b20      	ldr	r3, [pc, #128]	@ (100040d8 <stdio_usb_init+0xd4>)
10004056:	2501      	movs	r5, #1
10004058:	e9c3 0000 	strd	r0, r0, [r3]
1000405c:	f7fd f902 	bl	10001264 <alarm_pool_get_default>
10004060:	4604      	mov	r4, r0
10004062:	f7fd fafb 	bl	1000165c <time_us_64>
10004066:	f04f 3eff 	mov.w	lr, #4294967295	@ 0xffffffff
1000406a:	f06f 4c00 	mvn.w	ip, #2147483648	@ 0x80000000
1000406e:	f510 727a 	adds.w	r2, r0, #1000	@ 0x3e8
10004072:	f141 0300 	adc.w	r3, r1, #0
10004076:	4596      	cmp	lr, r2
10004078:	eb7c 0103 	sbcs.w	r1, ip, r3
1000407c:	f04f 0100 	mov.w	r1, #0
10004080:	4620      	mov	r0, r4
10004082:	4c16      	ldr	r4, [pc, #88]	@ (100040dc <stdio_usb_init+0xd8>)
10004084:	bf3c      	itt	cc
10004086:	4672      	movcc	r2, lr
10004088:	4663      	movcc	r3, ip
1000408a:	e9cd 1501 	strd	r1, r5, [sp, #4]
1000408e:	9400      	str	r4, [sp, #0]
10004090:	f7fd f8ec 	bl	1000126c <alarm_pool_add_alarm_at>
10004094:	2800      	cmp	r0, #0
10004096:	dbc0      	blt.n	1000401a <stdio_usb_init+0x16>
10004098:	2101      	movs	r1, #1
1000409a:	4811      	ldr	r0, [pc, #68]	@ (100040e0 <stdio_usb_init+0xdc>)
1000409c:	f7ff fbb8 	bl	10003810 <stdio_set_driver_enabled>
100040a0:	2001      	movs	r0, #1
100040a2:	b005      	add	sp, #20
100040a4:	bd30      	pop	{r4, r5, pc}
100040a6:	2001      	movs	r0, #1
100040a8:	f7fc fb4e 	bl	10000748 <spin_lock_claim_unused>
100040ac:	4601      	mov	r1, r0
100040ae:	480a      	ldr	r0, [pc, #40]	@ (100040d8 <stdio_usb_init+0xd4>)
100040b0:	f7fc fec6 	bl	10000e40 <critical_section_init_with_lock_num>
100040b4:	2200      	movs	r2, #0
100040b6:	200e      	movs	r0, #14
100040b8:	490a      	ldr	r1, [pc, #40]	@ (100040e4 <stdio_usb_init+0xe0>)
100040ba:	f7fc fbfd 	bl	100008b8 <irq_add_shared_handler>
100040be:	e7eb      	b.n	10004098 <stdio_usb_init+0x94>
100040c0:	f7fc fea2 	bl	10000e08 <mutex_init>
100040c4:	e7b4      	b.n	10004030 <stdio_usb_init+0x2c>
100040c6:	bf00      	nop
100040c8:	1000be98 	.word	0x1000be98
100040cc:	20003bd0 	.word	0x20003bd0
100040d0:	20023cf1 	.word	0x20023cf1
100040d4:	10003f2d 	.word	0x10003f2d
100040d8:	20003900 	.word	0x20003900
100040dc:	10003ce1 	.word	0x10003ce1
100040e0:	200022a4 	.word	0x200022a4
100040e4:	10003d51 	.word	0x10003d51

100040e8 <tud_descriptor_device_cb>:
100040e8:	4800      	ldr	r0, [pc, #0]	@ (100040ec <tud_descriptor_device_cb+0x4>)
100040ea:	4770      	bx	lr
100040ec:	1000b8c4 	.word	0x1000b8c4

100040f0 <tud_descriptor_configuration_cb>:
100040f0:	4800      	ldr	r0, [pc, #0]	@ (100040f4 <tud_descriptor_configuration_cb+0x4>)
100040f2:	4770      	bx	lr
100040f4:	1000b870 	.word	0x1000b870

100040f8 <tud_descriptor_string_cb>:
100040f8:	b538      	push	{r3, r4, r5, lr}
100040fa:	4b18      	ldr	r3, [pc, #96]	@ (1000415c <tud_descriptor_string_cb+0x64>)
100040fc:	4604      	mov	r4, r0
100040fe:	781a      	ldrb	r2, [r3, #0]
10004100:	b30a      	cbz	r2, 10004146 <tud_descriptor_string_cb+0x4e>
10004102:	b944      	cbnz	r4, 10004116 <tud_descriptor_string_cb+0x1e>
10004104:	f240 4209 	movw	r2, #1033	@ 0x409
10004108:	f44f 7341 	mov.w	r3, #772	@ 0x304
1000410c:	4d14      	ldr	r5, [pc, #80]	@ (10004160 <tud_descriptor_string_cb+0x68>)
1000410e:	806a      	strh	r2, [r5, #2]
10004110:	4813      	ldr	r0, [pc, #76]	@ (10004160 <tud_descriptor_string_cb+0x68>)
10004112:	802b      	strh	r3, [r5, #0]
10004114:	bd38      	pop	{r3, r4, r5, pc}
10004116:	2c05      	cmp	r4, #5
10004118:	d81a      	bhi.n	10004150 <tud_descriptor_string_cb+0x58>
1000411a:	4b12      	ldr	r3, [pc, #72]	@ (10004164 <tud_descriptor_string_cb+0x6c>)
1000411c:	4d10      	ldr	r5, [pc, #64]	@ (10004160 <tud_descriptor_string_cb+0x68>)
1000411e:	f853 1024 	ldr.w	r1, [r3, r4, lsl #2]
10004122:	4628      	mov	r0, r5
10004124:	2300      	movs	r3, #0
10004126:	3901      	subs	r1, #1
10004128:	e003      	b.n	10004132 <tud_descriptor_string_cb+0x3a>
1000412a:	2b13      	cmp	r3, #19
1000412c:	f820 2f02 	strh.w	r2, [r0, #2]!
10004130:	d010      	beq.n	10004154 <tud_descriptor_string_cb+0x5c>
10004132:	f811 2f01 	ldrb.w	r2, [r1, #1]!
10004136:	3301      	adds	r3, #1
10004138:	b2db      	uxtb	r3, r3
1000413a:	2a00      	cmp	r2, #0
1000413c:	d1f5      	bne.n	1000412a <tud_descriptor_string_cb+0x32>
1000413e:	005b      	lsls	r3, r3, #1
10004140:	f443 7340 	orr.w	r3, r3, #768	@ 0x300
10004144:	e7e4      	b.n	10004110 <tud_descriptor_string_cb+0x18>
10004146:	2111      	movs	r1, #17
10004148:	4618      	mov	r0, r3
1000414a:	f000 f825 	bl	10004198 <pico_get_unique_board_id_string>
1000414e:	e7d8      	b.n	10004102 <tud_descriptor_string_cb+0xa>
10004150:	2000      	movs	r0, #0
10004152:	bd38      	pop	{r3, r4, r5, pc}
10004154:	f44f 734a 	mov.w	r3, #808	@ 0x328
10004158:	e7da      	b.n	10004110 <tud_descriptor_string_cb+0x18>
1000415a:	bf00      	nop
1000415c:	20023bec 	.word	0x20023bec
10004160:	200034b8 	.word	0x200034b8
10004164:	1000b858 	.word	0x1000b858

10004168 <_retrieve_unique_id_on_boot>:
10004168:	b500      	push	{lr}
1000416a:	f245 3047 	movw	r0, #21319	@ 0x5347
1000416e:	b08b      	sub	sp, #44	@ 0x2c
10004170:	f7fd fc6a 	bl	10001a48 <rom_func_lookup>
10004174:	2201      	movs	r2, #1
10004176:	4603      	mov	r3, r0
10004178:	2109      	movs	r1, #9
1000417a:	a801      	add	r0, sp, #4
1000417c:	4798      	blx	r3
1000417e:	e9dd 3203 	ldrd	r3, r2, [sp, #12]
10004182:	4904      	ldr	r1, [pc, #16]	@ (10004194 <_retrieve_unique_id_on_boot+0x2c>)
10004184:	ba12      	rev	r2, r2
10004186:	ba1b      	rev	r3, r3
10004188:	e9c1 2300 	strd	r2, r3, [r1]
1000418c:	b00b      	add	sp, #44	@ 0x2c
1000418e:	f85d fb04 	ldr.w	pc, [sp], #4
10004192:	bf00      	nop
10004194:	20003bc4 	.word	0x20003bc4

10004198 <pico_get_unique_board_id_string>:
10004198:	2901      	cmp	r1, #1
1000419a:	f101 33ff 	add.w	r3, r1, #4294967295	@ 0xffffffff
1000419e:	f000 80b3 	beq.w	10004308 <pico_get_unique_board_id_string+0x170>
100041a2:	495d      	ldr	r1, [pc, #372]	@ (10004318 <pico_get_unique_board_id_string+0x180>)
100041a4:	780a      	ldrb	r2, [r1, #0]
100041a6:	ea4f 1c12 	mov.w	ip, r2, lsr #4
100041aa:	2a9f      	cmp	r2, #159	@ 0x9f
100041ac:	bf8c      	ite	hi
100041ae:	f10c 0c37 	addhi.w	ip, ip, #55	@ 0x37
100041b2:	f10c 0c30 	addls.w	ip, ip, #48	@ 0x30
100041b6:	2b01      	cmp	r3, #1
100041b8:	f880 c000 	strb.w	ip, [r0]
100041bc:	f000 80a7 	beq.w	1000430e <pico_get_unique_board_id_string+0x176>
100041c0:	f002 020f 	and.w	r2, r2, #15
100041c4:	2a09      	cmp	r2, #9
100041c6:	bf8c      	ite	hi
100041c8:	3237      	addhi	r2, #55	@ 0x37
100041ca:	3230      	addls	r2, #48	@ 0x30
100041cc:	2b02      	cmp	r3, #2
100041ce:	7042      	strb	r2, [r0, #1]
100041d0:	f000 809d 	beq.w	1000430e <pico_get_unique_board_id_string+0x176>
100041d4:	784a      	ldrb	r2, [r1, #1]
100041d6:	ea4f 1c12 	mov.w	ip, r2, lsr #4
100041da:	2a9f      	cmp	r2, #159	@ 0x9f
100041dc:	bf8c      	ite	hi
100041de:	f10c 0c37 	addhi.w	ip, ip, #55	@ 0x37
100041e2:	f10c 0c30 	addls.w	ip, ip, #48	@ 0x30
100041e6:	2b03      	cmp	r3, #3
100041e8:	f880 c002 	strb.w	ip, [r0, #2]
100041ec:	f000 808f 	beq.w	1000430e <pico_get_unique_board_id_string+0x176>
100041f0:	f002 020f 	and.w	r2, r2, #15
100041f4:	2a09      	cmp	r2, #9
100041f6:	bf8c      	ite	hi
100041f8:	3237      	addhi	r2, #55	@ 0x37
100041fa:	3230      	addls	r2, #48	@ 0x30
100041fc:	2b04      	cmp	r3, #4
100041fe:	70c2      	strb	r2, [r0, #3]
10004200:	f000 8085 	beq.w	1000430e <pico_get_unique_board_id_string+0x176>
10004204:	788a      	ldrb	r2, [r1, #2]
10004206:	ea4f 1c12 	mov.w	ip, r2, lsr #4
1000420a:	2a9f      	cmp	r2, #159	@ 0x9f
1000420c:	bf8c      	ite	hi
1000420e:	f10c 0c37 	addhi.w	ip, ip, #55	@ 0x37
10004212:	f10c 0c30 	addls.w	ip, ip, #48	@ 0x30
10004216:	2b05      	cmp	r3, #5
10004218:	f880 c004 	strb.w	ip, [r0, #4]
1000421c:	d077      	beq.n	1000430e <pico_get_unique_board_id_string+0x176>
1000421e:	f002 020f 	and.w	r2, r2, #15
10004222:	2a09      	cmp	r2, #9
10004224:	bf8c      	ite	hi
10004226:	3237      	addhi	r2, #55	@ 0x37
10004228:	3230      	addls	r2, #48	@ 0x30
1000422a:	2b06      	cmp	r3, #6
1000422c:	7142      	strb	r2, [r0, #5]
1000422e:	d06e      	beq.n	1000430e <pico_get_unique_board_id_string+0x176>
10004230:	78ca      	ldrb	r2, [r1, #3]
10004232:	ea4f 1c12 	mov.w	ip, r2, lsr #4
10004236:	2a9f      	cmp	r2, #159	@ 0x9f
10004238:	bf8c      	ite	hi
1000423a:	f10c 0c37 	addhi.w	ip, ip, #55	@ 0x37
1000423e:	f10c 0c30 	addls.w	ip, ip, #48	@ 0x30
10004242:	2b07      	cmp	r3, #7
10004244:	f880 c006 	strb.w	ip, [r0, #6]
10004248:	d061      	beq.n	1000430e <pico_get_unique_board_id_string+0x176>
1000424a:	f002 020f 	and.w	r2, r2, #15
1000424e:	2a09      	cmp	r2, #9
10004250:	bf8c      	ite	hi
10004252:	3237      	addhi	r2, #55	@ 0x37
10004254:	3230      	addls	r2, #48	@ 0x30
10004256:	2b08      	cmp	r3, #8
10004258:	71c2      	strb	r2, [r0, #7]
1000425a:	d058      	beq.n	1000430e <pico_get_unique_board_id_string+0x176>
1000425c:	790a      	ldrb	r2, [r1, #4]
1000425e:	ea4f 1c12 	mov.w	ip, r2, lsr #4
10004262:	2a9f      	cmp	r2, #159	@ 0x9f
10004264:	bf8c      	ite	hi
10004266:	f10c 0c37 	addhi.w	ip, ip, #55	@ 0x37
1000426a:	f10c 0c30 	addls.w	ip, ip, #48	@ 0x30
1000426e:	2b09      	cmp	r3, #9
10004270:	f880 c008 	strb.w	ip, [r0, #8]
10004274:	d04b      	beq.n	1000430e <pico_get_unique_board_id_string+0x176>
10004276:	f002 020f 	and.w	r2, r2, #15
1000427a:	2a09      	cmp	r2, #9
1000427c:	bf8c      	ite	hi
1000427e:	3237      	addhi	r2, #55	@ 0x37
10004280:	3230      	addls	r2, #48	@ 0x30
10004282:	2b0a      	cmp	r3, #10
10004284:	7242      	strb	r2, [r0, #9]
10004286:	d042      	beq.n	1000430e <pico_get_unique_board_id_string+0x176>
10004288:	794a      	ldrb	r2, [r1, #5]
1000428a:	ea4f 1c12 	mov.w	ip, r2, lsr #4
1000428e:	2a9f      	cmp	r2, #159	@ 0x9f
10004290:	bf8c      	ite	hi
10004292:	f10c 0c37 	addhi.w	ip, ip, #55	@ 0x37
10004296:	f10c 0c30 	addls.w	ip, ip, #48	@ 0x30
1000429a:	2b0b      	cmp	r3, #11
1000429c:	f880 c00a 	strb.w	ip, [r0, #10]
100042a0:	d035      	beq.n	1000430e <pico_get_unique_board_id_string+0x176>
100042a2:	f002 020f 	and.w	r2, r2, #15
100042a6:	2a09      	cmp	r2, #9
100042a8:	bf8c      	ite	hi
100042aa:	3237      	addhi	r2, #55	@ 0x37
100042ac:	3230      	addls	r2, #48	@ 0x30
100042ae:	2b0c      	cmp	r3, #12
100042b0:	72c2      	strb	r2, [r0, #11]
100042b2:	d02c      	beq.n	1000430e <pico_get_unique_board_id_string+0x176>
100042b4:	798a      	ldrb	r2, [r1, #6]
100042b6:	ea4f 1c12 	mov.w	ip, r2, lsr #4
100042ba:	2a9f      	cmp	r2, #159	@ 0x9f
100042bc:	bf8c      	ite	hi
100042be:	f10c 0c37 	addhi.w	ip, ip, #55	@ 0x37
100042c2:	f10c 0c30 	addls.w	ip, ip, #48	@ 0x30
100042c6:	2b0d      	cmp	r3, #13
100042c8:	f880 c00c 	strb.w	ip, [r0, #12]
100042cc:	d01f      	beq.n	1000430e <pico_get_unique_board_id_string+0x176>
100042ce:	f002 020f 	and.w	r2, r2, #15
100042d2:	2a09      	cmp	r2, #9
100042d4:	bf8c      	ite	hi
100042d6:	3237      	addhi	r2, #55	@ 0x37
100042d8:	3230      	addls	r2, #48	@ 0x30
100042da:	2b0e      	cmp	r3, #14
100042dc:	7342      	strb	r2, [r0, #13]
100042de:	d016      	beq.n	1000430e <pico_get_unique_board_id_string+0x176>
100042e0:	79ca      	ldrb	r2, [r1, #7]
100042e2:	0911      	lsrs	r1, r2, #4
100042e4:	2a9f      	cmp	r2, #159	@ 0x9f
100042e6:	bf8c      	ite	hi
100042e8:	3137      	addhi	r1, #55	@ 0x37
100042ea:	3130      	addls	r1, #48	@ 0x30
100042ec:	2b0f      	cmp	r3, #15
100042ee:	7381      	strb	r1, [r0, #14]
100042f0:	d00d      	beq.n	1000430e <pico_get_unique_board_id_string+0x176>
100042f2:	f002 020f 	and.w	r2, r2, #15
100042f6:	2a09      	cmp	r2, #9
100042f8:	bf94      	ite	ls
100042fa:	3230      	addls	r2, #48	@ 0x30
100042fc:	3237      	addhi	r2, #55	@ 0x37
100042fe:	2b10      	cmp	r3, #16
10004300:	73c2      	strb	r2, [r0, #15]
10004302:	bf18      	it	ne
10004304:	3010      	addne	r0, #16
10004306:	d002      	beq.n	1000430e <pico_get_unique_board_id_string+0x176>
10004308:	2300      	movs	r3, #0
1000430a:	7003      	strb	r3, [r0, #0]
1000430c:	4770      	bx	lr
1000430e:	4418      	add	r0, r3
10004310:	2300      	movs	r3, #0
10004312:	7003      	strb	r3, [r0, #0]
10004314:	4770      	bx	lr
10004316:	bf00      	nop
10004318:	20003bc4 	.word	0x20003bc4

1000431c <dcd_init>:
1000431c:	b570      	push	{r4, r5, r6, lr}
1000431e:	f000 f92b 	bl	10004578 <rp2040_usb_init>
10004322:	230c      	movs	r3, #12
10004324:	2540      	movs	r5, #64	@ 0x40
10004326:	4c1b      	ldr	r4, [pc, #108]	@ (10004394 <dcd_init+0x78>)
10004328:	22ff      	movs	r2, #255	@ 0xff
1000432a:	200e      	movs	r0, #14
1000432c:	491a      	ldr	r1, [pc, #104]	@ (10004398 <dcd_init+0x7c>)
1000432e:	67a3      	str	r3, [r4, #120]	@ 0x78
10004330:	f7fc fac2 	bl	100008b8 <irq_add_shared_handler>
10004334:	4b19      	ldr	r3, [pc, #100]	@ (1000439c <dcd_init+0x80>)
10004336:	2100      	movs	r1, #0
10004338:	4618      	mov	r0, r3
1000433a:	462a      	mov	r2, r5
1000433c:	f005 fdd8 	bl	10009ef0 <memset>
10004340:	4603      	mov	r3, r0
10004342:	2100      	movs	r1, #0
10004344:	2080      	movs	r0, #128	@ 0x80
10004346:	2601      	movs	r6, #1
10004348:	4a15      	ldr	r2, [pc, #84]	@ (100043a0 <dcd_init+0x84>)
1000434a:	8458      	strh	r0, [r3, #34]	@ 0x22
1000434c:	609a      	str	r2, [r3, #8]
1000434e:	3a84      	subs	r2, #132	@ 0x84
10004350:	6059      	str	r1, [r3, #4]
10004352:	705e      	strb	r6, [r3, #1]
10004354:	831d      	strh	r5, [r3, #24]
10004356:	871d      	strh	r5, [r3, #56]	@ 0x38
10004358:	f8c2 1084 	str.w	r1, [r2, #132]	@ 0x84
1000435c:	f8c2 1080 	str.w	r1, [r2, #128]	@ 0x80
10004360:	f502 7280 	add.w	r2, r2, #256	@ 0x100
10004364:	60da      	str	r2, [r3, #12]
10004366:	62da      	str	r2, [r3, #44]	@ 0x2c
10004368:	3a80      	subs	r2, #128	@ 0x80
1000436a:	f883 1021 	strb.w	r1, [r3, #33]	@ 0x21
1000436e:	f883 103b 	strb.w	r1, [r3, #59]	@ 0x3b
10004372:	6259      	str	r1, [r3, #36]	@ 0x24
10004374:	629a      	str	r2, [r3, #40]	@ 0x28
10004376:	f006 ff63 	bl	1000b240 <__reset_non_control_endpoints_veneer>
1000437a:	f04f 5000 	mov.w	r0, #536870912	@ 0x20000000
1000437e:	f44f 3280 	mov.w	r2, #65536	@ 0x10000
10004382:	4908      	ldr	r1, [pc, #32]	@ (100043a4 <dcd_init+0x88>)
10004384:	4b08      	ldr	r3, [pc, #32]	@ (100043a8 <dcd_init+0x8c>)
10004386:	6426      	str	r6, [r4, #64]	@ 0x40
10004388:	64e0      	str	r0, [r4, #76]	@ 0x4c
1000438a:	f8c4 1090 	str.w	r1, [r4, #144]	@ 0x90
1000438e:	64da      	str	r2, [r3, #76]	@ 0x4c
10004390:	bd70      	pop	{r4, r5, r6, pc}
10004392:	bf00      	nop
10004394:	50110000 	.word	0x50110000
10004398:	200003f5 	.word	0x200003f5
1000439c:	200034f4 	.word	0x200034f4
100043a0:	50100084 	.word	0x50100084
100043a4:	0001d010 	.word	0x0001d010
100043a8:	50112000 	.word	0x50112000

100043ac <dcd_int_enable>:
100043ac:	2101      	movs	r1, #1
100043ae:	200e      	movs	r0, #14
100043b0:	f7fc ba0e 	b.w	100007d0 <irq_set_enabled>

100043b4 <dcd_set_address>:
100043b4:	2200      	movs	r2, #0
100043b6:	4802      	ldr	r0, [pc, #8]	@ (100043c0 <dcd_set_address+0xc>)
100043b8:	4611      	mov	r1, r2
100043ba:	f000 b8fd 	b.w	100045b8 <hw_endpoint_xfer_start>
100043be:	bf00      	nop
100043c0:	20003514 	.word	0x20003514

100043c4 <dcd_sof_enable>:
100043c4:	4b04      	ldr	r3, [pc, #16]	@ (100043d8 <dcd_sof_enable+0x14>)
100043c6:	7019      	strb	r1, [r3, #0]
100043c8:	b121      	cbz	r1, 100043d4 <dcd_sof_enable+0x10>
100043ca:	f44f 3200 	mov.w	r2, #131072	@ 0x20000
100043ce:	4b03      	ldr	r3, [pc, #12]	@ (100043dc <dcd_sof_enable+0x18>)
100043d0:	f8c3 2090 	str.w	r2, [r3, #144]	@ 0x90
100043d4:	4770      	bx	lr
100043d6:	bf00      	nop
100043d8:	20023ced 	.word	0x20023ced
100043dc:	50112000 	.word	0x50112000

100043e0 <dcd_edpt0_status_complete>:
100043e0:	780b      	ldrb	r3, [r1, #0]
100043e2:	065b      	lsls	r3, r3, #25
100043e4:	d102      	bne.n	100043ec <dcd_edpt0_status_complete+0xc>
100043e6:	784b      	ldrb	r3, [r1, #1]
100043e8:	2b05      	cmp	r3, #5
100043ea:	d000      	beq.n	100043ee <dcd_edpt0_status_complete+0xe>
100043ec:	4770      	bx	lr
100043ee:	884b      	ldrh	r3, [r1, #2]
100043f0:	4a01      	ldr	r2, [pc, #4]	@ (100043f8 <dcd_edpt0_status_complete+0x18>)
100043f2:	b2db      	uxtb	r3, r3
100043f4:	6013      	str	r3, [r2, #0]
100043f6:	4770      	bx	lr
100043f8:	50110000 	.word	0x50110000

100043fc <dcd_edpt_open>:
100043fc:	f04f 0c00 	mov.w	ip, #0
10004400:	e92d 41f0 	stmdb	sp!, {r4, r5, r6, r7, r8, lr}
10004404:	7888      	ldrb	r0, [r1, #2]
10004406:	4d35      	ldr	r5, [pc, #212]	@ (100044dc <dcd_edpt_open+0xe0>)
10004408:	f000 027f 	and.w	r2, r0, #127	@ 0x7f
1000440c:	0056      	lsls	r6, r2, #1
1000440e:	78cf      	ldrb	r7, [r1, #3]
10004410:	888b      	ldrh	r3, [r1, #4]
10004412:	eb06 11d0 	add.w	r1, r6, r0, lsr #7
10004416:	eb05 1141 	add.w	r1, r5, r1, lsl #5
1000441a:	09c4      	lsrs	r4, r0, #7
1000441c:	7088      	strb	r0, [r1, #2]
1000441e:	f3c7 0001 	ubfx	r0, r7, #0, #2
10004422:	76c8      	strb	r0, [r1, #27]
10004424:	f3c3 030a 	ubfx	r3, r3, #0, #11
10004428:	f084 0001 	eor.w	r0, r4, #1
1000442c:	f881 c003 	strb.w	ip, [r1, #3]
10004430:	830b      	strh	r3, [r1, #24]
10004432:	7048      	strb	r0, [r1, #1]
10004434:	f007 0703 	and.w	r7, r7, #3
10004438:	00d1      	lsls	r1, r2, #3
1000443a:	bb84      	cbnz	r4, 1000449e <dcd_edpt_open+0xa2>
1000443c:	4828      	ldr	r0, [pc, #160]	@ (100044e0 <dcd_edpt_open+0xe4>)
1000443e:	3104      	adds	r1, #4
10004440:	eb05 1e82 	add.w	lr, r5, r2, lsl #6
10004444:	eb01 0800 	add.w	r8, r1, r0
10004448:	f8ce 8008 	str.w	r8, [lr, #8]
1000444c:	f841 c000 	str.w	ip, [r1, r0]
10004450:	b382      	cbz	r2, 100044b4 <dcd_edpt_open+0xb8>
10004452:	4924      	ldr	r1, [pc, #144]	@ (100044e4 <dcd_edpt_open+0xe8>)
10004454:	00d2      	lsls	r2, r2, #3
10004456:	4411      	add	r1, r2
10004458:	f8ce 1004 	str.w	r1, [lr, #4]
1000445c:	4822      	ldr	r0, [pc, #136]	@ (100044e8 <dcd_edpt_open+0xec>)
1000445e:	333f      	adds	r3, #63	@ 0x3f
10004460:	6801      	ldr	r1, [r0, #0]
10004462:	f023 033f 	bic.w	r3, r3, #63	@ 0x3f
10004466:	2f02      	cmp	r7, #2
10004468:	4a20      	ldr	r2, [pc, #128]	@ (100044ec <dcd_edpt_open+0xf0>)
1000446a:	bf08      	it	eq
1000446c:	005b      	lsleq	r3, r3, #1
1000446e:	440b      	add	r3, r1
10004470:	6003      	str	r3, [r0, #0]
10004472:	ea81 0802 	eor.w	r8, r1, r2
10004476:	4053      	eors	r3, r2
10004478:	1932      	adds	r2, r6, r4
1000447a:	eb05 1242 	add.w	r2, r5, r2, lsl #5
1000447e:	f5b3 5f80 	cmp.w	r3, #4096	@ 0x1000
10004482:	60d1      	str	r1, [r2, #12]
10004484:	d827      	bhi.n	100044d6 <dcd_edpt_open+0xda>
10004486:	4426      	add	r6, r4
10004488:	eb05 1546 	add.w	r5, r5, r6, lsl #5
1000448c:	686b      	ldr	r3, [r5, #4]
1000448e:	ea48 6287 	orr.w	r2, r8, r7, lsl #26
10004492:	f042 4200 	orr.w	r2, r2, #2147483648	@ 0x80000000
10004496:	2001      	movs	r0, #1
10004498:	601a      	str	r2, [r3, #0]
1000449a:	e8bd 81f0 	ldmia.w	sp!, {r4, r5, r6, r7, r8, pc}
1000449e:	f8df e040 	ldr.w	lr, [pc, #64]	@ 100044e0 <dcd_edpt_open+0xe4>
100044a2:	b210      	sxth	r0, r2
100044a4:	4471      	add	r1, lr
100044a6:	eb05 1882 	add.w	r8, r5, r2, lsl #6
100044aa:	f8c8 1028 	str.w	r1, [r8, #40]	@ 0x28
100044ae:	f84e c030 	str.w	ip, [lr, r0, lsl #3]
100044b2:	b942      	cbnz	r2, 100044c6 <dcd_edpt_open+0xca>
100044b4:	2300      	movs	r3, #0
100044b6:	4a0e      	ldr	r2, [pc, #56]	@ (100044f0 <dcd_edpt_open+0xf4>)
100044b8:	eb05 1444 	add.w	r4, r5, r4, lsl #5
100044bc:	2001      	movs	r0, #1
100044be:	60e2      	str	r2, [r4, #12]
100044c0:	6063      	str	r3, [r4, #4]
100044c2:	e8bd 81f0 	ldmia.w	sp!, {r4, r5, r6, r7, r8, pc}
100044c6:	00d2      	lsls	r2, r2, #3
100044c8:	f102 42a0 	add.w	r2, r2, #1342177280	@ 0x50000000
100044cc:	f502 1280 	add.w	r2, r2, #1048576	@ 0x100000
100044d0:	f8c8 2024 	str.w	r2, [r8, #36]	@ 0x24
100044d4:	e7c2      	b.n	1000445c <dcd_edpt_open+0x60>
100044d6:	f7fd fb01 	bl	10001adc <hard_assertion_failure>
100044da:	e7d4      	b.n	10004486 <dcd_edpt_open+0x8a>
100044dc:	200034f4 	.word	0x200034f4
100044e0:	50100080 	.word	0x50100080
100044e4:	50100004 	.word	0x50100004
100044e8:	200038fc 	.word	0x200038fc
100044ec:	50100000 	.word	0x50100000
100044f0:	50100100 	.word	0x50100100

100044f4 <dcd_edpt_close_all>:
100044f4:	f006 bea4 	b.w	1000b240 <__reset_non_control_endpoints_veneer>

100044f8 <dcd_edpt_xfer>:
100044f8:	468c      	mov	ip, r1
100044fa:	b508      	push	{r3, lr}
100044fc:	4611      	mov	r1, r2
100044fe:	4807      	ldr	r0, [pc, #28]	@ (1000451c <dcd_edpt_xfer+0x24>)
10004500:	461a      	mov	r2, r3
10004502:	f00c 037f 	and.w	r3, ip, #127	@ 0x7f
10004506:	ea4f 1cdc 	mov.w	ip, ip, lsr #7
1000450a:	eb0c 0c43 	add.w	ip, ip, r3, lsl #1
1000450e:	eb00 104c 	add.w	r0, r0, ip, lsl #5
10004512:	f000 f851 	bl	100045b8 <hw_endpoint_xfer_start>
10004516:	2001      	movs	r0, #1
10004518:	bd08      	pop	{r3, pc}
1000451a:	bf00      	nop
1000451c:	200034f4 	.word	0x200034f4

10004520 <dcd_edpt_stall>:
10004520:	09cb      	lsrs	r3, r1, #7
10004522:	f011 017f 	ands.w	r1, r1, #127	@ 0x7f
10004526:	d103      	bne.n	10004530 <dcd_edpt_stall+0x10>
10004528:	4a06      	ldr	r2, [pc, #24]	@ (10004544 <dcd_edpt_stall+0x24>)
1000452a:	f1c3 0002 	rsb	r0, r3, #2
1000452e:	6690      	str	r0, [r2, #104]	@ 0x68
10004530:	4805      	ldr	r0, [pc, #20]	@ (10004548 <dcd_edpt_stall+0x28>)
10004532:	eb03 0341 	add.w	r3, r3, r1, lsl #1
10004536:	f44f 6200 	mov.w	r2, #2048	@ 0x800
1000453a:	2100      	movs	r1, #0
1000453c:	eb00 1043 	add.w	r0, r0, r3, lsl #5
10004540:	f006 beae 	b.w	1000b2a0 <___hw_endpoint_buffer_control_update32_veneer>
10004544:	50112000 	.word	0x50112000
10004548:	200034f4 	.word	0x200034f4

1000454c <dcd_edpt_clear_stall>:
1000454c:	f011 037f 	ands.w	r3, r1, #127	@ 0x7f
10004550:	d100      	bne.n	10004554 <dcd_edpt_clear_stall+0x8>
10004552:	4770      	bx	lr
10004554:	2200      	movs	r2, #0
10004556:	b410      	push	{r4}
10004558:	09c8      	lsrs	r0, r1, #7
1000455a:	4c06      	ldr	r4, [pc, #24]	@ (10004574 <dcd_edpt_clear_stall+0x28>)
1000455c:	eb00 0043 	add.w	r0, r0, r3, lsl #1
10004560:	eb04 1340 	add.w	r3, r4, r0, lsl #5
10004564:	f46f 6100 	mvn.w	r1, #2048	@ 0x800
10004568:	4618      	mov	r0, r3
1000456a:	f85d 4b04 	ldr.w	r4, [sp], #4
1000456e:	70da      	strb	r2, [r3, #3]
10004570:	f006 be96 	b.w	1000b2a0 <___hw_endpoint_buffer_control_update32_veneer>
10004574:	200034f4 	.word	0x200034f4

10004578 <rp2040_usb_init>:
10004578:	f04f 5280 	mov.w	r2, #268435456	@ 0x10000000
1000457c:	4809      	ldr	r0, [pc, #36]	@ (100045a4 <rp2040_usb_init+0x2c>)
1000457e:	490a      	ldr	r1, [pc, #40]	@ (100045a8 <rp2040_usb_init+0x30>)
10004580:	b508      	push	{r3, lr}
10004582:	4b0a      	ldr	r3, [pc, #40]	@ (100045ac <rp2040_usb_init+0x34>)
10004584:	6002      	str	r2, [r0, #0]
10004586:	600a      	str	r2, [r1, #0]
10004588:	6899      	ldr	r1, [r3, #8]
1000458a:	43c9      	mvns	r1, r1
1000458c:	f011 5180 	ands.w	r1, r1, #268435456	@ 0x10000000
10004590:	d1fa      	bne.n	10004588 <rp2040_usb_init+0x10>
10004592:	f44f 5280 	mov.w	r2, #4096	@ 0x1000
10004596:	4806      	ldr	r0, [pc, #24]	@ (100045b0 <rp2040_usb_init+0x38>)
10004598:	f005 fcaa 	bl	10009ef0 <memset>
1000459c:	2209      	movs	r2, #9
1000459e:	4b05      	ldr	r3, [pc, #20]	@ (100045b4 <rp2040_usb_init+0x3c>)
100045a0:	675a      	str	r2, [r3, #116]	@ 0x74
100045a2:	bd08      	pop	{r3, pc}
100045a4:	40022000 	.word	0x40022000
100045a8:	40023000 	.word	0x40023000
100045ac:	40020000 	.word	0x40020000
100045b0:	50100000 	.word	0x50100000
100045b4:	50110000 	.word	0x50110000

100045b8 <hw_endpoint_xfer_start>:
100045b8:	2300      	movs	r3, #0
100045ba:	f04f 0c01 	mov.w	ip, #1
100045be:	b510      	push	{r4, lr}
100045c0:	f880 c01a 	strb.w	ip, [r0, #26]
100045c4:	8282      	strh	r2, [r0, #20]
100045c6:	82c3      	strh	r3, [r0, #22]
100045c8:	6101      	str	r1, [r0, #16]
100045ca:	4604      	mov	r4, r0
100045cc:	f006 fe74 	bl	1000b2b8 <__e15_is_bulkin_ep_veneer>
100045d0:	b120      	cbz	r0, 100045dc <hw_endpoint_xfer_start+0x24>
100045d2:	f44f 3200 	mov.w	r2, #131072	@ 0x20000
100045d6:	4b07      	ldr	r3, [pc, #28]	@ (100045f4 <hw_endpoint_xfer_start+0x3c>)
100045d8:	f8c3 2090 	str.w	r2, [r3, #144]	@ 0x90
100045dc:	4620      	mov	r0, r4
100045de:	f006 fe4f 	bl	1000b280 <__e15_is_critical_frame_period_veneer>
100045e2:	b110      	cbz	r0, 100045ea <hw_endpoint_xfer_start+0x32>
100045e4:	2301      	movs	r3, #1
100045e6:	7723      	strb	r3, [r4, #28]
100045e8:	bd10      	pop	{r4, pc}
100045ea:	4620      	mov	r0, r4
100045ec:	e8bd 4010 	ldmia.w	sp!, {r4, lr}
100045f0:	f006 be2a 	b.w	1000b248 <__hw_endpoint_start_next_buffer_veneer>
100045f4:	50112000 	.word	0x50112000

100045f8 <configuration_reset>:
100045f8:	e92d 41f0 	stmdb	sp!, {r4, r5, r6, r7, r8, lr}
100045fc:	2400      	movs	r4, #0
100045fe:	4e1d      	ldr	r6, [pc, #116]	@ (10004674 <configuration_reset+0x7c>)
10004600:	4605      	mov	r5, r0
10004602:	4623      	mov	r3, r4
10004604:	7832      	ldrb	r2, [r6, #0]
10004606:	f8df 8078 	ldr.w	r8, [pc, #120]	@ 10004680 <configuration_reset+0x88>
1000460a:	4f1b      	ldr	r7, [pc, #108]	@ (10004678 <configuration_reset+0x80>)
1000460c:	e00d      	b.n	1000462a <configuration_reset+0x32>
1000460e:	683b      	ldr	r3, [r7, #0]
10004610:	eb13 1344 	adds.w	r3, r3, r4, lsl #5
10004614:	d025      	beq.n	10004662 <configuration_reset+0x6a>
10004616:	68db      	ldr	r3, [r3, #12]
10004618:	4628      	mov	r0, r5
1000461a:	4798      	blx	r3
1000461c:	7832      	ldrb	r2, [r6, #0]
1000461e:	3401      	adds	r4, #1
10004620:	b2e4      	uxtb	r4, r4
10004622:	1c51      	adds	r1, r2, #1
10004624:	42a1      	cmp	r1, r4
10004626:	4623      	mov	r3, r4
10004628:	db06      	blt.n	10004638 <configuration_reset+0x40>
1000462a:	42a2      	cmp	r2, r4
1000462c:	eba3 0302 	sub.w	r3, r3, r2
10004630:	d8ed      	bhi.n	1000460e <configuration_reset+0x16>
10004632:	eb08 1343 	add.w	r3, r8, r3, lsl #5
10004636:	e7ee      	b.n	10004616 <configuration_reset+0x1e>
10004638:	4c10      	ldr	r4, [pc, #64]	@ (1000467c <configuration_reset+0x84>)
1000463a:	2254      	movs	r2, #84	@ 0x54
1000463c:	2100      	movs	r1, #0
1000463e:	4620      	mov	r0, r4
10004640:	f005 fc56 	bl	10009ef0 <memset>
10004644:	f04f 33ff 	mov.w	r3, #4294967295	@ 0xffffffff
10004648:	1d25      	adds	r5, r4, #4
1000464a:	6063      	str	r3, [r4, #4]
1000464c:	e9c5 3301 	strd	r3, r3, [r5, #4]
10004650:	60eb      	str	r3, [r5, #12]
10004652:	f104 0014 	add.w	r0, r4, #20
10004656:	2220      	movs	r2, #32
10004658:	e8bd 41f0 	ldmia.w	sp!, {r4, r5, r6, r7, r8, lr}
1000465c:	21ff      	movs	r1, #255	@ 0xff
1000465e:	f005 bc47 	b.w	10009ef0 <memset>
10004662:	f04f 23e0 	mov.w	r3, #3758153728	@ 0xe000e000
10004666:	f8d3 3df0 	ldr.w	r3, [r3, #3568]	@ 0xdf0
1000466a:	07db      	lsls	r3, r3, #31
1000466c:	d500      	bpl.n	10004670 <configuration_reset+0x78>
1000466e:	be00      	bkpt	0x0000
10004670:	e8bd 81f0 	ldmia.w	sp!, {r4, r5, r6, r7, r8, pc}
10004674:	20023cec 	.word	0x20023cec
10004678:	2000300c 	.word	0x2000300c
1000467c:	20003090 	.word	0x20003090
10004680:	1000b8d8 	.word	0x1000b8d8

10004684 <tud_event_hook_cb>:
10004684:	4770      	bx	lr
10004686:	bf00      	nop

10004688 <tud_sof_cb>:
10004688:	4770      	bx	lr
1000468a:	bf00      	nop

1000468c <tud_descriptor_device_qualifier_cb>:
1000468c:	2000      	movs	r0, #0
1000468e:	4770      	bx	lr

10004690 <tud_descriptor_other_speed_configuration_cb>:
10004690:	2000      	movs	r0, #0
10004692:	4770      	bx	lr

10004694 <tud_mount_cb>:
10004694:	4770      	bx	lr
10004696:	bf00      	nop

10004698 <tud_umount_cb>:
10004698:	4770      	bx	lr
1000469a:	bf00      	nop

1000469c <tud_suspend_cb>:
1000469c:	4770      	bx	lr
1000469e:	bf00      	nop

100046a0 <tud_resume_cb>:
100046a0:	4770      	bx	lr
100046a2:	bf00      	nop

100046a4 <tud_mounted>:
100046a4:	4b02      	ldr	r3, [pc, #8]	@ (100046b0 <tud_mounted+0xc>)
100046a6:	7858      	ldrb	r0, [r3, #1]
100046a8:	3800      	subs	r0, #0
100046aa:	bf18      	it	ne
100046ac:	2001      	movne	r0, #1
100046ae:	4770      	bx	lr
100046b0:	20003090 	.word	0x20003090

100046b4 <tud_suspended>:
100046b4:	4b02      	ldr	r3, [pc, #8]	@ (100046c0 <tud_suspended+0xc>)
100046b6:	7818      	ldrb	r0, [r3, #0]
100046b8:	f3c0 0080 	ubfx	r0, r0, #2, #1
100046bc:	4770      	bx	lr
100046be:	bf00      	nop
100046c0:	20003090 	.word	0x20003090

100046c4 <tud_init>:
100046c4:	e92d 43f8 	stmdb	sp!, {r3, r4, r5, r6, r7, r8, r9, lr}
100046c8:	4f2c      	ldr	r7, [pc, #176]	@ (1000477c <tud_init+0xb8>)
100046ca:	783b      	ldrb	r3, [r7, #0]
100046cc:	2bff      	cmp	r3, #255	@ 0xff
100046ce:	d002      	beq.n	100046d6 <tud_init+0x12>
100046d0:	2001      	movs	r0, #1
100046d2:	e8bd 83f8 	ldmia.w	sp!, {r3, r4, r5, r6, r7, r8, r9, pc}
100046d6:	2100      	movs	r1, #0
100046d8:	2254      	movs	r2, #84	@ 0x54
100046da:	4606      	mov	r6, r0
100046dc:	4828      	ldr	r0, [pc, #160]	@ (10004780 <tud_init+0xbc>)
100046de:	f005 fc07 	bl	10009ef0 <memset>
100046e2:	2200      	movs	r2, #0
100046e4:	4c27      	ldr	r4, [pc, #156]	@ (10004784 <tud_init+0xc0>)
100046e6:	4b28      	ldr	r3, [pc, #160]	@ (10004788 <tud_init+0xc4>)
100046e8:	4620      	mov	r0, r4
100046ea:	701a      	strb	r2, [r3, #0]
100046ec:	f7fc fb8c 	bl	10000e08 <mutex_init>
100046f0:	4b26      	ldr	r3, [pc, #152]	@ (1000478c <tud_init+0xc8>)
100046f2:	4827      	ldr	r0, [pc, #156]	@ (10004790 <tud_init+0xcc>)
100046f4:	601c      	str	r4, [r3, #0]
100046f6:	4c27      	ldr	r4, [pc, #156]	@ (10004794 <tud_init+0xd0>)
100046f8:	f7fc fb94 	bl	10000e24 <critical_section_init>
100046fc:	4620      	mov	r0, r4
100046fe:	f001 fd83 	bl	10006208 <tu_fifo_clear>
10004702:	4a25      	ldr	r2, [pc, #148]	@ (10004798 <tud_init+0xd4>)
10004704:	4b25      	ldr	r3, [pc, #148]	@ (1000479c <tud_init+0xd8>)
10004706:	4d26      	ldr	r5, [pc, #152]	@ (100047a0 <tud_init+0xdc>)
10004708:	6014      	str	r4, [r2, #0]
1000470a:	b363      	cbz	r3, 10004766 <tud_init+0xa2>
1000470c:	4628      	mov	r0, r5
1000470e:	f7ff fac9 	bl	10003ca4 <usbd_app_driver_get_cb>
10004712:	4b24      	ldr	r3, [pc, #144]	@ (100047a4 <tud_init+0xe0>)
10004714:	782a      	ldrb	r2, [r5, #0]
10004716:	6018      	str	r0, [r3, #0]
10004718:	2400      	movs	r4, #0
1000471a:	f8df 908c 	ldr.w	r9, [pc, #140]	@ 100047a8 <tud_init+0xe4>
1000471e:	4623      	mov	r3, r4
10004720:	f8df 8080 	ldr.w	r8, [pc, #128]	@ 100047a4 <tud_init+0xe0>
10004724:	e00e      	b.n	10004744 <tud_init+0x80>
10004726:	f8d8 3000 	ldr.w	r3, [r8]
1000472a:	eb13 1344 	adds.w	r3, r3, r4, lsl #5
1000472e:	d011      	beq.n	10004754 <tud_init+0x90>
10004730:	685b      	ldr	r3, [r3, #4]
10004732:	b17b      	cbz	r3, 10004754 <tud_init+0x90>
10004734:	4798      	blx	r3
10004736:	782a      	ldrb	r2, [r5, #0]
10004738:	3401      	adds	r4, #1
1000473a:	b2e4      	uxtb	r4, r4
1000473c:	1c51      	adds	r1, r2, #1
1000473e:	42a1      	cmp	r1, r4
10004740:	4623      	mov	r3, r4
10004742:	db12      	blt.n	1000476a <tud_init+0xa6>
10004744:	42a2      	cmp	r2, r4
10004746:	d8ee      	bhi.n	10004726 <tud_init+0x62>
10004748:	1a9b      	subs	r3, r3, r2
1000474a:	eb09 1343 	add.w	r3, r9, r3, lsl #5
1000474e:	685b      	ldr	r3, [r3, #4]
10004750:	2b00      	cmp	r3, #0
10004752:	d1ef      	bne.n	10004734 <tud_init+0x70>
10004754:	f04f 23e0 	mov.w	r3, #3758153728	@ 0xe000e000
10004758:	f8d3 3df0 	ldr.w	r3, [r3, #3568]	@ 0xdf0
1000475c:	07db      	lsls	r3, r3, #31
1000475e:	d500      	bpl.n	10004762 <tud_init+0x9e>
10004760:	be00      	bkpt	0x0000
10004762:	2000      	movs	r0, #0
10004764:	e7b5      	b.n	100046d2 <tud_init+0xe>
10004766:	782a      	ldrb	r2, [r5, #0]
10004768:	e7d6      	b.n	10004718 <tud_init+0x54>
1000476a:	4630      	mov	r0, r6
1000476c:	703e      	strb	r6, [r7, #0]
1000476e:	f7ff fdd5 	bl	1000431c <dcd_init>
10004772:	4630      	mov	r0, r6
10004774:	f7ff fe1a 	bl	100043ac <dcd_int_enable>
10004778:	e7aa      	b.n	100046d0 <tud_init+0xc>
1000477a:	bf00      	nop
1000477c:	200022d8 	.word	0x200022d8
10004780:	20003090 	.word	0x20003090
10004784:	20003048 	.word	0x20003048
10004788:	20023cee 	.word	0x20023cee
1000478c:	200030e4 	.word	0x200030e4
10004790:	200022d0 	.word	0x200022d0
10004794:	200022bc 	.word	0x200022bc
10004798:	200030e8 	.word	0x200030e8
1000479c:	10003ca5 	.word	0x10003ca5
100047a0:	20023cec 	.word	0x20023cec
100047a4:	2000300c 	.word	0x2000300c
100047a8:	1000b8d8 	.word	0x1000b8d8

100047ac <tud_task_ext>:
100047ac:	e92d 4ff0 	stmdb	sp!, {r4, r5, r6, r7, r8, r9, sl, fp, lr}
100047b0:	f8df 92c8 	ldr.w	r9, [pc, #712]	@ 10004a7c <tud_task_ext+0x2d0>
100047b4:	b08b      	sub	sp, #44	@ 0x2c
100047b6:	f899 3000 	ldrb.w	r3, [r9]
100047ba:	2bff      	cmp	r3, #255	@ 0xff
100047bc:	f000 80f1 	beq.w	100049a2 <tud_task_ext+0x1f6>
100047c0:	4ca8      	ldr	r4, [pc, #672]	@ (10004a64 <tud_task_ext+0x2b8>)
100047c2:	4da9      	ldr	r5, [pc, #676]	@ (10004a68 <tud_task_ext+0x2bc>)
100047c4:	f8df a2b0 	ldr.w	sl, [pc, #688]	@ 10004a78 <tud_task_ext+0x2cc>
100047c8:	f8df b2b4 	ldr.w	fp, [pc, #692]	@ 10004a80 <tud_task_ext+0x2d4>
100047cc:	6826      	ldr	r6, [r4, #0]
100047ce:	6973      	ldr	r3, [r6, #20]
100047d0:	f3ef 8210 	mrs	r2, PRIMASK
100047d4:	b672      	cpsid	i
100047d6:	e8d3 0fcf 	ldaexb	r0, [r3]
100047da:	2101      	movs	r1, #1
100047dc:	2800      	cmp	r0, #0
100047de:	d1fa      	bne.n	100047d6 <tud_task_ext+0x2a>
100047e0:	e8c3 1f40 	strexb	r0, r1, [r3]
100047e4:	2800      	cmp	r0, #0
100047e6:	d1f6      	bne.n	100047d6 <tud_task_ext+0x2a>
100047e8:	f3bf 8f5f 	dmb	sy
100047ec:	61b2      	str	r2, [r6, #24]
100047ee:	4630      	mov	r0, r6
100047f0:	a907      	add	r1, sp, #28
100047f2:	f001 fb57 	bl	10005ea4 <tu_fifo_read>
100047f6:	2300      	movs	r3, #0
100047f8:	6972      	ldr	r2, [r6, #20]
100047fa:	e8c2 3f8f 	stlb	r3, [r2]
100047fe:	69b3      	ldr	r3, [r6, #24]
10004800:	f383 8810 	msr	PRIMASK, r3
10004804:	2800      	cmp	r0, #0
10004806:	f000 80cc 	beq.w	100049a2 <tud_task_ext+0x1f6>
1000480a:	f89d 301d 	ldrb.w	r3, [sp, #29]
1000480e:	3b01      	subs	r3, #1
10004810:	2b07      	cmp	r3, #7
10004812:	f200 837d 	bhi.w	10004f10 <tud_task_ext+0x764>
10004816:	e8df f003 	tbb	[pc, r3]
1000481a:	b1a7      	.short	0xb1a7
1000481c:	358e9d95 	.word	0x358e9d95
10004820:	040a      	.short	0x040a
10004822:	9b08      	ldr	r3, [sp, #32]
10004824:	2b00      	cmp	r3, #0
10004826:	d0d1      	beq.n	100047cc <tud_task_ext+0x20>
10004828:	9809      	ldr	r0, [sp, #36]	@ 0x24
1000482a:	4798      	blx	r3
1000482c:	e7ce      	b.n	100047cc <tud_task_ext+0x20>
1000482e:	f89d 1020 	ldrb.w	r1, [sp, #32]
10004832:	f001 067f 	and.w	r6, r1, #127	@ 0x7f
10004836:	eb05 0046 	add.w	r0, r5, r6, lsl #1
1000483a:	eb00 10d1 	add.w	r0, r0, r1, lsr #7
1000483e:	f890 3034 	ldrb.w	r3, [r0, #52]	@ 0x34
10004842:	f023 0301 	bic.w	r3, r3, #1
10004846:	f880 3034 	strb.w	r3, [r0, #52]	@ 0x34
1000484a:	f890 3034 	ldrb.w	r3, [r0, #52]	@ 0x34
1000484e:	f023 0304 	bic.w	r3, r3, #4
10004852:	f880 3034 	strb.w	r3, [r0, #52]	@ 0x34
10004856:	2e00      	cmp	r6, #0
10004858:	f000 80a6 	beq.w	100049a8 <tud_task_ext+0x1fc>
1000485c:	7d03      	ldrb	r3, [r0, #20]
1000485e:	f89a 2000 	ldrb.w	r2, [sl]
10004862:	4293      	cmp	r3, r2
10004864:	f080 8093 	bcs.w	1000498e <tud_task_ext+0x1e2>
10004868:	4a80      	ldr	r2, [pc, #512]	@ (10004a6c <tud_task_ext+0x2c0>)
1000486a:	6812      	ldr	r2, [r2, #0]
1000486c:	eb12 1343 	adds.w	r3, r2, r3, lsl #5
10004870:	f000 8090 	beq.w	10004994 <tud_task_ext+0x1e8>
10004874:	699e      	ldr	r6, [r3, #24]
10004876:	f89d 2021 	ldrb.w	r2, [sp, #33]	@ 0x21
1000487a:	9b09      	ldr	r3, [sp, #36]	@ 0x24
1000487c:	f89d 001c 	ldrb.w	r0, [sp, #28]
10004880:	47b0      	blx	r6
10004882:	e7a3      	b.n	100047cc <tud_task_ext+0x20>
10004884:	f89b 3000 	ldrb.w	r3, [fp]
10004888:	2b00      	cmp	r3, #0
1000488a:	f000 8083 	beq.w	10004994 <tud_task_ext+0x1e8>
1000488e:	f89b 3000 	ldrb.w	r3, [fp]
10004892:	3b01      	subs	r3, #1
10004894:	b2db      	uxtb	r3, r3
10004896:	f88b 3000 	strb.w	r3, [fp]
1000489a:	f89b 3000 	ldrb.w	r3, [fp]
1000489e:	f003 00ff 	and.w	r0, r3, #255	@ 0xff
100048a2:	2b00      	cmp	r3, #0
100048a4:	d192      	bne.n	100047cc <tud_task_ext+0x20>
100048a6:	4f70      	ldr	r7, [pc, #448]	@ (10004a68 <tud_task_ext+0x2bc>)
100048a8:	f89d 801c 	ldrb.w	r8, [sp, #28]
100048ac:	783b      	ldrb	r3, [r7, #0]
100048ae:	f043 0301 	orr.w	r3, r3, #1
100048b2:	703b      	strb	r3, [r7, #0]
100048b4:	f897 3034 	ldrb.w	r3, [r7, #52]	@ 0x34
100048b8:	f360 0300 	bfi	r3, r0, #0, #1
100048bc:	f887 3034 	strb.w	r3, [r7, #52]	@ 0x34
100048c0:	f897 3034 	ldrb.w	r3, [r7, #52]	@ 0x34
100048c4:	f360 0382 	bfi	r3, r0, #2, #1
100048c8:	f887 3034 	strb.w	r3, [r7, #52]	@ 0x34
100048cc:	f897 3035 	ldrb.w	r3, [r7, #53]	@ 0x35
100048d0:	f360 0300 	bfi	r3, r0, #0, #1
100048d4:	f887 3035 	strb.w	r3, [r7, #53]	@ 0x35
100048d8:	f897 3035 	ldrb.w	r3, [r7, #53]	@ 0x35
100048dc:	f360 0382 	bfi	r3, r0, #2, #1
100048e0:	f887 3035 	strb.w	r3, [r7, #53]	@ 0x35
100048e4:	f000 fc6a 	bl	100051bc <usbd_control_set_complete_callback>
100048e8:	f89d 3020 	ldrb.w	r3, [sp, #32]
100048ec:	f003 0260 	and.w	r2, r3, #96	@ 0x60
100048f0:	2a60      	cmp	r2, #96	@ 0x60
100048f2:	d06c      	beq.n	100049ce <tud_task_ext+0x222>
100048f4:	2a40      	cmp	r2, #64	@ 0x40
100048f6:	d07c      	beq.n	100049f2 <tud_task_ext+0x246>
100048f8:	f003 031f 	and.w	r3, r3, #31
100048fc:	2b01      	cmp	r3, #1
100048fe:	f000 80c1 	beq.w	10004a84 <tud_task_ext+0x2d8>
10004902:	2b02      	cmp	r3, #2
10004904:	f000 8081 	beq.w	10004a0a <tud_task_ext+0x25e>
10004908:	2b00      	cmp	r3, #0
1000490a:	d160      	bne.n	100049ce <tud_task_ext+0x222>
1000490c:	2a20      	cmp	r2, #32
1000490e:	f000 81e9 	beq.w	10004ce4 <tud_task_ext+0x538>
10004912:	2a00      	cmp	r2, #0
10004914:	d15b      	bne.n	100049ce <tud_task_ext+0x222>
10004916:	f89d 3021 	ldrb.w	r3, [sp, #33]	@ 0x21
1000491a:	2b09      	cmp	r3, #9
1000491c:	d857      	bhi.n	100049ce <tud_task_ext+0x222>
1000491e:	e8df f013 	tbh	[pc, r3, lsl #1]
10004922:	01b0      	.short	0x01b0
10004924:	005601a2 	.word	0x005601a2
10004928:	005601c1 	.word	0x005601c1
1000492c:	016b0195 	.word	0x016b0195
10004930:	01600056 	.word	0x01600056
10004934:	00f4      	.short	0x00f4
10004936:	782b      	ldrb	r3, [r5, #0]
10004938:	07d9      	lsls	r1, r3, #31
1000493a:	f57f af47 	bpl.w	100047cc <tud_task_ext+0x20>
1000493e:	f7ff feaf 	bl	100046a0 <tud_resume_cb>
10004942:	e743      	b.n	100047cc <tud_task_ext+0x20>
10004944:	78eb      	ldrb	r3, [r5, #3]
10004946:	07da      	lsls	r2, r3, #31
10004948:	f57f af40 	bpl.w	100047cc <tud_task_ext+0x20>
1000494c:	9808      	ldr	r0, [sp, #32]
1000494e:	f7ff fe9b 	bl	10004688 <tud_sof_cb>
10004952:	e73b      	b.n	100047cc <tud_task_ext+0x20>
10004954:	782b      	ldrb	r3, [r5, #0]
10004956:	07d8      	lsls	r0, r3, #31
10004958:	f57f af38 	bpl.w	100047cc <tud_task_ext+0x20>
1000495c:	7828      	ldrb	r0, [r5, #0]
1000495e:	f3c0 00c0 	ubfx	r0, r0, #3, #1
10004962:	f7ff fe9b 	bl	1000469c <tud_suspend_cb>
10004966:	e731      	b.n	100047cc <tud_task_ext+0x20>
10004968:	f89d 001c 	ldrb.w	r0, [sp, #28]
1000496c:	f7ff fe44 	bl	100045f8 <configuration_reset>
10004970:	f000 fc1a 	bl	100051a8 <usbd_control_reset>
10004974:	f89d 3020 	ldrb.w	r3, [sp, #32]
10004978:	70ab      	strb	r3, [r5, #2]
1000497a:	e727      	b.n	100047cc <tud_task_ext+0x20>
1000497c:	f89d 001c 	ldrb.w	r0, [sp, #28]
10004980:	f7ff fe3a 	bl	100045f8 <configuration_reset>
10004984:	f000 fc10 	bl	100051a8 <usbd_control_reset>
10004988:	f7ff fe86 	bl	10004698 <tud_umount_cb>
1000498c:	e71e      	b.n	100047cc <tud_task_ext+0x20>
1000498e:	1c50      	adds	r0, r2, #1
10004990:	4298      	cmp	r0, r3
10004992:	da11      	bge.n	100049b8 <tud_task_ext+0x20c>
10004994:	f04f 23e0 	mov.w	r3, #3758153728	@ 0xe000e000
10004998:	f8d3 3df0 	ldr.w	r3, [r3, #3568]	@ 0xdf0
1000499c:	07dc      	lsls	r4, r3, #31
1000499e:	d500      	bpl.n	100049a2 <tud_task_ext+0x1f6>
100049a0:	be00      	bkpt	0x0000
100049a2:	b00b      	add	sp, #44	@ 0x2c
100049a4:	e8bd 8ff0 	ldmia.w	sp!, {r4, r5, r6, r7, r8, r9, sl, fp, pc}
100049a8:	9b09      	ldr	r3, [sp, #36]	@ 0x24
100049aa:	f89d 2021 	ldrb.w	r2, [sp, #33]	@ 0x21
100049ae:	f89d 001c 	ldrb.w	r0, [sp, #28]
100049b2:	f000 fc17 	bl	100051e4 <usbd_control_xfer_cb>
100049b6:	e709      	b.n	100047cc <tud_task_ext+0x20>
100049b8:	1a9b      	subs	r3, r3, r2
100049ba:	4a2d      	ldr	r2, [pc, #180]	@ (10004a70 <tud_task_ext+0x2c4>)
100049bc:	eb02 1343 	add.w	r3, r2, r3, lsl #5
100049c0:	e758      	b.n	10004874 <tud_task_ext+0xc8>
100049c2:	f7ff fb95 	bl	100040f0 <tud_descriptor_configuration_cb>
100049c6:	4602      	mov	r2, r0
100049c8:	2800      	cmp	r0, #0
100049ca:	f040 8182 	bne.w	10004cd2 <tud_task_ext+0x526>
100049ce:	f04f 23e0 	mov.w	r3, #3758153728	@ 0xe000e000
100049d2:	f8d3 3df0 	ldr.w	r3, [r3, #3568]	@ 0xdf0
100049d6:	07de      	lsls	r6, r3, #31
100049d8:	d500      	bpl.n	100049dc <tud_task_ext+0x230>
100049da:	be00      	bkpt	0x0000
100049dc:	f89d 001c 	ldrb.w	r0, [sp, #28]
100049e0:	2100      	movs	r1, #0
100049e2:	f7ff fd9d 	bl	10004520 <dcd_edpt_stall>
100049e6:	2180      	movs	r1, #128	@ 0x80
100049e8:	f89d 001c 	ldrb.w	r0, [sp, #28]
100049ec:	f7ff fd98 	bl	10004520 <dcd_edpt_stall>
100049f0:	e6ec      	b.n	100047cc <tud_task_ext+0x20>
100049f2:	4820      	ldr	r0, [pc, #128]	@ (10004a74 <tud_task_ext+0x2c8>)
100049f4:	f000 fbe2 	bl	100051bc <usbd_control_set_complete_callback>
100049f8:	2101      	movs	r1, #1
100049fa:	4640      	mov	r0, r8
100049fc:	aa08      	add	r2, sp, #32
100049fe:	f7ff f93d 	bl	10003c7c <tud_vendor_control_xfer_cb>
10004a02:	2800      	cmp	r0, #0
10004a04:	f47f aee2 	bne.w	100047cc <tud_task_ext+0x20>
10004a08:	e7e8      	b.n	100049dc <tud_task_ext+0x230>
10004a0a:	f89d 1024 	ldrb.w	r1, [sp, #36]	@ 0x24
10004a0e:	f011 0f70 	tst.w	r1, #112	@ 0x70
10004a12:	d1dc      	bne.n	100049ce <tud_task_ext+0x222>
10004a14:	f001 067f 	and.w	r6, r1, #127	@ 0x7f
10004a18:	eb07 0046 	add.w	r0, r7, r6, lsl #1
10004a1c:	4b16      	ldr	r3, [pc, #88]	@ (10004a78 <tud_task_ext+0x2cc>)
10004a1e:	eb00 10d1 	add.w	r0, r0, r1, lsr #7
10004a22:	781b      	ldrb	r3, [r3, #0]
10004a24:	7d00      	ldrb	r0, [r0, #20]
10004a26:	0076      	lsls	r6, r6, #1
10004a28:	9601      	str	r6, [sp, #4]
10004a2a:	4298      	cmp	r0, r3
10004a2c:	ea4f 16d1 	mov.w	r6, r1, lsr #7
10004a30:	9600      	str	r6, [sp, #0]
10004a32:	d359      	bcc.n	10004ae8 <tud_task_ext+0x33c>
10004a34:	1c5e      	adds	r6, r3, #1
10004a36:	4286      	cmp	r6, r0
10004a38:	f2c0 8166 	blt.w	10004d08 <tud_task_ext+0x55c>
10004a3c:	1ac0      	subs	r0, r0, r3
10004a3e:	4b0c      	ldr	r3, [pc, #48]	@ (10004a70 <tud_task_ext+0x2c4>)
10004a40:	eb03 1640 	add.w	r6, r3, r0, lsl #5
10004a44:	2a00      	cmp	r2, #0
10004a46:	f000 8163 	beq.w	10004d10 <tud_task_ext+0x564>
10004a4a:	6970      	ldr	r0, [r6, #20]
10004a4c:	f000 fbb6 	bl	100051bc <usbd_control_set_complete_callback>
10004a50:	2101      	movs	r1, #1
10004a52:	4640      	mov	r0, r8
10004a54:	6973      	ldr	r3, [r6, #20]
10004a56:	aa08      	add	r2, sp, #32
10004a58:	4798      	blx	r3
10004a5a:	2800      	cmp	r0, #0
10004a5c:	f47f aeb6 	bne.w	100047cc <tud_task_ext+0x20>
10004a60:	e7bc      	b.n	100049dc <tud_task_ext+0x230>
10004a62:	bf00      	nop
10004a64:	200030e8 	.word	0x200030e8
10004a68:	20003090 	.word	0x20003090
10004a6c:	2000300c 	.word	0x2000300c
10004a70:	1000b8d8 	.word	0x1000b8d8
10004a74:	10003c7d 	.word	0x10003c7d
10004a78:	20023cec 	.word	0x20023cec
10004a7c:	200022d8 	.word	0x200022d8
10004a80:	20023cee 	.word	0x20023cee
10004a84:	f89d 3024 	ldrb.w	r3, [sp, #36]	@ 0x24
10004a88:	2b0f      	cmp	r3, #15
10004a8a:	d8a7      	bhi.n	100049dc <tud_task_ext+0x230>
10004a8c:	4aae      	ldr	r2, [pc, #696]	@ (10004d48 <tud_task_ext+0x59c>)
10004a8e:	443b      	add	r3, r7
10004a90:	791b      	ldrb	r3, [r3, #4]
10004a92:	7812      	ldrb	r2, [r2, #0]
10004a94:	4293      	cmp	r3, r2
10004a96:	d332      	bcc.n	10004afe <tud_task_ext+0x352>
10004a98:	1c51      	adds	r1, r2, #1
10004a9a:	4299      	cmp	r1, r3
10004a9c:	db9e      	blt.n	100049dc <tud_task_ext+0x230>
10004a9e:	4eab      	ldr	r6, [pc, #684]	@ (10004d4c <tud_task_ext+0x5a0>)
10004aa0:	1a9b      	subs	r3, r3, r2
10004aa2:	eb06 1643 	add.w	r6, r6, r3, lsl #5
10004aa6:	6970      	ldr	r0, [r6, #20]
10004aa8:	f000 fb88 	bl	100051bc <usbd_control_set_complete_callback>
10004aac:	2101      	movs	r1, #1
10004aae:	4640      	mov	r0, r8
10004ab0:	6973      	ldr	r3, [r6, #20]
10004ab2:	aa08      	add	r2, sp, #32
10004ab4:	4798      	blx	r3
10004ab6:	2800      	cmp	r0, #0
10004ab8:	f47f ae88 	bne.w	100047cc <tud_task_ext+0x20>
10004abc:	f89d 3020 	ldrb.w	r3, [sp, #32]
10004ac0:	f013 0660 	ands.w	r6, r3, #96	@ 0x60
10004ac4:	d18a      	bne.n	100049dc <tud_task_ext+0x230>
10004ac6:	f89d 3021 	ldrb.w	r3, [sp, #33]	@ 0x21
10004aca:	3b0a      	subs	r3, #10
10004acc:	2b01      	cmp	r3, #1
10004ace:	d885      	bhi.n	100049dc <tud_task_ext+0x230>
10004ad0:	f000 fb74 	bl	100051bc <usbd_control_set_complete_callback>
10004ad4:	f89d 3021 	ldrb.w	r3, [sp, #33]	@ 0x21
10004ad8:	2b0a      	cmp	r3, #10
10004ada:	f000 81f2 	beq.w	10004ec2 <tud_task_ext+0x716>
10004ade:	4640      	mov	r0, r8
10004ae0:	a908      	add	r1, sp, #32
10004ae2:	f000 faf1 	bl	100050c8 <tud_control_status>
10004ae6:	e671      	b.n	100047cc <tud_task_ext+0x20>
10004ae8:	4b99      	ldr	r3, [pc, #612]	@ (10004d50 <tud_task_ext+0x5a4>)
10004aea:	681b      	ldr	r3, [r3, #0]
10004aec:	eb03 1640 	add.w	r6, r3, r0, lsl #5
10004af0:	2a00      	cmp	r2, #0
10004af2:	f000 810d 	beq.w	10004d10 <tud_task_ext+0x564>
10004af6:	2e00      	cmp	r6, #0
10004af8:	f43f af70 	beq.w	100049dc <tud_task_ext+0x230>
10004afc:	e7a5      	b.n	10004a4a <tud_task_ext+0x29e>
10004afe:	4a94      	ldr	r2, [pc, #592]	@ (10004d50 <tud_task_ext+0x5a4>)
10004b00:	6816      	ldr	r6, [r2, #0]
10004b02:	eb16 1643 	adds.w	r6, r6, r3, lsl #5
10004b06:	d1ce      	bne.n	10004aa6 <tud_task_ext+0x2fa>
10004b08:	e768      	b.n	100049dc <tud_task_ext+0x230>
10004b0a:	787b      	ldrb	r3, [r7, #1]
10004b0c:	f89d 6022 	ldrb.w	r6, [sp, #34]	@ 0x22
10004b10:	429e      	cmp	r6, r3
10004b12:	f000 814f 	beq.w	10004db4 <tud_task_ext+0x608>
10004b16:	787b      	ldrb	r3, [r7, #1]
10004b18:	2b00      	cmp	r3, #0
10004b1a:	f040 81be 	bne.w	10004e9a <tud_task_ext+0x6ee>
10004b1e:	707e      	strb	r6, [r7, #1]
10004b20:	2e00      	cmp	r6, #0
10004b22:	f000 8145 	beq.w	10004db0 <tud_task_ext+0x604>
10004b26:	1e70      	subs	r0, r6, #1
10004b28:	b2c0      	uxtb	r0, r0
10004b2a:	f7ff fae1 	bl	100040f0 <tud_descriptor_configuration_cb>
10004b2e:	4603      	mov	r3, r0
10004b30:	2800      	cmp	r0, #0
10004b32:	f000 815f 	beq.w	10004df4 <tud_task_ext+0x648>
10004b36:	7842      	ldrb	r2, [r0, #1]
10004b38:	2a02      	cmp	r2, #2
10004b3a:	f040 815b 	bne.w	10004df4 <tud_task_ext+0x648>
10004b3e:	79c1      	ldrb	r1, [r0, #7]
10004b40:	f103 0609 	add.w	r6, r3, #9
10004b44:	f3c1 1240 	ubfx	r2, r1, #5, #1
10004b48:	0112      	lsls	r2, r2, #4
10004b4a:	f3c1 1180 	ubfx	r1, r1, #6, #1
10004b4e:	ea42 1241 	orr.w	r2, r2, r1, lsl #5
10004b52:	4631      	mov	r1, r6
10004b54:	7838      	ldrb	r0, [r7, #0]
10004b56:	f020 0030 	bic.w	r0, r0, #48	@ 0x30
10004b5a:	4302      	orrs	r2, r0
10004b5c:	703a      	strb	r2, [r7, #0]
10004b5e:	885a      	ldrh	r2, [r3, #2]
10004b60:	f8cd 800c 	str.w	r8, [sp, #12]
10004b64:	189a      	adds	r2, r3, r2
10004b66:	9201      	str	r2, [sp, #4]
10004b68:	9b01      	ldr	r3, [sp, #4]
10004b6a:	428b      	cmp	r3, r1
10004b6c:	f240 81a4 	bls.w	10004eb8 <tud_task_ext+0x70c>
10004b70:	784a      	ldrb	r2, [r1, #1]
10004b72:	2a0b      	cmp	r2, #11
10004b74:	f000 81af 	beq.w	10004ed6 <tud_task_ext+0x72a>
10004b78:	2301      	movs	r3, #1
10004b7a:	2a04      	cmp	r2, #4
10004b7c:	f040 813a 	bne.w	10004df4 <tud_task_ext+0x648>
10004b80:	2600      	movs	r6, #0
10004b82:	9a01      	ldr	r2, [sp, #4]
10004b84:	9600      	str	r6, [sp, #0]
10004b86:	1a52      	subs	r2, r2, r1
10004b88:	b292      	uxth	r2, r2
10004b8a:	9202      	str	r2, [sp, #8]
10004b8c:	4a6e      	ldr	r2, [pc, #440]	@ (10004d48 <tud_task_ext+0x59c>)
10004b8e:	9304      	str	r3, [sp, #16]
10004b90:	7812      	ldrb	r2, [r2, #0]
10004b92:	e01d      	b.n	10004bd0 <tud_task_ext+0x424>
10004b94:	4b6e      	ldr	r3, [pc, #440]	@ (10004d50 <tud_task_ext+0x5a4>)
10004b96:	681b      	ldr	r3, [r3, #0]
10004b98:	eb13 1846 	adds.w	r8, r3, r6, lsl #5
10004b9c:	f000 812a 	beq.w	10004df4 <tud_task_ext+0x648>
10004ba0:	9a02      	ldr	r2, [sp, #8]
10004ba2:	f8d8 3010 	ldr.w	r3, [r8, #16]
10004ba6:	9803      	ldr	r0, [sp, #12]
10004ba8:	9105      	str	r1, [sp, #20]
10004baa:	4798      	blx	r3
10004bac:	2808      	cmp	r0, #8
10004bae:	4602      	mov	r2, r0
10004bb0:	9905      	ldr	r1, [sp, #20]
10004bb2:	f106 0301 	add.w	r3, r6, #1
10004bb6:	d903      	bls.n	10004bc0 <tud_task_ext+0x414>
10004bb8:	9802      	ldr	r0, [sp, #8]
10004bba:	4290      	cmp	r0, r2
10004bbc:	f080 80ff 	bcs.w	10004dbe <tud_task_ext+0x612>
10004bc0:	b2de      	uxtb	r6, r3
10004bc2:	4b61      	ldr	r3, [pc, #388]	@ (10004d48 <tud_task_ext+0x59c>)
10004bc4:	9600      	str	r6, [sp, #0]
10004bc6:	781a      	ldrb	r2, [r3, #0]
10004bc8:	1c53      	adds	r3, r2, #1
10004bca:	429e      	cmp	r6, r3
10004bcc:	f300 8112 	bgt.w	10004df4 <tud_task_ext+0x648>
10004bd0:	9b00      	ldr	r3, [sp, #0]
10004bd2:	42b2      	cmp	r2, r6
10004bd4:	eba3 0202 	sub.w	r2, r3, r2
10004bd8:	d8dc      	bhi.n	10004b94 <tud_task_ext+0x3e8>
10004bda:	4b5c      	ldr	r3, [pc, #368]	@ (10004d4c <tud_task_ext+0x5a0>)
10004bdc:	eb03 1842 	add.w	r8, r3, r2, lsl #5
10004be0:	e7de      	b.n	10004ba0 <tud_task_ext+0x3f4>
10004be2:	787b      	ldrb	r3, [r7, #1]
10004be4:	4640      	mov	r0, r8
10004be6:	f88d 301a 	strb.w	r3, [sp, #26]
10004bea:	f10d 021a 	add.w	r2, sp, #26
10004bee:	2301      	movs	r3, #1
10004bf0:	a908      	add	r1, sp, #32
10004bf2:	f000 fa83 	bl	100050fc <tud_control_xfer>
10004bf6:	e5e9      	b.n	100047cc <tud_task_ext+0x20>
10004bf8:	f8bd 0022 	ldrh.w	r0, [sp, #34]	@ 0x22
10004bfc:	0a03      	lsrs	r3, r0, #8
10004bfe:	3b01      	subs	r3, #1
10004c00:	0a02      	lsrs	r2, r0, #8
10004c02:	b2c0      	uxtb	r0, r0
10004c04:	2b0e      	cmp	r3, #14
10004c06:	f63f aee9 	bhi.w	100049dc <tud_task_ext+0x230>
10004c0a:	a101      	add	r1, pc, #4	@ (adr r1, 10004c10 <tud_task_ext+0x464>)
10004c0c:	f851 f023 	ldr.w	pc, [r1, r3, lsl #2]
10004c10:	10004e25 	.word	0x10004e25
10004c14:	10004cc1 	.word	0x10004cc1
10004c18:	10004e61 	.word	0x10004e61
10004c1c:	100049dd 	.word	0x100049dd
10004c20:	100049dd 	.word	0x100049dd
10004c24:	10004e43 	.word	0x10004e43
10004c28:	10004cc1 	.word	0x10004cc1
10004c2c:	100049dd 	.word	0x100049dd
10004c30:	100049dd 	.word	0x100049dd
10004c34:	100049dd 	.word	0x100049dd
10004c38:	100049dd 	.word	0x100049dd
10004c3c:	100049dd 	.word	0x100049dd
10004c40:	100049dd 	.word	0x100049dd
10004c44:	100049dd 	.word	0x100049dd
10004c48:	10004e17 	.word	0x10004e17
10004c4c:	a808      	add	r0, sp, #32
10004c4e:	f000 fabb 	bl	100051c8 <usbd_control_set_request>
10004c52:	4640      	mov	r0, r8
10004c54:	f89d 1022 	ldrb.w	r1, [sp, #34]	@ 0x22
10004c58:	f7ff fbac 	bl	100043b4 <dcd_set_address>
10004c5c:	783b      	ldrb	r3, [r7, #0]
10004c5e:	f043 0302 	orr.w	r3, r3, #2
10004c62:	703b      	strb	r3, [r7, #0]
10004c64:	e5b2      	b.n	100047cc <tud_task_ext+0x20>
10004c66:	f8bd 3022 	ldrh.w	r3, [sp, #34]	@ 0x22
10004c6a:	2b01      	cmp	r3, #1
10004c6c:	f47f aeb6 	bne.w	100049dc <tud_task_ext+0x230>
10004c70:	783b      	ldrb	r3, [r7, #0]
10004c72:	4640      	mov	r0, r8
10004c74:	f023 0308 	bic.w	r3, r3, #8
10004c78:	a908      	add	r1, sp, #32
10004c7a:	703b      	strb	r3, [r7, #0]
10004c7c:	f000 fa24 	bl	100050c8 <tud_control_status>
10004c80:	e5a4      	b.n	100047cc <tud_task_ext+0x20>
10004c82:	4640      	mov	r0, r8
10004c84:	783b      	ldrb	r3, [r7, #0]
10004c86:	089a      	lsrs	r2, r3, #2
10004c88:	f002 0202 	and.w	r2, r2, #2
10004c8c:	f3c3 1340 	ubfx	r3, r3, #5, #1
10004c90:	4313      	orrs	r3, r2
10004c92:	f8ad 301a 	strh.w	r3, [sp, #26]
10004c96:	f10d 021a 	add.w	r2, sp, #26
10004c9a:	2302      	movs	r3, #2
10004c9c:	a908      	add	r1, sp, #32
10004c9e:	f000 fa2d 	bl	100050fc <tud_control_xfer>
10004ca2:	e593      	b.n	100047cc <tud_task_ext+0x20>
10004ca4:	f8bd 3022 	ldrh.w	r3, [sp, #34]	@ 0x22
10004ca8:	2b01      	cmp	r3, #1
10004caa:	f47f ae97 	bne.w	100049dc <tud_task_ext+0x230>
10004cae:	783b      	ldrb	r3, [r7, #0]
10004cb0:	4640      	mov	r0, r8
10004cb2:	f043 0308 	orr.w	r3, r3, #8
10004cb6:	a908      	add	r1, sp, #32
10004cb8:	703b      	strb	r3, [r7, #0]
10004cba:	f000 fa05 	bl	100050c8 <tud_control_status>
10004cbe:	e585      	b.n	100047cc <tud_task_ext+0x20>
10004cc0:	2a02      	cmp	r2, #2
10004cc2:	f43f ae7e 	beq.w	100049c2 <tud_task_ext+0x216>
10004cc6:	f7ff fce3 	bl	10004690 <tud_descriptor_other_speed_configuration_cb>
10004cca:	4602      	mov	r2, r0
10004ccc:	2800      	cmp	r0, #0
10004cce:	f43f ae85 	beq.w	100049dc <tud_task_ext+0x230>
10004cd2:	4640      	mov	r0, r8
10004cd4:	8853      	ldrh	r3, [r2, #2]
10004cd6:	a908      	add	r1, sp, #32
10004cd8:	f000 fa10 	bl	100050fc <tud_control_xfer>
10004cdc:	2800      	cmp	r0, #0
10004cde:	f47f ad75 	bne.w	100047cc <tud_task_ext+0x20>
10004ce2:	e67b      	b.n	100049dc <tud_task_ext+0x230>
10004ce4:	f89d 3024 	ldrb.w	r3, [sp, #36]	@ 0x24
10004ce8:	2b0f      	cmp	r3, #15
10004cea:	f63f ae77 	bhi.w	100049dc <tud_task_ext+0x230>
10004cee:	4a16      	ldr	r2, [pc, #88]	@ (10004d48 <tud_task_ext+0x59c>)
10004cf0:	443b      	add	r3, r7
10004cf2:	791b      	ldrb	r3, [r3, #4]
10004cf4:	7812      	ldrb	r2, [r2, #0]
10004cf6:	4293      	cmp	r3, r2
10004cf8:	d21d      	bcs.n	10004d36 <tud_task_ext+0x58a>
10004cfa:	4a15      	ldr	r2, [pc, #84]	@ (10004d50 <tud_task_ext+0x5a4>)
10004cfc:	6816      	ldr	r6, [r2, #0]
10004cfe:	eb16 1643 	adds.w	r6, r6, r3, lsl #5
10004d02:	f47f aea2 	bne.w	10004a4a <tud_task_ext+0x29e>
10004d06:	e669      	b.n	100049dc <tud_task_ext+0x230>
10004d08:	2a00      	cmp	r2, #0
10004d0a:	f47f ae67 	bne.w	100049dc <tud_task_ext+0x230>
10004d0e:	2600      	movs	r6, #0
10004d10:	f89d 2021 	ldrb.w	r2, [sp, #33]	@ 0x21
10004d14:	f002 03fd 	and.w	r3, r2, #253	@ 0xfd
10004d18:	2b01      	cmp	r3, #1
10004d1a:	d01b      	beq.n	10004d54 <tud_task_ext+0x5a8>
10004d1c:	2a00      	cmp	r2, #0
10004d1e:	f47f ae56 	bne.w	100049ce <tud_task_ext+0x222>
10004d22:	9b01      	ldr	r3, [sp, #4]
10004d24:	9a00      	ldr	r2, [sp, #0]
10004d26:	443b      	add	r3, r7
10004d28:	4413      	add	r3, r2
10004d2a:	f893 3034 	ldrb.w	r3, [r3, #52]	@ 0x34
10004d2e:	4640      	mov	r0, r8
10004d30:	f3c3 0340 	ubfx	r3, r3, #1, #1
10004d34:	e7ad      	b.n	10004c92 <tud_task_ext+0x4e6>
10004d36:	1c51      	adds	r1, r2, #1
10004d38:	4299      	cmp	r1, r3
10004d3a:	f6ff ae4f 	blt.w	100049dc <tud_task_ext+0x230>
10004d3e:	4e03      	ldr	r6, [pc, #12]	@ (10004d4c <tud_task_ext+0x5a0>)
10004d40:	1a9b      	subs	r3, r3, r2
10004d42:	eb06 1643 	add.w	r6, r6, r3, lsl #5
10004d46:	e680      	b.n	10004a4a <tud_task_ext+0x29e>
10004d48:	20023cec 	.word	0x20023cec
10004d4c:	1000b8d8 	.word	0x1000b8d8
10004d50:	2000300c 	.word	0x2000300c
10004d54:	f8bd 3022 	ldrh.w	r3, [sp, #34]	@ 0x22
10004d58:	b9b3      	cbnz	r3, 10004d88 <tud_task_ext+0x5dc>
10004d5a:	2a01      	cmp	r2, #1
10004d5c:	f899 0000 	ldrb.w	r0, [r9]
10004d60:	f000 8086 	beq.w	10004e70 <tud_task_ext+0x6c4>
10004d64:	f7ff fbdc 	bl	10004520 <dcd_edpt_stall>
10004d68:	9b01      	ldr	r3, [sp, #4]
10004d6a:	9a00      	ldr	r2, [sp, #0]
10004d6c:	443b      	add	r3, r7
10004d6e:	4413      	add	r3, r2
10004d70:	f893 2034 	ldrb.w	r2, [r3, #52]	@ 0x34
10004d74:	f042 0202 	orr.w	r2, r2, #2
10004d78:	f883 2034 	strb.w	r2, [r3, #52]	@ 0x34
10004d7c:	f893 2034 	ldrb.w	r2, [r3, #52]	@ 0x34
10004d80:	f042 0201 	orr.w	r2, r2, #1
10004d84:	f883 2034 	strb.w	r2, [r3, #52]	@ 0x34
10004d88:	2e00      	cmp	r6, #0
10004d8a:	f43f ad1f 	beq.w	100047cc <tud_task_ext+0x20>
10004d8e:	6970      	ldr	r0, [r6, #20]
10004d90:	f000 fa14 	bl	100051bc <usbd_control_set_complete_callback>
10004d94:	6973      	ldr	r3, [r6, #20]
10004d96:	2101      	movs	r1, #1
10004d98:	aa08      	add	r2, sp, #32
10004d9a:	4640      	mov	r0, r8
10004d9c:	4798      	blx	r3
10004d9e:	2000      	movs	r0, #0
10004da0:	f000 fa0c 	bl	100051bc <usbd_control_set_complete_callback>
10004da4:	f897 3035 	ldrb.w	r3, [r7, #53]	@ 0x35
10004da8:	07df      	lsls	r7, r3, #31
10004daa:	f53f ad0f 	bmi.w	100047cc <tud_task_ext+0x20>
10004dae:	e696      	b.n	10004ade <tud_task_ext+0x332>
10004db0:	f7ff fc72 	bl	10004698 <tud_umount_cb>
10004db4:	4640      	mov	r0, r8
10004db6:	a908      	add	r1, sp, #32
10004db8:	f000 f986 	bl	100050c8 <tud_control_status>
10004dbc:	e506      	b.n	100047cc <tud_task_ext+0x20>
10004dbe:	9b04      	ldr	r3, [sp, #16]
10004dc0:	2b01      	cmp	r3, #1
10004dc2:	f000 809e 	beq.w	10004f02 <tud_task_ext+0x756>
10004dc6:	2b00      	cmp	r3, #0
10004dc8:	f000 808a 	beq.w	10004ee0 <tud_task_ext+0x734>
10004dcc:	2000      	movs	r0, #0
10004dce:	f891 8002 	ldrb.w	r8, [r1, #2]
10004dd2:	e005      	b.n	10004de0 <tud_task_ext+0x634>
10004dd4:	f88c 6004 	strb.w	r6, [ip, #4]
10004dd8:	fa5f fc80 	uxtb.w	ip, r0
10004ddc:	4563      	cmp	r3, ip
10004dde:	d97f      	bls.n	10004ee0 <tud_task_ext+0x734>
10004de0:	eb08 0c00 	add.w	ip, r8, r0
10004de4:	fa57 fc8c 	uxtab	ip, r7, ip
10004de8:	f89c e004 	ldrb.w	lr, [ip, #4]
10004dec:	3001      	adds	r0, #1
10004dee:	f1be 0fff 	cmp.w	lr, #255	@ 0xff
10004df2:	d0ef      	beq.n	10004dd4 <tud_task_ext+0x628>
10004df4:	f04f 23e0 	mov.w	r3, #3758153728	@ 0xe000e000
10004df8:	f8d3 3df0 	ldr.w	r3, [r3, #3568]	@ 0xdf0
10004dfc:	07da      	lsls	r2, r3, #31
10004dfe:	d500      	bpl.n	10004e02 <tud_task_ext+0x656>
10004e00:	be00      	bkpt	0x0000
10004e02:	f04f 23e0 	mov.w	r3, #3758153728	@ 0xe000e000
10004e06:	f8d3 3df0 	ldr.w	r3, [r3, #3568]	@ 0xdf0
10004e0a:	07db      	lsls	r3, r3, #31
10004e0c:	d500      	bpl.n	10004e10 <tud_task_ext+0x664>
10004e0e:	be00      	bkpt	0x0000
10004e10:	2300      	movs	r3, #0
10004e12:	707b      	strb	r3, [r7, #1]
10004e14:	e5e2      	b.n	100049dc <tud_task_ext+0x230>
10004e16:	f7fe ff2d 	bl	10003c74 <tud_descriptor_bos_cb>
10004e1a:	4602      	mov	r2, r0
10004e1c:	2800      	cmp	r0, #0
10004e1e:	f47f af58 	bne.w	10004cd2 <tud_task_ext+0x526>
10004e22:	e5db      	b.n	100049dc <tud_task_ext+0x230>
10004e24:	f7ff f960 	bl	100040e8 <tud_descriptor_device_cb>
10004e28:	4602      	mov	r2, r0
10004e2a:	2800      	cmp	r0, #0
10004e2c:	f43f adcf 	beq.w	100049ce <tud_task_ext+0x222>
10004e30:	4640      	mov	r0, r8
10004e32:	2312      	movs	r3, #18
10004e34:	a908      	add	r1, sp, #32
10004e36:	f000 f961 	bl	100050fc <tud_control_xfer>
10004e3a:	2800      	cmp	r0, #0
10004e3c:	f47f acc6 	bne.w	100047cc <tud_task_ext+0x20>
10004e40:	e5cc      	b.n	100049dc <tud_task_ext+0x230>
10004e42:	f7ff fc23 	bl	1000468c <tud_descriptor_device_qualifier_cb>
10004e46:	4602      	mov	r2, r0
10004e48:	2800      	cmp	r0, #0
10004e4a:	f43f adc7 	beq.w	100049dc <tud_task_ext+0x230>
10004e4e:	4640      	mov	r0, r8
10004e50:	7813      	ldrb	r3, [r2, #0]
10004e52:	a908      	add	r1, sp, #32
10004e54:	f000 f952 	bl	100050fc <tud_control_xfer>
10004e58:	2800      	cmp	r0, #0
10004e5a:	f47f acb7 	bne.w	100047cc <tud_task_ext+0x20>
10004e5e:	e5bd      	b.n	100049dc <tud_task_ext+0x230>
10004e60:	f8bd 1024 	ldrh.w	r1, [sp, #36]	@ 0x24
10004e64:	f7ff f948 	bl	100040f8 <tud_descriptor_string_cb>
10004e68:	4602      	mov	r2, r0
10004e6a:	2800      	cmp	r0, #0
10004e6c:	d1ef      	bne.n	10004e4e <tud_task_ext+0x6a2>
10004e6e:	e5b5      	b.n	100049dc <tud_task_ext+0x230>
10004e70:	9302      	str	r3, [sp, #8]
10004e72:	f7ff fb6b 	bl	1000454c <dcd_edpt_clear_stall>
10004e76:	9a01      	ldr	r2, [sp, #4]
10004e78:	9b00      	ldr	r3, [sp, #0]
10004e7a:	443a      	add	r2, r7
10004e7c:	441a      	add	r2, r3
10004e7e:	f892 1034 	ldrb.w	r1, [r2, #52]	@ 0x34
10004e82:	9b02      	ldr	r3, [sp, #8]
10004e84:	f363 0141 	bfi	r1, r3, #1, #1
10004e88:	f882 1034 	strb.w	r1, [r2, #52]	@ 0x34
10004e8c:	f892 1034 	ldrb.w	r1, [r2, #52]	@ 0x34
10004e90:	f363 0100 	bfi	r1, r3, #0, #1
10004e94:	f882 1034 	strb.w	r1, [r2, #52]	@ 0x34
10004e98:	e776      	b.n	10004d88 <tud_task_ext+0x5dc>
10004e9a:	2100      	movs	r1, #0
10004e9c:	4640      	mov	r0, r8
10004e9e:	f7ff fa91 	bl	100043c4 <dcd_sof_enable>
10004ea2:	4640      	mov	r0, r8
10004ea4:	f7ff fb26 	bl	100044f4 <dcd_edpt_close_all>
10004ea8:	78bb      	ldrb	r3, [r7, #2]
10004eaa:	4640      	mov	r0, r8
10004eac:	9300      	str	r3, [sp, #0]
10004eae:	f7ff fba3 	bl	100045f8 <configuration_reset>
10004eb2:	9b00      	ldr	r3, [sp, #0]
10004eb4:	70bb      	strb	r3, [r7, #2]
10004eb6:	e632      	b.n	10004b1e <tud_task_ext+0x372>
10004eb8:	f8dd 800c 	ldr.w	r8, [sp, #12]
10004ebc:	f7ff fbea 	bl	10004694 <tud_mount_cb>
10004ec0:	e778      	b.n	10004db4 <tud_task_ext+0x608>
10004ec2:	4640      	mov	r0, r8
10004ec4:	2301      	movs	r3, #1
10004ec6:	a908      	add	r1, sp, #32
10004ec8:	f10d 021a 	add.w	r2, sp, #26
10004ecc:	f88d 601a 	strb.w	r6, [sp, #26]
10004ed0:	f000 f914 	bl	100050fc <tud_control_xfer>
10004ed4:	e47a      	b.n	100047cc <tud_task_ext+0x20>
10004ed6:	780a      	ldrb	r2, [r1, #0]
10004ed8:	78cb      	ldrb	r3, [r1, #3]
10004eda:	4411      	add	r1, r2
10004edc:	784a      	ldrb	r2, [r1, #1]
10004ede:	e64c      	b.n	10004b7a <tud_task_ext+0x3ce>
10004ee0:	4633      	mov	r3, r6
10004ee2:	4810      	ldr	r0, [pc, #64]	@ (10004f24 <tud_task_ext+0x778>)
10004ee4:	9204      	str	r2, [sp, #16]
10004ee6:	9102      	str	r1, [sp, #8]
10004ee8:	f000 fe52 	bl	10005b90 <tu_edpt_bind_driver>
10004eec:	4b0e      	ldr	r3, [pc, #56]	@ (10004f28 <tud_task_ext+0x77c>)
10004eee:	9a04      	ldr	r2, [sp, #16]
10004ef0:	9902      	ldr	r1, [sp, #8]
10004ef2:	781b      	ldrb	r3, [r3, #0]
10004ef4:	4411      	add	r1, r2
10004ef6:	9a00      	ldr	r2, [sp, #0]
10004ef8:	3301      	adds	r3, #1
10004efa:	4293      	cmp	r3, r2
10004efc:	f6bf ae34 	bge.w	10004b68 <tud_task_ext+0x3bc>
10004f00:	e778      	b.n	10004df4 <tud_task_ext+0x648>
10004f02:	f8d8 c010 	ldr.w	ip, [r8, #16]
10004f06:	4809      	ldr	r0, [pc, #36]	@ (10004f2c <tud_task_ext+0x780>)
10004f08:	4584      	cmp	ip, r0
10004f0a:	bf08      	it	eq
10004f0c:	2302      	moveq	r3, #2
10004f0e:	e75d      	b.n	10004dcc <tud_task_ext+0x620>
10004f10:	f04f 23e0 	mov.w	r3, #3758153728	@ 0xe000e000
10004f14:	f8d3 3df0 	ldr.w	r3, [r3, #3568]	@ 0xdf0
10004f18:	07db      	lsls	r3, r3, #31
10004f1a:	f57f ac57 	bpl.w	100047cc <tud_task_ext+0x20>
10004f1e:	be00      	bkpt	0x0000
10004f20:	e454      	b.n	100047cc <tud_task_ext+0x20>
10004f22:	bf00      	nop
10004f24:	200030a4 	.word	0x200030a4
10004f28:	20023cec 	.word	0x20023cec
10004f2c:	100055e9 	.word	0x100055e9

10004f30 <usbd_open_edpt_pair>:
10004f30:	e92d 4ff8 	stmdb	sp!, {r3, r4, r5, r6, r7, r8, r9, sl, fp, lr}
10004f34:	f8dd 8028 	ldr.w	r8, [sp, #40]	@ 0x28
10004f38:	2a00      	cmp	r2, #0
10004f3a:	d03f      	beq.n	10004fbc <usbd_open_edpt_pair+0x8c>
10004f3c:	460c      	mov	r4, r1
10004f3e:	461e      	mov	r6, r3
10004f40:	4615      	mov	r5, r2
10004f42:	f04f 0b00 	mov.w	fp, #0
10004f46:	4f1f      	ldr	r7, [pc, #124]	@ (10004fc4 <usbd_open_edpt_pair+0x94>)
10004f48:	f8df 907c 	ldr.w	r9, [pc, #124]	@ 10004fc8 <usbd_open_edpt_pair+0x98>
10004f4c:	e017      	b.n	10004f7e <usbd_open_edpt_pair+0x4e>
10004f4e:	4620      	mov	r0, r4
10004f50:	f899 1002 	ldrb.w	r1, [r9, #2]
10004f54:	f000 fdea 	bl	10005b2c <tu_edpt_validate>
10004f58:	b1f8      	cbz	r0, 10004f9a <usbd_open_edpt_pair+0x6a>
10004f5a:	4621      	mov	r1, r4
10004f5c:	4650      	mov	r0, sl
10004f5e:	f7ff fa4d 	bl	100043fc <dcd_edpt_open>
10004f62:	b308      	cbz	r0, 10004fa8 <usbd_open_edpt_pair+0x78>
10004f64:	78a3      	ldrb	r3, [r4, #2]
10004f66:	f10b 0b01 	add.w	fp, fp, #1
10004f6a:	09da      	lsrs	r2, r3, #7
10004f6c:	bf16      	itet	ne
10004f6e:	9a0b      	ldrne	r2, [sp, #44]	@ 0x2c
10004f70:	f888 3000 	strbeq.w	r3, [r8]
10004f74:	7013      	strbne	r3, [r2, #0]
10004f76:	7823      	ldrb	r3, [r4, #0]
10004f78:	45ab      	cmp	fp, r5
10004f7a:	441c      	add	r4, r3
10004f7c:	d01e      	beq.n	10004fbc <usbd_open_edpt_pair+0x8c>
10004f7e:	7863      	ldrb	r3, [r4, #1]
10004f80:	2b05      	cmp	r3, #5
10004f82:	d111      	bne.n	10004fa8 <usbd_open_edpt_pair+0x78>
10004f84:	78e1      	ldrb	r1, [r4, #3]
10004f86:	f001 0103 	and.w	r1, r1, #3
10004f8a:	42b1      	cmp	r1, r6
10004f8c:	d10c      	bne.n	10004fa8 <usbd_open_edpt_pair+0x78>
10004f8e:	78a3      	ldrb	r3, [r4, #2]
10004f90:	f897 a000 	ldrb.w	sl, [r7]
10004f94:	f013 0f70 	tst.w	r3, #112	@ 0x70
10004f98:	d0d9      	beq.n	10004f4e <usbd_open_edpt_pair+0x1e>
10004f9a:	f04f 23e0 	mov.w	r3, #3758153728	@ 0xe000e000
10004f9e:	f8d3 3df0 	ldr.w	r3, [r3, #3568]	@ 0xdf0
10004fa2:	07da      	lsls	r2, r3, #31
10004fa4:	d500      	bpl.n	10004fa8 <usbd_open_edpt_pair+0x78>
10004fa6:	be00      	bkpt	0x0000
10004fa8:	f04f 23e0 	mov.w	r3, #3758153728	@ 0xe000e000
10004fac:	f8d3 3df0 	ldr.w	r3, [r3, #3568]	@ 0xdf0
10004fb0:	07db      	lsls	r3, r3, #31
10004fb2:	d500      	bpl.n	10004fb6 <usbd_open_edpt_pair+0x86>
10004fb4:	be00      	bkpt	0x0000
10004fb6:	2000      	movs	r0, #0
10004fb8:	e8bd 8ff8 	ldmia.w	sp!, {r3, r4, r5, r6, r7, r8, r9, sl, fp, pc}
10004fbc:	2001      	movs	r0, #1
10004fbe:	e8bd 8ff8 	ldmia.w	sp!, {r3, r4, r5, r6, r7, r8, r9, sl, fp, pc}
10004fc2:	bf00      	nop
10004fc4:	200022d8 	.word	0x200022d8
10004fc8:	20003090 	.word	0x20003090

10004fcc <usbd_edpt_open>:
10004fcc:	b538      	push	{r3, r4, r5, lr}
10004fce:	4b0e      	ldr	r3, [pc, #56]	@ (10005008 <usbd_edpt_open+0x3c>)
10004fd0:	781d      	ldrb	r5, [r3, #0]
10004fd2:	788b      	ldrb	r3, [r1, #2]
10004fd4:	f013 0f70 	tst.w	r3, #112	@ 0x70
10004fd8:	d008      	beq.n	10004fec <usbd_edpt_open+0x20>
10004fda:	f04f 23e0 	mov.w	r3, #3758153728	@ 0xe000e000
10004fde:	f8d3 3df0 	ldr.w	r3, [r3, #3568]	@ 0xdf0
10004fe2:	07db      	lsls	r3, r3, #31
10004fe4:	d500      	bpl.n	10004fe8 <usbd_edpt_open+0x1c>
10004fe6:	be00      	bkpt	0x0000
10004fe8:	2000      	movs	r0, #0
10004fea:	bd38      	pop	{r3, r4, r5, pc}
10004fec:	4b07      	ldr	r3, [pc, #28]	@ (1000500c <usbd_edpt_open+0x40>)
10004fee:	460c      	mov	r4, r1
10004ff0:	4608      	mov	r0, r1
10004ff2:	7899      	ldrb	r1, [r3, #2]
10004ff4:	f000 fd9a 	bl	10005b2c <tu_edpt_validate>
10004ff8:	2800      	cmp	r0, #0
10004ffa:	d0ee      	beq.n	10004fda <usbd_edpt_open+0xe>
10004ffc:	4621      	mov	r1, r4
10004ffe:	4628      	mov	r0, r5
10005000:	e8bd 4038 	ldmia.w	sp!, {r3, r4, r5, lr}
10005004:	f7ff b9fa 	b.w	100043fc <dcd_edpt_open>
10005008:	200022d8 	.word	0x200022d8
1000500c:	20003090 	.word	0x20003090

10005010 <usbd_edpt_claim>:
10005010:	460b      	mov	r3, r1
10005012:	4a06      	ldr	r2, [pc, #24]	@ (1000502c <usbd_edpt_claim+0x1c>)
10005014:	4806      	ldr	r0, [pc, #24]	@ (10005030 <usbd_edpt_claim+0x20>)
10005016:	6811      	ldr	r1, [r2, #0]
10005018:	09da      	lsrs	r2, r3, #7
1000501a:	3234      	adds	r2, #52	@ 0x34
1000501c:	f003 037f 	and.w	r3, r3, #127	@ 0x7f
10005020:	eb02 0343 	add.w	r3, r2, r3, lsl #1
10005024:	4418      	add	r0, r3
10005026:	f000 bd3b 	b.w	10005aa0 <tu_edpt_claim>
1000502a:	bf00      	nop
1000502c:	200030e4 	.word	0x200030e4
10005030:	20003090 	.word	0x20003090

10005034 <usbd_edpt_release>:
10005034:	460b      	mov	r3, r1
10005036:	4a06      	ldr	r2, [pc, #24]	@ (10005050 <usbd_edpt_release+0x1c>)
10005038:	4806      	ldr	r0, [pc, #24]	@ (10005054 <usbd_edpt_release+0x20>)
1000503a:	6811      	ldr	r1, [r2, #0]
1000503c:	09da      	lsrs	r2, r3, #7
1000503e:	3234      	adds	r2, #52	@ 0x34
10005040:	f003 037f 	and.w	r3, r3, #127	@ 0x7f
10005044:	eb02 0343 	add.w	r3, r2, r3, lsl #1
10005048:	4418      	add	r0, r3
1000504a:	f000 bd53 	b.w	10005af4 <tu_edpt_release>
1000504e:	bf00      	nop
10005050:	200030e4 	.word	0x200030e4
10005054:	20003090 	.word	0x20003090

10005058 <usbd_edpt_xfer>:
10005058:	b510      	push	{r4, lr}
1000505a:	4c19      	ldr	r4, [pc, #100]	@ (100050c0 <usbd_edpt_xfer+0x68>)
1000505c:	f001 0e7f 	and.w	lr, r1, #127	@ 0x7f
10005060:	eb04 044e 	add.w	r4, r4, lr, lsl #1
10005064:	eb04 14d1 	add.w	r4, r4, r1, lsr #7
10005068:	f894 c034 	ldrb.w	ip, [r4, #52]	@ 0x34
1000506c:	4815      	ldr	r0, [pc, #84]	@ (100050c4 <usbd_edpt_xfer+0x6c>)
1000506e:	f01c 0f01 	tst.w	ip, #1
10005072:	f104 0430 	add.w	r4, r4, #48	@ 0x30
10005076:	7800      	ldrb	r0, [r0, #0]
10005078:	d008      	beq.n	1000508c <usbd_edpt_xfer+0x34>
1000507a:	f04f 23e0 	mov.w	r3, #3758153728	@ 0xe000e000
1000507e:	f8d3 3df0 	ldr.w	r3, [r3, #3568]	@ 0xdf0
10005082:	07da      	lsls	r2, r3, #31
10005084:	d500      	bpl.n	10005088 <usbd_edpt_xfer+0x30>
10005086:	be00      	bkpt	0x0000
10005088:	2000      	movs	r0, #0
1000508a:	bd10      	pop	{r4, pc}
1000508c:	f894 c004 	ldrb.w	ip, [r4, #4]
10005090:	f04c 0c01 	orr.w	ip, ip, #1
10005094:	f884 c004 	strb.w	ip, [r4, #4]
10005098:	f7ff fa2e 	bl	100044f8 <dcd_edpt_xfer>
1000509c:	2800      	cmp	r0, #0
1000509e:	d1f4      	bne.n	1000508a <usbd_edpt_xfer+0x32>
100050a0:	f04f 21e0 	mov.w	r1, #3758153728	@ 0xe000e000
100050a4:	7922      	ldrb	r2, [r4, #4]
100050a6:	f360 0200 	bfi	r2, r0, #0, #1
100050aa:	7122      	strb	r2, [r4, #4]
100050ac:	7922      	ldrb	r2, [r4, #4]
100050ae:	f360 0282 	bfi	r2, r0, #2, #1
100050b2:	7122      	strb	r2, [r4, #4]
100050b4:	f8d1 3df0 	ldr.w	r3, [r1, #3568]	@ 0xdf0
100050b8:	07db      	lsls	r3, r3, #31
100050ba:	d5e5      	bpl.n	10005088 <usbd_edpt_xfer+0x30>
100050bc:	e7e3      	b.n	10005086 <usbd_edpt_xfer+0x2e>
100050be:	bf00      	nop
100050c0:	20003090 	.word	0x20003090
100050c4:	200022d8 	.word	0x200022d8

100050c8 <tud_control_status>:
100050c8:	b530      	push	{r4, r5, lr}
100050ca:	4c0b      	ldr	r4, [pc, #44]	@ (100050f8 <tud_control_status+0x30>)
100050cc:	468c      	mov	ip, r1
100050ce:	46a6      	mov	lr, r4
100050d0:	4605      	mov	r5, r0
100050d2:	6808      	ldr	r0, [r1, #0]
100050d4:	6849      	ldr	r1, [r1, #4]
100050d6:	2300      	movs	r3, #0
100050d8:	e8ae 0003 	stmia.w	lr!, {r0, r1}
100050dc:	f89c 1000 	ldrb.w	r1, [ip]
100050e0:	4628      	mov	r0, r5
100050e2:	43c9      	mvns	r1, r1
100050e4:	e9c4 3302 	strd	r3, r3, [r4, #8]
100050e8:	e8bd 4030 	ldmia.w	sp!, {r4, r5, lr}
100050ec:	461a      	mov	r2, r3
100050ee:	f001 0180 	and.w	r1, r1, #128	@ 0x80
100050f2:	f7ff bfb1 	b.w	10005058 <usbd_edpt_xfer>
100050f6:	bf00      	nop
100050f8:	20003014 	.word	0x20003014

100050fc <tud_control_xfer>:
100050fc:	e92d 41f0 	stmdb	sp!, {r4, r5, r6, r7, r8, lr}
10005100:	4f27      	ldr	r7, [pc, #156]	@ (100051a0 <tud_control_xfer+0xa4>)
10005102:	f04f 0800 	mov.w	r8, #0
10005106:	46be      	mov	lr, r7
10005108:	468c      	mov	ip, r1
1000510a:	4606      	mov	r6, r0
1000510c:	6808      	ldr	r0, [r1, #0]
1000510e:	6849      	ldr	r1, [r1, #4]
10005110:	60ba      	str	r2, [r7, #8]
10005112:	e8ae 0003 	stmia.w	lr!, {r0, r1}
10005116:	f8a7 800e 	strh.w	r8, [r7, #14]
1000511a:	4615      	mov	r5, r2
1000511c:	f8bc 2006 	ldrh.w	r2, [ip, #6]
10005120:	4293      	cmp	r3, r2
10005122:	bf28      	it	cs
10005124:	4613      	movcs	r3, r2
10005126:	81bb      	strh	r3, [r7, #12]
10005128:	b19a      	cbz	r2, 10005152 <tud_control_xfer+0x56>
1000512a:	461c      	mov	r4, r3
1000512c:	b32b      	cbz	r3, 1000517a <tud_control_xfer+0x7e>
1000512e:	b1dd      	cbz	r5, 10005168 <tud_control_xfer+0x6c>
10005130:	f997 3000 	ldrsb.w	r3, [r7]
10005134:	2c40      	cmp	r4, #64	@ 0x40
10005136:	bf28      	it	cs
10005138:	2440      	movcs	r4, #64	@ 0x40
1000513a:	2b00      	cmp	r3, #0
1000513c:	db28      	blt.n	10005190 <tud_control_xfer+0x94>
1000513e:	4641      	mov	r1, r8
10005140:	4623      	mov	r3, r4
10005142:	4630      	mov	r0, r6
10005144:	4a17      	ldr	r2, [pc, #92]	@ (100051a4 <tud_control_xfer+0xa8>)
10005146:	f7ff ff87 	bl	10005058 <usbd_edpt_xfer>
1000514a:	b168      	cbz	r0, 10005168 <tud_control_xfer+0x6c>
1000514c:	2001      	movs	r0, #1
1000514e:	e8bd 81f0 	ldmia.w	sp!, {r4, r5, r6, r7, r8, pc}
10005152:	f89c 1000 	ldrb.w	r1, [ip]
10005156:	4613      	mov	r3, r2
10005158:	43c9      	mvns	r1, r1
1000515a:	4630      	mov	r0, r6
1000515c:	f001 0180 	and.w	r1, r1, #128	@ 0x80
10005160:	f7ff ff7a 	bl	10005058 <usbd_edpt_xfer>
10005164:	2800      	cmp	r0, #0
10005166:	d1f1      	bne.n	1000514c <tud_control_xfer+0x50>
10005168:	f04f 23e0 	mov.w	r3, #3758153728	@ 0xe000e000
1000516c:	f8d3 3df0 	ldr.w	r3, [r3, #3568]	@ 0xdf0
10005170:	07db      	lsls	r3, r3, #31
10005172:	d500      	bpl.n	10005176 <tud_control_xfer+0x7a>
10005174:	be00      	bkpt	0x0000
10005176:	2000      	movs	r0, #0
10005178:	e7e9      	b.n	1000514e <tud_control_xfer+0x52>
1000517a:	461a      	mov	r2, r3
1000517c:	7839      	ldrb	r1, [r7, #0]
1000517e:	f001 0180 	and.w	r1, r1, #128	@ 0x80
10005182:	4623      	mov	r3, r4
10005184:	4630      	mov	r0, r6
10005186:	f7ff ff67 	bl	10005058 <usbd_edpt_xfer>
1000518a:	2800      	cmp	r0, #0
1000518c:	d1de      	bne.n	1000514c <tud_control_xfer+0x50>
1000518e:	e7eb      	b.n	10005168 <tud_control_xfer+0x6c>
10005190:	4622      	mov	r2, r4
10005192:	4629      	mov	r1, r5
10005194:	4803      	ldr	r0, [pc, #12]	@ (100051a4 <tud_control_xfer+0xa8>)
10005196:	f005 fd39 	bl	1000ac0c <memcpy>
1000519a:	2180      	movs	r1, #128	@ 0x80
1000519c:	4a01      	ldr	r2, [pc, #4]	@ (100051a4 <tud_control_xfer+0xa8>)
1000519e:	e7f0      	b.n	10005182 <tud_control_xfer+0x86>
100051a0:	20003014 	.word	0x20003014
100051a4:	20003050 	.word	0x20003050

100051a8 <usbd_control_reset>:
100051a8:	2200      	movs	r2, #0
100051aa:	4b03      	ldr	r3, [pc, #12]	@ (100051b8 <usbd_control_reset+0x10>)
100051ac:	e9c3 2200 	strd	r2, r2, [r3]
100051b0:	e9c3 2202 	strd	r2, r2, [r3, #8]
100051b4:	611a      	str	r2, [r3, #16]
100051b6:	4770      	bx	lr
100051b8:	20003014 	.word	0x20003014

100051bc <usbd_control_set_complete_callback>:
100051bc:	4b01      	ldr	r3, [pc, #4]	@ (100051c4 <usbd_control_set_complete_callback+0x8>)
100051be:	6118      	str	r0, [r3, #16]
100051c0:	4770      	bx	lr
100051c2:	bf00      	nop
100051c4:	20003014 	.word	0x20003014

100051c8 <usbd_control_set_request>:
100051c8:	b430      	push	{r4, r5}
100051ca:	4602      	mov	r2, r0
100051cc:	4c04      	ldr	r4, [pc, #16]	@ (100051e0 <usbd_control_set_request+0x18>)
100051ce:	2500      	movs	r5, #0
100051d0:	4623      	mov	r3, r4
100051d2:	6800      	ldr	r0, [r0, #0]
100051d4:	6851      	ldr	r1, [r2, #4]
100051d6:	e9c4 5502 	strd	r5, r5, [r4, #8]
100051da:	bc30      	pop	{r4, r5}
100051dc:	c303      	stmia	r3!, {r0, r1}
100051de:	4770      	bx	lr
100051e0:	20003014 	.word	0x20003014

100051e4 <usbd_control_xfer_cb>:
100051e4:	b570      	push	{r4, r5, r6, lr}
100051e6:	4c3c      	ldr	r4, [pc, #240]	@ (100052d8 <usbd_control_xfer_cb+0xf4>)
100051e8:	09c9      	lsrs	r1, r1, #7
100051ea:	7822      	ldrb	r2, [r4, #0]
100051ec:	4606      	mov	r6, r0
100051ee:	ebb1 1fd2 	cmp.w	r1, r2, lsr #7
100051f2:	461d      	mov	r5, r3
100051f4:	b082      	sub	sp, #8
100051f6:	d017      	beq.n	10005228 <usbd_control_xfer_cb+0x44>
100051f8:	b153      	cbz	r3, 10005210 <usbd_control_xfer_cb+0x2c>
100051fa:	f04f 23e0 	mov.w	r3, #3758153728	@ 0xe000e000
100051fe:	f8d3 3df0 	ldr.w	r3, [r3, #3568]	@ 0xdf0
10005202:	07db      	lsls	r3, r3, #31
10005204:	d402      	bmi.n	1000520c <usbd_control_xfer_cb+0x28>
10005206:	2000      	movs	r0, #0
10005208:	b002      	add	sp, #8
1000520a:	bd70      	pop	{r4, r5, r6, pc}
1000520c:	be00      	bkpt	0x0000
1000520e:	e7fa      	b.n	10005206 <usbd_control_xfer_cb+0x22>
10005210:	4621      	mov	r1, r4
10005212:	f7ff f8e5 	bl	100043e0 <dcd_edpt0_status_complete>
10005216:	6923      	ldr	r3, [r4, #16]
10005218:	b11b      	cbz	r3, 10005222 <usbd_control_xfer_cb+0x3e>
1000521a:	4622      	mov	r2, r4
1000521c:	2103      	movs	r1, #3
1000521e:	4630      	mov	r0, r6
10005220:	4798      	blx	r3
10005222:	2001      	movs	r0, #1
10005224:	b002      	add	sp, #8
10005226:	bd70      	pop	{r4, r5, r6, pc}
10005228:	f994 3000 	ldrsb.w	r3, [r4]
1000522c:	68a0      	ldr	r0, [r4, #8]
1000522e:	2b00      	cmp	r3, #0
10005230:	db05      	blt.n	1000523e <usbd_control_xfer_cb+0x5a>
10005232:	2800      	cmp	r0, #0
10005234:	d0e7      	beq.n	10005206 <usbd_control_xfer_cb+0x22>
10005236:	462a      	mov	r2, r5
10005238:	4928      	ldr	r1, [pc, #160]	@ (100052dc <usbd_control_xfer_cb+0xf8>)
1000523a:	f005 fce7 	bl	1000ac0c <memcpy>
1000523e:	89e0      	ldrh	r0, [r4, #14]
10005240:	68a1      	ldr	r1, [r4, #8]
10005242:	88e3      	ldrh	r3, [r4, #6]
10005244:	4428      	add	r0, r5
10005246:	b280      	uxth	r0, r0
10005248:	4429      	add	r1, r5
1000524a:	4283      	cmp	r3, r0
1000524c:	81e0      	strh	r0, [r4, #14]
1000524e:	60a1      	str	r1, [r4, #8]
10005250:	d016      	beq.n	10005280 <usbd_control_xfer_cb+0x9c>
10005252:	2d3f      	cmp	r5, #63	@ 0x3f
10005254:	d914      	bls.n	10005280 <usbd_control_xfer_cb+0x9c>
10005256:	89a2      	ldrh	r2, [r4, #12]
10005258:	f994 4000 	ldrsb.w	r4, [r4]
1000525c:	1a13      	subs	r3, r2, r0
1000525e:	b29b      	uxth	r3, r3
10005260:	2b40      	cmp	r3, #64	@ 0x40
10005262:	bf28      	it	cs
10005264:	2340      	movcs	r3, #64	@ 0x40
10005266:	2c00      	cmp	r4, #0
10005268:	db26      	blt.n	100052b8 <usbd_control_xfer_cb+0xd4>
1000526a:	4290      	cmp	r0, r2
1000526c:	f04f 0100 	mov.w	r1, #0
10005270:	d030      	beq.n	100052d4 <usbd_control_xfer_cb+0xf0>
10005272:	4a1a      	ldr	r2, [pc, #104]	@ (100052dc <usbd_control_xfer_cb+0xf8>)
10005274:	4630      	mov	r0, r6
10005276:	f7ff feef 	bl	10005058 <usbd_edpt_xfer>
1000527a:	2800      	cmp	r0, #0
1000527c:	d1d1      	bne.n	10005222 <usbd_control_xfer_cb+0x3e>
1000527e:	e7bc      	b.n	100051fa <usbd_control_xfer_cb+0x16>
10005280:	6923      	ldr	r3, [r4, #16]
10005282:	b123      	cbz	r3, 1000528e <usbd_control_xfer_cb+0xaa>
10005284:	2102      	movs	r1, #2
10005286:	4630      	mov	r0, r6
10005288:	4a13      	ldr	r2, [pc, #76]	@ (100052d8 <usbd_control_xfer_cb+0xf4>)
1000528a:	4798      	blx	r3
1000528c:	b158      	cbz	r0, 100052a6 <usbd_control_xfer_cb+0xc2>
1000528e:	7821      	ldrb	r1, [r4, #0]
10005290:	2300      	movs	r3, #0
10005292:	43c9      	mvns	r1, r1
10005294:	4630      	mov	r0, r6
10005296:	461a      	mov	r2, r3
10005298:	f001 0180 	and.w	r1, r1, #128	@ 0x80
1000529c:	f7ff fedc 	bl	10005058 <usbd_edpt_xfer>
100052a0:	2800      	cmp	r0, #0
100052a2:	d1be      	bne.n	10005222 <usbd_control_xfer_cb+0x3e>
100052a4:	e7a9      	b.n	100051fa <usbd_control_xfer_cb+0x16>
100052a6:	4601      	mov	r1, r0
100052a8:	4630      	mov	r0, r6
100052aa:	f7ff f939 	bl	10004520 <dcd_edpt_stall>
100052ae:	2180      	movs	r1, #128	@ 0x80
100052b0:	4630      	mov	r0, r6
100052b2:	f7ff f935 	bl	10004520 <dcd_edpt_stall>
100052b6:	e7b4      	b.n	10005222 <usbd_control_xfer_cb+0x3e>
100052b8:	4290      	cmp	r0, r2
100052ba:	d008      	beq.n	100052ce <usbd_control_xfer_cb+0xea>
100052bc:	461a      	mov	r2, r3
100052be:	4807      	ldr	r0, [pc, #28]	@ (100052dc <usbd_control_xfer_cb+0xf8>)
100052c0:	9301      	str	r3, [sp, #4]
100052c2:	f005 fca3 	bl	1000ac0c <memcpy>
100052c6:	2180      	movs	r1, #128	@ 0x80
100052c8:	4a04      	ldr	r2, [pc, #16]	@ (100052dc <usbd_control_xfer_cb+0xf8>)
100052ca:	9b01      	ldr	r3, [sp, #4]
100052cc:	e7d2      	b.n	10005274 <usbd_control_xfer_cb+0x90>
100052ce:	2180      	movs	r1, #128	@ 0x80
100052d0:	2200      	movs	r2, #0
100052d2:	e7cf      	b.n	10005274 <usbd_control_xfer_cb+0x90>
100052d4:	460a      	mov	r2, r1
100052d6:	e7cd      	b.n	10005274 <usbd_control_xfer_cb+0x90>
100052d8:	20003014 	.word	0x20003014
100052dc:	20003050 	.word	0x20003050

100052e0 <_prep_out_transaction.isra.0>:
100052e0:	b570      	push	{r4, r5, r6, lr}
100052e2:	4604      	mov	r4, r0
100052e4:	f7ff f9de 	bl	100046a4 <tud_mounted>
100052e8:	b900      	cbnz	r0, 100052ec <_prep_out_transaction.isra.0+0xc>
100052ea:	bd70      	pop	{r4, r5, r6, pc}
100052ec:	f7ff f9e2 	bl	100046b4 <tud_suspended>
100052f0:	4605      	mov	r5, r0
100052f2:	2800      	cmp	r0, #0
100052f4:	d1f9      	bne.n	100052ea <_prep_out_transaction.isra.0+0xa>
100052f6:	78e3      	ldrb	r3, [r4, #3]
100052f8:	2b00      	cmp	r3, #0
100052fa:	d0f6      	beq.n	100052ea <_prep_out_transaction.isra.0+0xa>
100052fc:	f104 0610 	add.w	r6, r4, #16
10005300:	4630      	mov	r0, r6
10005302:	f000 fdbd 	bl	10005e80 <tu_fifo_remaining>
10005306:	283f      	cmp	r0, #63	@ 0x3f
10005308:	d9ef      	bls.n	100052ea <_prep_out_transaction.isra.0+0xa>
1000530a:	4628      	mov	r0, r5
1000530c:	78e1      	ldrb	r1, [r4, #3]
1000530e:	f7ff fe7f 	bl	10005010 <usbd_edpt_claim>
10005312:	2800      	cmp	r0, #0
10005314:	d0e9      	beq.n	100052ea <_prep_out_transaction.isra.0+0xa>
10005316:	4630      	mov	r0, r6
10005318:	f000 fdb2 	bl	10005e80 <tu_fifo_remaining>
1000531c:	283f      	cmp	r0, #63	@ 0x3f
1000531e:	d908      	bls.n	10005332 <_prep_out_transaction.isra.0+0x52>
10005320:	4628      	mov	r0, r5
10005322:	78e1      	ldrb	r1, [r4, #3]
10005324:	f504 7212 	add.w	r2, r4, #584	@ 0x248
10005328:	2340      	movs	r3, #64	@ 0x40
1000532a:	e8bd 4070 	ldmia.w	sp!, {r4, r5, r6, lr}
1000532e:	f7ff be93 	b.w	10005058 <usbd_edpt_xfer>
10005332:	4628      	mov	r0, r5
10005334:	78e1      	ldrb	r1, [r4, #3]
10005336:	e8bd 4070 	ldmia.w	sp!, {r4, r5, r6, lr}
1000533a:	f7ff be7b 	b.w	10005034 <usbd_edpt_release>
1000533e:	bf00      	nop

10005340 <tud_cdc_n_connected>:
10005340:	b510      	push	{r4, lr}
10005342:	4604      	mov	r4, r0
10005344:	f7ff f9ae 	bl	100046a4 <tud_mounted>
10005348:	b908      	cbnz	r0, 1000534e <tud_cdc_n_connected+0xe>
1000534a:	2000      	movs	r0, #0
1000534c:	bd10      	pop	{r4, pc}
1000534e:	f7ff f9b1 	bl	100046b4 <tud_suspended>
10005352:	2800      	cmp	r0, #0
10005354:	d1f9      	bne.n	1000534a <tud_cdc_n_connected+0xa>
10005356:	f44f 7232 	mov.w	r2, #712	@ 0x2c8
1000535a:	4b03      	ldr	r3, [pc, #12]	@ (10005368 <tud_cdc_n_connected+0x28>)
1000535c:	fb02 3304 	mla	r3, r2, r4, r3
10005360:	7918      	ldrb	r0, [r3, #4]
10005362:	f000 0001 	and.w	r0, r0, #1
10005366:	bd10      	pop	{r4, pc}
10005368:	20002848 	.word	0x20002848

1000536c <tud_cdc_n_available>:
1000536c:	f44f 7232 	mov.w	r2, #712	@ 0x2c8
10005370:	b508      	push	{r3, lr}
10005372:	4b03      	ldr	r3, [pc, #12]	@ (10005380 <tud_cdc_n_available+0x14>)
10005374:	fb02 3000 	mla	r0, r2, r0, r3
10005378:	f000 fd68 	bl	10005e4c <tu_fifo_count>
1000537c:	bd08      	pop	{r3, pc}
1000537e:	bf00      	nop
10005380:	20002858 	.word	0x20002858

10005384 <tud_cdc_n_read>:
10005384:	e92d 43f8 	stmdb	sp!, {r3, r4, r5, r6, r7, r8, r9, lr}
10005388:	f64f 74ff 	movw	r4, #65535	@ 0xffff
1000538c:	f44f 7332 	mov.w	r3, #712	@ 0x2c8
10005390:	42a2      	cmp	r2, r4
10005392:	bf28      	it	cs
10005394:	4622      	movcs	r2, r4
10005396:	fb03 f400 	mul.w	r4, r3, r0
1000539a:	4f1d      	ldr	r7, [pc, #116]	@ (10005410 <tud_cdc_n_read+0x8c>)
1000539c:	f104 0510 	add.w	r5, r4, #16
100053a0:	443d      	add	r5, r7
100053a2:	4628      	mov	r0, r5
100053a4:	b292      	uxth	r2, r2
100053a6:	f000 fdc7 	bl	10005f38 <tu_fifo_read_n>
100053aa:	4606      	mov	r6, r0
100053ac:	f7ff f97a 	bl	100046a4 <tud_mounted>
100053b0:	b910      	cbnz	r0, 100053b8 <tud_cdc_n_read+0x34>
100053b2:	4630      	mov	r0, r6
100053b4:	e8bd 83f8 	ldmia.w	sp!, {r3, r4, r5, r6, r7, r8, r9, pc}
100053b8:	f7ff f97c 	bl	100046b4 <tud_suspended>
100053bc:	4681      	mov	r9, r0
100053be:	2800      	cmp	r0, #0
100053c0:	d1f7      	bne.n	100053b2 <tud_cdc_n_read+0x2e>
100053c2:	eb07 0804 	add.w	r8, r7, r4
100053c6:	f898 3003 	ldrb.w	r3, [r8, #3]
100053ca:	2b00      	cmp	r3, #0
100053cc:	d0f1      	beq.n	100053b2 <tud_cdc_n_read+0x2e>
100053ce:	4628      	mov	r0, r5
100053d0:	f000 fd56 	bl	10005e80 <tu_fifo_remaining>
100053d4:	283f      	cmp	r0, #63	@ 0x3f
100053d6:	d9ec      	bls.n	100053b2 <tud_cdc_n_read+0x2e>
100053d8:	4648      	mov	r0, r9
100053da:	f898 1003 	ldrb.w	r1, [r8, #3]
100053de:	f7ff fe17 	bl	10005010 <usbd_edpt_claim>
100053e2:	2800      	cmp	r0, #0
100053e4:	d0e5      	beq.n	100053b2 <tud_cdc_n_read+0x2e>
100053e6:	4628      	mov	r0, r5
100053e8:	f000 fd4a 	bl	10005e80 <tu_fifo_remaining>
100053ec:	283f      	cmp	r0, #63	@ 0x3f
100053ee:	d909      	bls.n	10005404 <tud_cdc_n_read+0x80>
100053f0:	f504 7212 	add.w	r2, r4, #584	@ 0x248
100053f4:	4648      	mov	r0, r9
100053f6:	2340      	movs	r3, #64	@ 0x40
100053f8:	f898 1003 	ldrb.w	r1, [r8, #3]
100053fc:	443a      	add	r2, r7
100053fe:	f7ff fe2b 	bl	10005058 <usbd_edpt_xfer>
10005402:	e7d6      	b.n	100053b2 <tud_cdc_n_read+0x2e>
10005404:	4648      	mov	r0, r9
10005406:	f898 1003 	ldrb.w	r1, [r8, #3]
1000540a:	f7ff fe13 	bl	10005034 <usbd_edpt_release>
1000540e:	e7d0      	b.n	100053b2 <tud_cdc_n_read+0x2e>
10005410:	20002848 	.word	0x20002848

10005414 <tud_cdc_n_write_flush>:
10005414:	e92d 41f0 	stmdb	sp!, {r4, r5, r6, r7, r8, lr}
10005418:	4604      	mov	r4, r0
1000541a:	f7ff f943 	bl	100046a4 <tud_mounted>
1000541e:	b910      	cbnz	r0, 10005426 <tud_cdc_n_write_flush+0x12>
10005420:	2000      	movs	r0, #0
10005422:	e8bd 81f0 	ldmia.w	sp!, {r4, r5, r6, r7, r8, pc}
10005426:	f7ff f945 	bl	100046b4 <tud_suspended>
1000542a:	4606      	mov	r6, r0
1000542c:	2800      	cmp	r0, #0
1000542e:	d1f7      	bne.n	10005420 <tud_cdc_n_write_flush+0xc>
10005430:	f44f 7332 	mov.w	r3, #712	@ 0x2c8
10005434:	fb03 f404 	mul.w	r4, r3, r4
10005438:	f8df 8060 	ldr.w	r8, [pc, #96]	@ 1000549c <tud_cdc_n_write_flush+0x88>
1000543c:	f104 0524 	add.w	r5, r4, #36	@ 0x24
10005440:	4445      	add	r5, r8
10005442:	4628      	mov	r0, r5
10005444:	f000 fd02 	bl	10005e4c <tu_fifo_count>
10005448:	2800      	cmp	r0, #0
1000544a:	d0e9      	beq.n	10005420 <tud_cdc_n_write_flush+0xc>
1000544c:	eb08 0704 	add.w	r7, r8, r4
10005450:	4630      	mov	r0, r6
10005452:	78b9      	ldrb	r1, [r7, #2]
10005454:	f7ff fddc 	bl	10005010 <usbd_edpt_claim>
10005458:	2800      	cmp	r0, #0
1000545a:	d0e1      	beq.n	10005420 <tud_cdc_n_write_flush+0xc>
1000545c:	f504 7422 	add.w	r4, r4, #648	@ 0x288
10005460:	4444      	add	r4, r8
10005462:	4628      	mov	r0, r5
10005464:	2240      	movs	r2, #64	@ 0x40
10005466:	4621      	mov	r1, r4
10005468:	f000 fd66 	bl	10005f38 <tu_fifo_read_n>
1000546c:	4605      	mov	r5, r0
1000546e:	b180      	cbz	r0, 10005492 <tud_cdc_n_write_flush+0x7e>
10005470:	4603      	mov	r3, r0
10005472:	4622      	mov	r2, r4
10005474:	4630      	mov	r0, r6
10005476:	78b9      	ldrb	r1, [r7, #2]
10005478:	f7ff fdee 	bl	10005058 <usbd_edpt_xfer>
1000547c:	b938      	cbnz	r0, 1000548e <tud_cdc_n_write_flush+0x7a>
1000547e:	f04f 23e0 	mov.w	r3, #3758153728	@ 0xe000e000
10005482:	f8d3 3df0 	ldr.w	r3, [r3, #3568]	@ 0xdf0
10005486:	07db      	lsls	r3, r3, #31
10005488:	d5ca      	bpl.n	10005420 <tud_cdc_n_write_flush+0xc>
1000548a:	be00      	bkpt	0x0000
1000548c:	e7c8      	b.n	10005420 <tud_cdc_n_write_flush+0xc>
1000548e:	4628      	mov	r0, r5
10005490:	e7c7      	b.n	10005422 <tud_cdc_n_write_flush+0xe>
10005492:	78b9      	ldrb	r1, [r7, #2]
10005494:	f7ff fdce 	bl	10005034 <usbd_edpt_release>
10005498:	e7c2      	b.n	10005420 <tud_cdc_n_write_flush+0xc>
1000549a:	bf00      	nop
1000549c:	20002848 	.word	0x20002848

100054a0 <tud_cdc_n_write>:
100054a0:	b538      	push	{r3, r4, r5, lr}
100054a2:	f64f 75ff 	movw	r5, #65535	@ 0xffff
100054a6:	f44f 7332 	mov.w	r3, #712	@ 0x2c8
100054aa:	42aa      	cmp	r2, r5
100054ac:	bf28      	it	cs
100054ae:	462a      	movcs	r2, r5
100054b0:	4c0a      	ldr	r4, [pc, #40]	@ (100054dc <tud_cdc_n_write+0x3c>)
100054b2:	b292      	uxth	r2, r2
100054b4:	fb03 4400 	mla	r4, r3, r0, r4
100054b8:	4605      	mov	r5, r0
100054ba:	4620      	mov	r0, r4
100054bc:	f000 fdf8 	bl	100060b0 <tu_fifo_write_n>
100054c0:	4603      	mov	r3, r0
100054c2:	4620      	mov	r0, r4
100054c4:	461c      	mov	r4, r3
100054c6:	f000 fcc1 	bl	10005e4c <tu_fifo_count>
100054ca:	283f      	cmp	r0, #63	@ 0x3f
100054cc:	d801      	bhi.n	100054d2 <tud_cdc_n_write+0x32>
100054ce:	4620      	mov	r0, r4
100054d0:	bd38      	pop	{r3, r4, r5, pc}
100054d2:	4628      	mov	r0, r5
100054d4:	f7ff ff9e 	bl	10005414 <tud_cdc_n_write_flush>
100054d8:	4620      	mov	r0, r4
100054da:	bd38      	pop	{r3, r4, r5, pc}
100054dc:	2000286c 	.word	0x2000286c

100054e0 <tud_cdc_n_write_available>:
100054e0:	f44f 7232 	mov.w	r2, #712	@ 0x2c8
100054e4:	b508      	push	{r3, lr}
100054e6:	4b03      	ldr	r3, [pc, #12]	@ (100054f4 <tud_cdc_n_write_available+0x14>)
100054e8:	fb02 3000 	mla	r0, r2, r0, r3
100054ec:	f000 fcc8 	bl	10005e80 <tu_fifo_remaining>
100054f0:	bd08      	pop	{r3, pc}
100054f2:	bf00      	nop
100054f4:	2000286c 	.word	0x2000286c

100054f8 <cdcd_init>:
100054f8:	b5f0      	push	{r4, r5, r6, r7, lr}
100054fa:	4c1b      	ldr	r4, [pc, #108]	@ (10005568 <cdcd_init+0x70>)
100054fc:	b083      	sub	sp, #12
100054fe:	f44f 7232 	mov.w	r2, #712	@ 0x2c8
10005502:	2100      	movs	r1, #0
10005504:	4620      	mov	r0, r4
10005506:	f004 fcf3 	bl	10009ef0 <memset>
1000550a:	2500      	movs	r5, #0
1000550c:	23ff      	movs	r3, #255	@ 0xff
1000550e:	f44f 31e1 	mov.w	r1, #115200	@ 0x1c200
10005512:	2208      	movs	r2, #8
10005514:	4815      	ldr	r0, [pc, #84]	@ (1000556c <cdcd_init+0x74>)
10005516:	f504 770e 	add.w	r7, r4, #568	@ 0x238
1000551a:	7005      	strb	r5, [r0, #0]
1000551c:	9500      	str	r5, [sp, #0]
1000551e:	f104 0010 	add.w	r0, r4, #16
10005522:	7163      	strb	r3, [r4, #5]
10005524:	60a1      	str	r1, [r4, #8]
10005526:	73a2      	strb	r2, [r4, #14]
10005528:	f104 0138 	add.w	r1, r4, #56	@ 0x38
1000552c:	2301      	movs	r3, #1
1000552e:	f44f 7280 	mov.w	r2, #256	@ 0x100
10005532:	f000 fc5b 	bl	10005dec <tu_fifo_config>
10005536:	2301      	movs	r3, #1
10005538:	f44f 7280 	mov.w	r2, #256	@ 0x100
1000553c:	f504 719c 	add.w	r1, r4, #312	@ 0x138
10005540:	9300      	str	r3, [sp, #0]
10005542:	f104 0024 	add.w	r0, r4, #36	@ 0x24
10005546:	f000 fc51 	bl	10005dec <tu_fifo_config>
1000554a:	f504 7610 	add.w	r6, r4, #576	@ 0x240
1000554e:	4638      	mov	r0, r7
10005550:	f7fb fc5a 	bl	10000e08 <mutex_init>
10005554:	4630      	mov	r0, r6
10005556:	f7fb fc57 	bl	10000e08 <mutex_init>
1000555a:	e9c4 5707 	strd	r5, r7, [r4, #28]
1000555e:	e9c4 650c 	strd	r6, r5, [r4, #48]	@ 0x30
10005562:	b003      	add	sp, #12
10005564:	bdf0      	pop	{r4, r5, r6, r7, pc}
10005566:	bf00      	nop
10005568:	20002848 	.word	0x20002848
1000556c:	20003010 	.word	0x20003010

10005570 <cdcd_deinit>:
10005570:	4b09      	ldr	r3, [pc, #36]	@ (10005598 <cdcd_deinit+0x28>)
10005572:	6b19      	ldr	r1, [r3, #48]	@ 0x30
10005574:	b149      	cbz	r1, 1000558a <cdcd_deinit+0x1a>
10005576:	6a1a      	ldr	r2, [r3, #32]
10005578:	b112      	cbz	r2, 10005580 <cdcd_deinit+0x10>
1000557a:	2200      	movs	r2, #0
1000557c:	e9c3 2207 	strd	r2, r2, [r3, #28]
10005580:	2200      	movs	r2, #0
10005582:	e9c3 220c 	strd	r2, r2, [r3, #48]	@ 0x30
10005586:	2001      	movs	r0, #1
10005588:	4770      	bx	lr
1000558a:	6a1a      	ldr	r2, [r3, #32]
1000558c:	2a00      	cmp	r2, #0
1000558e:	d0fa      	beq.n	10005586 <cdcd_deinit+0x16>
10005590:	2001      	movs	r0, #1
10005592:	e9c3 1107 	strd	r1, r1, [r3, #28]
10005596:	4770      	bx	lr
10005598:	20002848 	.word	0x20002848

1000559c <cdcd_reset>:
1000559c:	2200      	movs	r2, #0
1000559e:	b510      	push	{r4, lr}
100055a0:	4c0e      	ldr	r4, [pc, #56]	@ (100055dc <cdcd_reset+0x40>)
100055a2:	480f      	ldr	r0, [pc, #60]	@ (100055e0 <cdcd_reset+0x44>)
100055a4:	7823      	ldrb	r3, [r4, #0]
100055a6:	6002      	str	r2, [r0, #0]
100055a8:	7102      	strb	r2, [r0, #4]
100055aa:	07da      	lsls	r2, r3, #31
100055ac:	d507      	bpl.n	100055be <cdcd_reset+0x22>
100055ae:	079b      	lsls	r3, r3, #30
100055b0:	d50b      	bpl.n	100055ca <cdcd_reset+0x2e>
100055b2:	e8bd 4010 	ldmia.w	sp!, {r4, lr}
100055b6:	2101      	movs	r1, #1
100055b8:	480a      	ldr	r0, [pc, #40]	@ (100055e4 <cdcd_reset+0x48>)
100055ba:	f000 be41 	b.w	10006240 <tu_fifo_set_overwritable>
100055be:	3010      	adds	r0, #16
100055c0:	f000 fe22 	bl	10006208 <tu_fifo_clear>
100055c4:	7823      	ldrb	r3, [r4, #0]
100055c6:	079b      	lsls	r3, r3, #30
100055c8:	d4f3      	bmi.n	100055b2 <cdcd_reset+0x16>
100055ca:	4806      	ldr	r0, [pc, #24]	@ (100055e4 <cdcd_reset+0x48>)
100055cc:	f000 fe1c 	bl	10006208 <tu_fifo_clear>
100055d0:	e8bd 4010 	ldmia.w	sp!, {r4, lr}
100055d4:	2101      	movs	r1, #1
100055d6:	4803      	ldr	r0, [pc, #12]	@ (100055e4 <cdcd_reset+0x48>)
100055d8:	f000 be32 	b.w	10006240 <tu_fifo_set_overwritable>
100055dc:	20003010 	.word	0x20003010
100055e0:	20002848 	.word	0x20002848
100055e4:	2000286c 	.word	0x2000286c

100055e8 <cdcd_open>:
100055e8:	b5f0      	push	{r4, r5, r6, r7, lr}
100055ea:	794b      	ldrb	r3, [r1, #5]
100055ec:	b083      	sub	sp, #12
100055ee:	2b02      	cmp	r3, #2
100055f0:	d003      	beq.n	100055fa <cdcd_open+0x12>
100055f2:	2500      	movs	r5, #0
100055f4:	4628      	mov	r0, r5
100055f6:	b003      	add	sp, #12
100055f8:	bdf0      	pop	{r4, r5, r6, r7, pc}
100055fa:	798b      	ldrb	r3, [r1, #6]
100055fc:	2b02      	cmp	r3, #2
100055fe:	d1f8      	bne.n	100055f2 <cdcd_open+0xa>
10005600:	4f24      	ldr	r7, [pc, #144]	@ (10005694 <cdcd_open+0xac>)
10005602:	78bb      	ldrb	r3, [r7, #2]
10005604:	bb7b      	cbnz	r3, 10005666 <cdcd_open+0x7e>
10005606:	788b      	ldrb	r3, [r1, #2]
10005608:	4606      	mov	r6, r0
1000560a:	703b      	strb	r3, [r7, #0]
1000560c:	780b      	ldrb	r3, [r1, #0]
1000560e:	2509      	movs	r5, #9
10005610:	18cc      	adds	r4, r1, r3
10005612:	7861      	ldrb	r1, [r4, #1]
10005614:	2924      	cmp	r1, #36	@ 0x24
10005616:	d10b      	bne.n	10005630 <cdcd_open+0x48>
10005618:	2a08      	cmp	r2, #8
1000561a:	d802      	bhi.n	10005622 <cdcd_open+0x3a>
1000561c:	e01f      	b.n	1000565e <cdcd_open+0x76>
1000561e:	42aa      	cmp	r2, r5
10005620:	d31d      	bcc.n	1000565e <cdcd_open+0x76>
10005622:	7823      	ldrb	r3, [r4, #0]
10005624:	441c      	add	r4, r3
10005626:	7861      	ldrb	r1, [r4, #1]
10005628:	442b      	add	r3, r5
1000562a:	2924      	cmp	r1, #36	@ 0x24
1000562c:	b29d      	uxth	r5, r3
1000562e:	d0f6      	beq.n	1000561e <cdcd_open+0x36>
10005630:	2905      	cmp	r1, #5
10005632:	d020      	beq.n	10005676 <cdcd_open+0x8e>
10005634:	2904      	cmp	r1, #4
10005636:	d112      	bne.n	1000565e <cdcd_open+0x76>
10005638:	7963      	ldrb	r3, [r4, #5]
1000563a:	2b0a      	cmp	r3, #10
1000563c:	d10f      	bne.n	1000565e <cdcd_open+0x76>
1000563e:	4b16      	ldr	r3, [pc, #88]	@ (10005698 <cdcd_open+0xb0>)
10005640:	7827      	ldrb	r7, [r4, #0]
10005642:	9301      	str	r3, [sp, #4]
10005644:	3301      	adds	r3, #1
10005646:	9300      	str	r3, [sp, #0]
10005648:	2302      	movs	r3, #2
1000564a:	4630      	mov	r0, r6
1000564c:	461a      	mov	r2, r3
1000564e:	19e1      	adds	r1, r4, r7
10005650:	f7ff fc6e 	bl	10004f30 <usbd_open_edpt_pair>
10005654:	b138      	cbz	r0, 10005666 <cdcd_open+0x7e>
10005656:	350e      	adds	r5, #14
10005658:	fa17 f585 	uxtah	r5, r7, r5
1000565c:	b2ad      	uxth	r5, r5
1000565e:	480d      	ldr	r0, [pc, #52]	@ (10005694 <cdcd_open+0xac>)
10005660:	f7ff fe3e 	bl	100052e0 <_prep_out_transaction.isra.0>
10005664:	e7c6      	b.n	100055f4 <cdcd_open+0xc>
10005666:	f04f 23e0 	mov.w	r3, #3758153728	@ 0xe000e000
1000566a:	f8d3 3df0 	ldr.w	r3, [r3, #3568]	@ 0xdf0
1000566e:	07db      	lsls	r3, r3, #31
10005670:	d5bf      	bpl.n	100055f2 <cdcd_open+0xa>
10005672:	be00      	bkpt	0x0000
10005674:	e7bd      	b.n	100055f2 <cdcd_open+0xa>
10005676:	4621      	mov	r1, r4
10005678:	4630      	mov	r0, r6
1000567a:	f7ff fca7 	bl	10004fcc <usbd_edpt_open>
1000567e:	2800      	cmp	r0, #0
10005680:	d0f1      	beq.n	10005666 <cdcd_open+0x7e>
10005682:	78a3      	ldrb	r3, [r4, #2]
10005684:	707b      	strb	r3, [r7, #1]
10005686:	7823      	ldrb	r3, [r4, #0]
10005688:	441c      	add	r4, r3
1000568a:	442b      	add	r3, r5
1000568c:	7861      	ldrb	r1, [r4, #1]
1000568e:	b29d      	uxth	r5, r3
10005690:	e7d0      	b.n	10005634 <cdcd_open+0x4c>
10005692:	bf00      	nop
10005694:	20002848 	.word	0x20002848
10005698:	2000284a 	.word	0x2000284a

1000569c <cdcd_control_xfer_cb>:
1000569c:	7813      	ldrb	r3, [r2, #0]
1000569e:	f003 0360 	and.w	r3, r3, #96	@ 0x60
100056a2:	2b20      	cmp	r3, #32
100056a4:	d10e      	bne.n	100056c4 <cdcd_control_xfer_cb+0x28>
100056a6:	b570      	push	{r4, r5, r6, lr}
100056a8:	4c27      	ldr	r4, [pc, #156]	@ (10005748 <cdcd_control_xfer_cb+0xac>)
100056aa:	8893      	ldrh	r3, [r2, #4]
100056ac:	f894 c000 	ldrb.w	ip, [r4]
100056b0:	459c      	cmp	ip, r3
100056b2:	d109      	bne.n	100056c8 <cdcd_control_xfer_cb+0x2c>
100056b4:	7853      	ldrb	r3, [r2, #1]
100056b6:	3b20      	subs	r3, #32
100056b8:	2b03      	cmp	r3, #3
100056ba:	d805      	bhi.n	100056c8 <cdcd_control_xfer_cb+0x2c>
100056bc:	e8df f003 	tbb	[pc, r3]
100056c0:	0620180c 	.word	0x0620180c
100056c4:	2000      	movs	r0, #0
100056c6:	4770      	bx	lr
100056c8:	2000      	movs	r0, #0
100056ca:	bd70      	pop	{r4, r5, r6, pc}
100056cc:	2901      	cmp	r1, #1
100056ce:	d02e      	beq.n	1000572e <cdcd_control_xfer_cb+0x92>
100056d0:	2903      	cmp	r1, #3
100056d2:	d030      	beq.n	10005736 <cdcd_control_xfer_cb+0x9a>
100056d4:	2001      	movs	r0, #1
100056d6:	bd70      	pop	{r4, r5, r6, pc}
100056d8:	2901      	cmp	r1, #1
100056da:	d00b      	beq.n	100056f4 <cdcd_control_xfer_cb+0x58>
100056dc:	2903      	cmp	r1, #3
100056de:	d1f9      	bne.n	100056d4 <cdcd_control_xfer_cb+0x38>
100056e0:	4b1a      	ldr	r3, [pc, #104]	@ (1000574c <cdcd_control_xfer_cb+0xb0>)
100056e2:	2b00      	cmp	r3, #0
100056e4:	d0f6      	beq.n	100056d4 <cdcd_control_xfer_cb+0x38>
100056e6:	2000      	movs	r0, #0
100056e8:	4919      	ldr	r1, [pc, #100]	@ (10005750 <cdcd_control_xfer_cb+0xb4>)
100056ea:	f7fe fae3 	bl	10003cb4 <tud_cdc_line_coding_cb>
100056ee:	e7f1      	b.n	100056d4 <cdcd_control_xfer_cb+0x38>
100056f0:	2901      	cmp	r1, #1
100056f2:	d1ef      	bne.n	100056d4 <cdcd_control_xfer_cb+0x38>
100056f4:	4611      	mov	r1, r2
100056f6:	2307      	movs	r3, #7
100056f8:	4a15      	ldr	r2, [pc, #84]	@ (10005750 <cdcd_control_xfer_cb+0xb4>)
100056fa:	f7ff fcff 	bl	100050fc <tud_control_xfer>
100056fe:	e7e9      	b.n	100056d4 <cdcd_control_xfer_cb+0x38>
10005700:	2901      	cmp	r1, #1
10005702:	d014      	beq.n	1000572e <cdcd_control_xfer_cb+0x92>
10005704:	2903      	cmp	r1, #3
10005706:	d1e5      	bne.n	100056d4 <cdcd_control_xfer_cb+0x38>
10005708:	8855      	ldrh	r5, [r2, #2]
1000570a:	4812      	ldr	r0, [pc, #72]	@ (10005754 <cdcd_control_xfer_cb+0xb8>)
1000570c:	f005 0601 	and.w	r6, r5, #1
10005710:	f086 0101 	eor.w	r1, r6, #1
10005714:	7125      	strb	r5, [r4, #4]
10005716:	f000 fd93 	bl	10006240 <tu_fifo_set_overwritable>
1000571a:	4b0f      	ldr	r3, [pc, #60]	@ (10005758 <cdcd_control_xfer_cb+0xbc>)
1000571c:	2b00      	cmp	r3, #0
1000571e:	d0d9      	beq.n	100056d4 <cdcd_control_xfer_cb+0x38>
10005720:	4631      	mov	r1, r6
10005722:	2000      	movs	r0, #0
10005724:	f3c5 0240 	ubfx	r2, r5, #1, #1
10005728:	f3af 8000 	nop.w
1000572c:	e7d2      	b.n	100056d4 <cdcd_control_xfer_cb+0x38>
1000572e:	4611      	mov	r1, r2
10005730:	f7ff fcca 	bl	100050c8 <tud_control_status>
10005734:	e7ce      	b.n	100056d4 <cdcd_control_xfer_cb+0x38>
10005736:	4b09      	ldr	r3, [pc, #36]	@ (1000575c <cdcd_control_xfer_cb+0xc0>)
10005738:	2b00      	cmp	r3, #0
1000573a:	d0cb      	beq.n	100056d4 <cdcd_control_xfer_cb+0x38>
1000573c:	2000      	movs	r0, #0
1000573e:	8851      	ldrh	r1, [r2, #2]
10005740:	f3af 8000 	nop.w
10005744:	e7c6      	b.n	100056d4 <cdcd_control_xfer_cb+0x38>
10005746:	bf00      	nop
10005748:	20002848 	.word	0x20002848
1000574c:	10003cb5 	.word	0x10003cb5
10005750:	20002850 	.word	0x20002850
10005754:	2000286c 	.word	0x2000286c
	...

10005760 <cdcd_xfer_cb>:
10005760:	e92d 47f0 	stmdb	sp!, {r4, r5, r6, r7, r8, r9, sl, lr}
10005764:	4e37      	ldr	r6, [pc, #220]	@ (10005844 <cdcd_xfer_cb+0xe4>)
10005766:	460c      	mov	r4, r1
10005768:	78f2      	ldrb	r2, [r6, #3]
1000576a:	4607      	mov	r7, r0
1000576c:	428a      	cmp	r2, r1
1000576e:	461d      	mov	r5, r3
10005770:	f896 c002 	ldrb.w	ip, [r6, #2]
10005774:	d03c      	beq.n	100057f0 <cdcd_xfer_cb+0x90>
10005776:	458c      	cmp	ip, r1
10005778:	d013      	beq.n	100057a2 <cdcd_xfer_cb+0x42>
1000577a:	f04f 23e0 	mov.w	r3, #3758153728	@ 0xe000e000
1000577e:	f8d3 3df0 	ldr.w	r3, [r3, #3568]	@ 0xdf0
10005782:	07db      	lsls	r3, r3, #31
10005784:	d500      	bpl.n	10005788 <cdcd_xfer_cb+0x28>
10005786:	be00      	bkpt	0x0000
10005788:	2000      	movs	r0, #0
1000578a:	e8bd 87f0 	ldmia.w	sp!, {r4, r5, r6, r7, r8, r9, sl, pc}
1000578e:	4b2e      	ldr	r3, [pc, #184]	@ (10005848 <cdcd_xfer_cb+0xe8>)
10005790:	b123      	cbz	r3, 1000579c <cdcd_xfer_cb+0x3c>
10005792:	482e      	ldr	r0, [pc, #184]	@ (1000584c <cdcd_xfer_cb+0xec>)
10005794:	f000 fb6a 	bl	10005e6c <tu_fifo_empty>
10005798:	2800      	cmp	r0, #0
1000579a:	d04f      	beq.n	1000583c <cdcd_xfer_cb+0xdc>
1000579c:	4829      	ldr	r0, [pc, #164]	@ (10005844 <cdcd_xfer_cb+0xe4>)
1000579e:	f7ff fd9f 	bl	100052e0 <_prep_out_transaction.isra.0>
100057a2:	78b3      	ldrb	r3, [r6, #2]
100057a4:	42a3      	cmp	r3, r4
100057a6:	d002      	beq.n	100057ae <cdcd_xfer_cb+0x4e>
100057a8:	2001      	movs	r0, #1
100057aa:	e8bd 87f0 	ldmia.w	sp!, {r4, r5, r6, r7, r8, r9, sl, pc}
100057ae:	4b28      	ldr	r3, [pc, #160]	@ (10005850 <cdcd_xfer_cb+0xf0>)
100057b0:	b113      	cbz	r3, 100057b8 <cdcd_xfer_cb+0x58>
100057b2:	2000      	movs	r0, #0
100057b4:	f3af 8000 	nop.w
100057b8:	2000      	movs	r0, #0
100057ba:	f7ff fe2b 	bl	10005414 <tud_cdc_n_write_flush>
100057be:	2800      	cmp	r0, #0
100057c0:	d1f2      	bne.n	100057a8 <cdcd_xfer_cb+0x48>
100057c2:	4824      	ldr	r0, [pc, #144]	@ (10005854 <cdcd_xfer_cb+0xf4>)
100057c4:	f000 fb42 	bl	10005e4c <tu_fifo_count>
100057c8:	2800      	cmp	r0, #0
100057ca:	d1ed      	bne.n	100057a8 <cdcd_xfer_cb+0x48>
100057cc:	2d00      	cmp	r5, #0
100057ce:	d0eb      	beq.n	100057a8 <cdcd_xfer_cb+0x48>
100057d0:	f015 053f 	ands.w	r5, r5, #63	@ 0x3f
100057d4:	d1e8      	bne.n	100057a8 <cdcd_xfer_cb+0x48>
100057d6:	4638      	mov	r0, r7
100057d8:	78b1      	ldrb	r1, [r6, #2]
100057da:	f7ff fc19 	bl	10005010 <usbd_edpt_claim>
100057de:	2800      	cmp	r0, #0
100057e0:	d0e2      	beq.n	100057a8 <cdcd_xfer_cb+0x48>
100057e2:	462b      	mov	r3, r5
100057e4:	462a      	mov	r2, r5
100057e6:	4638      	mov	r0, r7
100057e8:	78b1      	ldrb	r1, [r6, #2]
100057ea:	f7ff fc35 	bl	10005058 <usbd_edpt_xfer>
100057ee:	e7db      	b.n	100057a8 <cdcd_xfer_cb+0x48>
100057f0:	b29a      	uxth	r2, r3
100057f2:	f506 7112 	add.w	r1, r6, #584	@ 0x248
100057f6:	f106 0010 	add.w	r0, r6, #16
100057fa:	f000 fc59 	bl	100060b0 <tu_fifo_write_n>
100057fe:	4b16      	ldr	r3, [pc, #88]	@ (10005858 <cdcd_xfer_cb+0xf8>)
10005800:	2b00      	cmp	r3, #0
10005802:	d0c4      	beq.n	1000578e <cdcd_xfer_cb+0x2e>
10005804:	7973      	ldrb	r3, [r6, #5]
10005806:	2bff      	cmp	r3, #255	@ 0xff
10005808:	d0c1      	beq.n	1000578e <cdcd_xfer_cb+0x2e>
1000580a:	2d00      	cmp	r5, #0
1000580c:	d0bf      	beq.n	1000578e <cdcd_xfer_cb+0x2e>
1000580e:	f206 2847 	addw	r8, r6, #583	@ 0x247
10005812:	eb08 0a05 	add.w	sl, r8, r5
10005816:	f2a8 2937 	subw	r9, r8, #567	@ 0x237
1000581a:	e002      	b.n	10005822 <cdcd_xfer_cb+0xc2>
1000581c:	45c2      	cmp	sl, r8
1000581e:	d0b6      	beq.n	1000578e <cdcd_xfer_cb+0x2e>
10005820:	7973      	ldrb	r3, [r6, #5]
10005822:	f818 2f01 	ldrb.w	r2, [r8, #1]!
10005826:	429a      	cmp	r2, r3
10005828:	d1f8      	bne.n	1000581c <cdcd_xfer_cb+0xbc>
1000582a:	4648      	mov	r0, r9
1000582c:	f000 fb1e 	bl	10005e6c <tu_fifo_empty>
10005830:	2800      	cmp	r0, #0
10005832:	d1f3      	bne.n	1000581c <cdcd_xfer_cb+0xbc>
10005834:	7971      	ldrb	r1, [r6, #5]
10005836:	f3af 8000 	nop.w
1000583a:	e7ef      	b.n	1000581c <cdcd_xfer_cb+0xbc>
1000583c:	f3af 8000 	nop.w
10005840:	e7ac      	b.n	1000579c <cdcd_xfer_cb+0x3c>
10005842:	bf00      	nop
10005844:	20002848 	.word	0x20002848
10005848:	00000000 	.word	0x00000000
1000584c:	20002858 	.word	0x20002858
10005850:	00000000 	.word	0x00000000
10005854:	2000286c 	.word	0x2000286c
10005858:	00000000 	.word	0x00000000

1000585c <vendord_init>:
1000585c:	b570      	push	{r4, r5, r6, lr}
1000585e:	4c15      	ldr	r4, [pc, #84]	@ (100058b4 <vendord_init+0x58>)
10005860:	b084      	sub	sp, #16
10005862:	f44f 7233 	mov.w	r2, #716	@ 0x2cc
10005866:	2100      	movs	r1, #0
10005868:	4620      	mov	r0, r4
1000586a:	f004 fb41 	bl	10009ef0 <memset>
1000586e:	2640      	movs	r6, #64	@ 0x40
10005870:	2300      	movs	r3, #0
10005872:	f44f 7580 	mov.w	r5, #256	@ 0x100
10005876:	1d22      	adds	r2, r4, #4
10005878:	9202      	str	r2, [sp, #8]
1000587a:	f504 72e6 	add.w	r2, r4, #460	@ 0x1cc
1000587e:	4619      	mov	r1, r3
10005880:	e9cd 2500 	strd	r2, r5, [sp]
10005884:	9603      	str	r6, [sp, #12]
10005886:	461a      	mov	r2, r3
10005888:	f504 70d4 	add.w	r0, r4, #424	@ 0x1a8
1000588c:	f000 f9ac 	bl	10005be8 <tu_edpt_stream_init>
10005890:	2300      	movs	r3, #0
10005892:	f104 0144 	add.w	r1, r4, #68	@ 0x44
10005896:	f104 00a8 	add.w	r0, r4, #168	@ 0xa8
1000589a:	e9cd 1602 	strd	r1, r6, [sp, #8]
1000589e:	9000      	str	r0, [sp, #0]
100058a0:	2201      	movs	r2, #1
100058a2:	4619      	mov	r1, r3
100058a4:	9501      	str	r5, [sp, #4]
100058a6:	f104 0084 	add.w	r0, r4, #132	@ 0x84
100058aa:	f000 f99d 	bl	10005be8 <tu_edpt_stream_init>
100058ae:	b004      	add	sp, #16
100058b0:	bd70      	pop	{r4, r5, r6, pc}
100058b2:	bf00      	nop
100058b4:	200031ac 	.word	0x200031ac

100058b8 <vendord_deinit>:
100058b8:	b510      	push	{r4, lr}
100058ba:	4c05      	ldr	r4, [pc, #20]	@ (100058d0 <vendord_deinit+0x18>)
100058bc:	4620      	mov	r0, r4
100058be:	f000 f9bf 	bl	10005c40 <tu_edpt_stream_deinit>
100058c2:	f5a4 7092 	sub.w	r0, r4, #292	@ 0x124
100058c6:	f000 f9bb 	bl	10005c40 <tu_edpt_stream_deinit>
100058ca:	2001      	movs	r0, #1
100058cc:	bd10      	pop	{r4, pc}
100058ce:	bf00      	nop
100058d0:	20003354 	.word	0x20003354

100058d4 <vendord_reset>:
100058d4:	2300      	movs	r3, #0
100058d6:	b510      	push	{r4, lr}
100058d8:	4c05      	ldr	r4, [pc, #20]	@ (100058f0 <vendord_reset+0x1c>)
100058da:	f504 70d8 	add.w	r0, r4, #432	@ 0x1b0
100058de:	7023      	strb	r3, [r4, #0]
100058e0:	f000 fc92 	bl	10006208 <tu_fifo_clear>
100058e4:	f104 008c 	add.w	r0, r4, #140	@ 0x8c
100058e8:	e8bd 4010 	ldmia.w	sp!, {r4, lr}
100058ec:	f000 bc8c 	b.w	10006208 <tu_fifo_clear>
100058f0:	200031ac 	.word	0x200031ac

100058f4 <vendord_open>:
100058f4:	e92d 4ff8 	stmdb	sp!, {r3, r4, r5, r6, r7, r8, r9, sl, fp, lr}
100058f8:	794b      	ldrb	r3, [r1, #5]
100058fa:	2bff      	cmp	r3, #255	@ 0xff
100058fc:	d002      	beq.n	10005904 <vendord_open+0x10>
100058fe:	2000      	movs	r0, #0
10005900:	e8bd 8ff8 	ldmia.w	sp!, {r3, r4, r5, r6, r7, r8, r9, sl, fp, pc}
10005904:	4d3a      	ldr	r5, [pc, #232]	@ (100059f0 <vendord_open+0xfc>)
10005906:	460e      	mov	r6, r1
10005908:	f895 31a9 	ldrb.w	r3, [r5, #425]	@ 0x1a9
1000590c:	780c      	ldrb	r4, [r1, #0]
1000590e:	2b00      	cmp	r3, #0
10005910:	d1f5      	bne.n	100058fe <vendord_open+0xa>
10005912:	f895 7085 	ldrb.w	r7, [r5, #133]	@ 0x85
10005916:	2f00      	cmp	r7, #0
10005918:	d1f1      	bne.n	100058fe <vendord_open+0xa>
1000591a:	788b      	ldrb	r3, [r1, #2]
1000591c:	440c      	add	r4, r1
1000591e:	702b      	strb	r3, [r5, #0]
10005920:	790b      	ldrb	r3, [r1, #4]
10005922:	2b00      	cmp	r3, #0
10005924:	d03e      	beq.n	100059a4 <vendord_open+0xb0>
10005926:	4680      	mov	r8, r0
10005928:	eb04 0b02 	add.w	fp, r4, r2
1000592c:	f505 7ad8 	add.w	sl, r5, #432	@ 0x1b0
10005930:	f505 79d4 	add.w	r9, r5, #424	@ 0x1a8
10005934:	7863      	ldrb	r3, [r4, #1]
10005936:	2b05      	cmp	r3, #5
10005938:	d009      	beq.n	1000594e <vendord_open+0x5a>
1000593a:	45a3      	cmp	fp, r4
1000593c:	d802      	bhi.n	10005944 <vendord_open+0x50>
1000593e:	e031      	b.n	100059a4 <vendord_open+0xb0>
10005940:	455c      	cmp	r4, fp
10005942:	d22f      	bcs.n	100059a4 <vendord_open+0xb0>
10005944:	7823      	ldrb	r3, [r4, #0]
10005946:	441c      	add	r4, r3
10005948:	7863      	ldrb	r3, [r4, #1]
1000594a:	2b05      	cmp	r3, #5
1000594c:	d1f8      	bne.n	10005940 <vendord_open+0x4c>
1000594e:	45a3      	cmp	fp, r4
10005950:	d928      	bls.n	100059a4 <vendord_open+0xb0>
10005952:	4621      	mov	r1, r4
10005954:	4640      	mov	r0, r8
10005956:	f7ff fb39 	bl	10004fcc <usbd_edpt_open>
1000595a:	2800      	cmp	r0, #0
1000595c:	d03f      	beq.n	100059de <vendord_open+0xea>
1000595e:	78a3      	ldrb	r3, [r4, #2]
10005960:	09db      	lsrs	r3, r3, #7
10005962:	d123      	bne.n	100059ac <vendord_open+0xb8>
10005964:	4650      	mov	r0, sl
10005966:	f000 fc4f 	bl	10006208 <tu_fifo_clear>
1000596a:	78a3      	ldrb	r3, [r4, #2]
1000596c:	f895 11a8 	ldrb.w	r1, [r5, #424]	@ 0x1a8
10005970:	f885 31a9 	strb.w	r3, [r5, #425]	@ 0x1a9
10005974:	88a3      	ldrh	r3, [r4, #4]
10005976:	4640      	mov	r0, r8
10005978:	f3c3 030a 	ubfx	r3, r3, #0, #11
1000597c:	f5a3 7300 	sub.w	r3, r3, #512	@ 0x200
10005980:	fab3 f383 	clz	r3, r3
10005984:	095b      	lsrs	r3, r3, #5
10005986:	f363 0141 	bfi	r1, r3, #1, #1
1000598a:	f885 11a8 	strb.w	r1, [r5, #424]	@ 0x1a8
1000598e:	4649      	mov	r1, r9
10005990:	f000 f9c4 	bl	10005d1c <tu_edpt_stream_read_xfer>
10005994:	b318      	cbz	r0, 100059de <vendord_open+0xea>
10005996:	7823      	ldrb	r3, [r4, #0]
10005998:	7931      	ldrb	r1, [r6, #4]
1000599a:	3701      	adds	r7, #1
1000599c:	441c      	add	r4, r3
1000599e:	b2fb      	uxtb	r3, r7
100059a0:	4299      	cmp	r1, r3
100059a2:	d8c7      	bhi.n	10005934 <vendord_open+0x40>
100059a4:	1ba1      	subs	r1, r4, r6
100059a6:	b288      	uxth	r0, r1
100059a8:	e8bd 8ff8 	ldmia.w	sp!, {r3, r4, r5, r6, r7, r8, r9, sl, fp, pc}
100059ac:	4811      	ldr	r0, [pc, #68]	@ (100059f4 <vendord_open+0x100>)
100059ae:	f000 fc2b 	bl	10006208 <tu_fifo_clear>
100059b2:	78a3      	ldrb	r3, [r4, #2]
100059b4:	f895 c084 	ldrb.w	ip, [r5, #132]	@ 0x84
100059b8:	f885 3085 	strb.w	r3, [r5, #133]	@ 0x85
100059bc:	88a3      	ldrh	r3, [r4, #4]
100059be:	490e      	ldr	r1, [pc, #56]	@ (100059f8 <vendord_open+0x104>)
100059c0:	f3c3 030a 	ubfx	r3, r3, #0, #11
100059c4:	f5a3 7300 	sub.w	r3, r3, #512	@ 0x200
100059c8:	fab3 f383 	clz	r3, r3
100059cc:	095b      	lsrs	r3, r3, #5
100059ce:	f363 0c41 	bfi	ip, r3, #1, #1
100059d2:	2000      	movs	r0, #0
100059d4:	f885 c084 	strb.w	ip, [r5, #132]	@ 0x84
100059d8:	f000 f968 	bl	10005cac <tu_edpt_stream_write_xfer>
100059dc:	e7db      	b.n	10005996 <vendord_open+0xa2>
100059de:	f04f 23e0 	mov.w	r3, #3758153728	@ 0xe000e000
100059e2:	f8d3 3df0 	ldr.w	r3, [r3, #3568]	@ 0xdf0
100059e6:	07db      	lsls	r3, r3, #31
100059e8:	d589      	bpl.n	100058fe <vendord_open+0xa>
100059ea:	be00      	bkpt	0x0000
100059ec:	e787      	b.n	100058fe <vendord_open+0xa>
100059ee:	bf00      	nop
100059f0:	200031ac 	.word	0x200031ac
100059f4:	20003238 	.word	0x20003238
100059f8:	20003230 	.word	0x20003230

100059fc <vendord_xfer_cb>:
100059fc:	b570      	push	{r4, r5, r6, lr}
100059fe:	4c1b      	ldr	r4, [pc, #108]	@ (10005a6c <vendord_xfer_cb+0x70>)
10005a00:	4606      	mov	r6, r0
10005a02:	f894 c1a9 	ldrb.w	ip, [r4, #425]	@ 0x1a9
10005a06:	461d      	mov	r5, r3
10005a08:	458c      	cmp	ip, r1
10005a0a:	d012      	beq.n	10005a32 <vendord_xfer_cb+0x36>
10005a0c:	f894 3085 	ldrb.w	r3, [r4, #133]	@ 0x85
10005a10:	428b      	cmp	r3, r1
10005a12:	d10c      	bne.n	10005a2e <vendord_xfer_cb+0x32>
10005a14:	4b16      	ldr	r3, [pc, #88]	@ (10005a70 <vendord_xfer_cb+0x74>)
10005a16:	b11b      	cbz	r3, 10005a20 <vendord_xfer_cb+0x24>
10005a18:	2000      	movs	r0, #0
10005a1a:	b2a9      	uxth	r1, r5
10005a1c:	f3af 8000 	nop.w
10005a20:	4630      	mov	r0, r6
10005a22:	4914      	ldr	r1, [pc, #80]	@ (10005a74 <vendord_xfer_cb+0x78>)
10005a24:	f000 f942 	bl	10005cac <tu_edpt_stream_write_xfer>
10005a28:	b1d0      	cbz	r0, 10005a60 <vendord_xfer_cb+0x64>
10005a2a:	2001      	movs	r0, #1
10005a2c:	bd70      	pop	{r4, r5, r6, pc}
10005a2e:	2000      	movs	r0, #0
10005a30:	bd70      	pop	{r4, r5, r6, pc}
10005a32:	f8b4 31b4 	ldrh.w	r3, [r4, #436]	@ 0x1b4
10005a36:	b95b      	cbnz	r3, 10005a50 <vendord_xfer_cb+0x54>
10005a38:	4b0f      	ldr	r3, [pc, #60]	@ (10005a78 <vendord_xfer_cb+0x7c>)
10005a3a:	b123      	cbz	r3, 10005a46 <vendord_xfer_cb+0x4a>
10005a3c:	2000      	movs	r0, #0
10005a3e:	490f      	ldr	r1, [pc, #60]	@ (10005a7c <vendord_xfer_cb+0x80>)
10005a40:	b2aa      	uxth	r2, r5
10005a42:	f3af 8000 	nop.w
10005a46:	4630      	mov	r0, r6
10005a48:	490d      	ldr	r1, [pc, #52]	@ (10005a80 <vendord_xfer_cb+0x84>)
10005a4a:	f000 f967 	bl	10005d1c <tu_edpt_stream_read_xfer>
10005a4e:	e7ec      	b.n	10005a2a <vendord_xfer_cb+0x2e>
10005a50:	f8d4 11ac 	ldr.w	r1, [r4, #428]	@ 0x1ac
10005a54:	b2aa      	uxth	r2, r5
10005a56:	f504 70d8 	add.w	r0, r4, #432	@ 0x1b0
10005a5a:	f000 fb29 	bl	100060b0 <tu_fifo_write_n>
10005a5e:	e7eb      	b.n	10005a38 <vendord_xfer_cb+0x3c>
10005a60:	462a      	mov	r2, r5
10005a62:	4630      	mov	r0, r6
10005a64:	4903      	ldr	r1, [pc, #12]	@ (10005a74 <vendord_xfer_cb+0x78>)
10005a66:	f000 f8ed 	bl	10005c44 <tu_edpt_stream_write_zlp_if_needed>
10005a6a:	e7de      	b.n	10005a2a <vendord_xfer_cb+0x2e>
10005a6c:	200031ac 	.word	0x200031ac
10005a70:	00000000 	.word	0x00000000
10005a74:	20003230 	.word	0x20003230
10005a78:	00000000 	.word	0x00000000
10005a7c:	200031b0 	.word	0x200031b0
10005a80:	20003354 	.word	0x20003354

10005a84 <tusb_init>:
10005a84:	b508      	push	{r3, lr}
10005a86:	2000      	movs	r0, #0
10005a88:	f7fe fe1c 	bl	100046c4 <tud_init>
10005a8c:	b100      	cbz	r0, 10005a90 <tusb_init+0xc>
10005a8e:	bd08      	pop	{r3, pc}
10005a90:	f04f 23e0 	mov.w	r3, #3758153728	@ 0xe000e000
10005a94:	f8d3 3df0 	ldr.w	r3, [r3, #3568]	@ 0xdf0
10005a98:	07db      	lsls	r3, r3, #31
10005a9a:	d5f8      	bpl.n	10005a8e <tusb_init+0xa>
10005a9c:	be00      	bkpt	0x0000
10005a9e:	bd08      	pop	{r3, pc}

10005aa0 <tu_edpt_claim>:
10005aa0:	b5f8      	push	{r3, r4, r5, r6, r7, lr}
10005aa2:	7803      	ldrb	r3, [r0, #0]
10005aa4:	f013 0401 	ands.w	r4, r3, #1
10005aa8:	d11a      	bne.n	10005ae0 <tu_edpt_claim+0x40>
10005aaa:	7803      	ldrb	r3, [r0, #0]
10005aac:	4605      	mov	r5, r0
10005aae:	075a      	lsls	r2, r3, #29
10005ab0:	f3c3 0780 	ubfx	r7, r3, #2, #1
10005ab4:	d501      	bpl.n	10005aba <tu_edpt_claim+0x1a>
10005ab6:	4620      	mov	r0, r4
10005ab8:	bdf8      	pop	{r3, r4, r5, r6, r7, pc}
10005aba:	460e      	mov	r6, r1
10005abc:	f04f 31ff 	mov.w	r1, #4294967295	@ 0xffffffff
10005ac0:	4630      	mov	r0, r6
10005ac2:	f005 fbb9 	bl	1000b238 <__mutex_enter_timeout_ms_veneer>
10005ac6:	782b      	ldrb	r3, [r5, #0]
10005ac8:	f013 0401 	ands.w	r4, r3, #1
10005acc:	d10b      	bne.n	10005ae6 <tu_edpt_claim+0x46>
10005ace:	782b      	ldrb	r3, [r5, #0]
10005ad0:	075b      	lsls	r3, r3, #29
10005ad2:	d409      	bmi.n	10005ae8 <tu_edpt_claim+0x48>
10005ad4:	782b      	ldrb	r3, [r5, #0]
10005ad6:	2401      	movs	r4, #1
10005ad8:	f043 0304 	orr.w	r3, r3, #4
10005adc:	702b      	strb	r3, [r5, #0]
10005ade:	e003      	b.n	10005ae8 <tu_edpt_claim+0x48>
10005ae0:	2400      	movs	r4, #0
10005ae2:	4620      	mov	r0, r4
10005ae4:	bdf8      	pop	{r3, r4, r5, r6, r7, pc}
10005ae6:	463c      	mov	r4, r7
10005ae8:	4630      	mov	r0, r6
10005aea:	f005 fbc1 	bl	1000b270 <__mutex_exit_veneer>
10005aee:	4620      	mov	r0, r4
10005af0:	bdf8      	pop	{r3, r4, r5, r6, r7, pc}
10005af2:	bf00      	nop

10005af4 <tu_edpt_release>:
10005af4:	b570      	push	{r4, r5, r6, lr}
10005af6:	460c      	mov	r4, r1
10005af8:	4605      	mov	r5, r0
10005afa:	f04f 31ff 	mov.w	r1, #4294967295	@ 0xffffffff
10005afe:	4620      	mov	r0, r4
10005b00:	f005 fb9a 	bl	1000b238 <__mutex_enter_timeout_ms_veneer>
10005b04:	782b      	ldrb	r3, [r5, #0]
10005b06:	f3c3 0680 	ubfx	r6, r3, #2, #1
10005b0a:	075b      	lsls	r3, r3, #29
10005b0c:	d508      	bpl.n	10005b20 <tu_edpt_release+0x2c>
10005b0e:	782b      	ldrb	r3, [r5, #0]
10005b10:	f013 0301 	ands.w	r3, r3, #1
10005b14:	bf11      	iteee	ne
10005b16:	2600      	movne	r6, #0
10005b18:	782a      	ldrbeq	r2, [r5, #0]
10005b1a:	f363 0282 	bfieq	r2, r3, #2, #1
10005b1e:	702a      	strbeq	r2, [r5, #0]
10005b20:	4620      	mov	r0, r4
10005b22:	f005 fba5 	bl	1000b270 <__mutex_exit_veneer>
10005b26:	4630      	mov	r0, r6
10005b28:	bd70      	pop	{r4, r5, r6, pc}
10005b2a:	bf00      	nop

10005b2c <tu_edpt_validate>:
10005b2c:	78c3      	ldrb	r3, [r0, #3]
10005b2e:	8882      	ldrh	r2, [r0, #4]
10005b30:	f003 0003 	and.w	r0, r3, #3
10005b34:	2802      	cmp	r0, #2
10005b36:	f3c2 020a 	ubfx	r2, r2, #0, #11
10005b3a:	d01f      	beq.n	10005b7c <tu_edpt_validate+0x50>
10005b3c:	2803      	cmp	r0, #3
10005b3e:	d003      	beq.n	10005b48 <tu_edpt_validate+0x1c>
10005b40:	2801      	cmp	r0, #1
10005b42:	d00a      	beq.n	10005b5a <tu_edpt_validate+0x2e>
10005b44:	2000      	movs	r0, #0
10005b46:	4770      	bx	lr
10005b48:	2902      	cmp	r1, #2
10005b4a:	bf14      	ite	ne
10005b4c:	2340      	movne	r3, #64	@ 0x40
10005b4e:	f44f 6380 	moveq.w	r3, #1024	@ 0x400
10005b52:	4293      	cmp	r3, r2
10005b54:	d309      	bcc.n	10005b6a <tu_edpt_validate+0x3e>
10005b56:	2001      	movs	r0, #1
10005b58:	4770      	bx	lr
10005b5a:	2902      	cmp	r1, #2
10005b5c:	f240 33ff 	movw	r3, #1023	@ 0x3ff
10005b60:	bf08      	it	eq
10005b62:	f44f 6380 	moveq.w	r3, #1024	@ 0x400
10005b66:	4293      	cmp	r3, r2
10005b68:	d2f6      	bcs.n	10005b58 <tu_edpt_validate+0x2c>
10005b6a:	f04f 23e0 	mov.w	r3, #3758153728	@ 0xe000e000
10005b6e:	f8d3 3df0 	ldr.w	r3, [r3, #3568]	@ 0xdf0
10005b72:	07db      	lsls	r3, r3, #31
10005b74:	d5e6      	bpl.n	10005b44 <tu_edpt_validate+0x18>
10005b76:	be00      	bkpt	0x0000
10005b78:	2000      	movs	r0, #0
10005b7a:	4770      	bx	lr
10005b7c:	2902      	cmp	r1, #2
10005b7e:	d002      	beq.n	10005b86 <tu_edpt_validate+0x5a>
10005b80:	2a40      	cmp	r2, #64	@ 0x40
10005b82:	d9e8      	bls.n	10005b56 <tu_edpt_validate+0x2a>
10005b84:	e7f1      	b.n	10005b6a <tu_edpt_validate+0x3e>
10005b86:	f5b2 7f00 	cmp.w	r2, #512	@ 0x200
10005b8a:	d0e4      	beq.n	10005b56 <tu_edpt_validate+0x2a>
10005b8c:	e7ed      	b.n	10005b6a <tu_edpt_validate+0x3e>
10005b8e:	bf00      	nop

10005b90 <tu_edpt_bind_driver>:
10005b90:	440a      	add	r2, r1
10005b92:	4291      	cmp	r1, r2
10005b94:	d226      	bcs.n	10005be4 <tu_edpt_bind_driver+0x54>
10005b96:	f891 c001 	ldrb.w	ip, [r1, #1]
10005b9a:	f1bc 0f05 	cmp.w	ip, #5
10005b9e:	d005      	beq.n	10005bac <tu_edpt_bind_driver+0x1c>
10005ba0:	f891 c000 	ldrb.w	ip, [r1]
10005ba4:	4461      	add	r1, ip
10005ba6:	428a      	cmp	r2, r1
10005ba8:	d8f5      	bhi.n	10005b96 <tu_edpt_bind_driver+0x6>
10005baa:	4770      	bx	lr
10005bac:	b500      	push	{lr}
10005bae:	f891 c002 	ldrb.w	ip, [r1, #2]
10005bb2:	f00c 0e7f 	and.w	lr, ip, #127	@ 0x7f
10005bb6:	eb00 0e4e 	add.w	lr, r0, lr, lsl #1
10005bba:	ea4f 1cdc 	mov.w	ip, ip, lsr #7
10005bbe:	f80e 300c 	strb.w	r3, [lr, ip]
10005bc2:	f891 c000 	ldrb.w	ip, [r1]
10005bc6:	4461      	add	r1, ip
10005bc8:	428a      	cmp	r2, r1
10005bca:	d909      	bls.n	10005be0 <tu_edpt_bind_driver+0x50>
10005bcc:	f891 c001 	ldrb.w	ip, [r1, #1]
10005bd0:	f1bc 0f05 	cmp.w	ip, #5
10005bd4:	d0eb      	beq.n	10005bae <tu_edpt_bind_driver+0x1e>
10005bd6:	f891 c000 	ldrb.w	ip, [r1]
10005bda:	4461      	add	r1, ip
10005bdc:	428a      	cmp	r2, r1
10005bde:	d8f5      	bhi.n	10005bcc <tu_edpt_bind_driver+0x3c>
10005be0:	f85d fb04 	ldr.w	pc, [sp], #4
10005be4:	4770      	bx	lr
10005be6:	bf00      	nop

10005be8 <tu_edpt_stream_init>:
10005be8:	e92d 41f0 	stmdb	sp!, {r4, r5, r6, r7, r8, lr}
10005bec:	468e      	mov	lr, r1
10005bee:	b082      	sub	sp, #8
10005bf0:	9300      	str	r3, [sp, #0]
10005bf2:	f890 c000 	ldrb.w	ip, [r0]
10005bf6:	9e08      	ldr	r6, [sp, #32]
10005bf8:	f8bd 7024 	ldrh.w	r7, [sp, #36]	@ 0x24
10005bfc:	f36e 0c00 	bfi	ip, lr, #0, #1
10005c00:	4604      	mov	r4, r0
10005c02:	4615      	mov	r5, r2
10005c04:	2301      	movs	r3, #1
10005c06:	4631      	mov	r1, r6
10005c08:	463a      	mov	r2, r7
10005c0a:	f800 cb08 	strb.w	ip, [r0], #8
10005c0e:	f8bd 802c 	ldrh.w	r8, [sp, #44]	@ 0x2c
10005c12:	f000 f8eb 	bl	10005dec <tu_fifo_config>
10005c16:	b106      	cbz	r6, 10005c1a <tu_edpt_stream_init+0x32>
10005c18:	b93f      	cbnz	r7, 10005c2a <tu_edpt_stream_init+0x42>
10005c1a:	2001      	movs	r0, #1
10005c1c:	9b0a      	ldr	r3, [sp, #40]	@ 0x28
10005c1e:	f8a4 8002 	strh.w	r8, [r4, #2]
10005c22:	6063      	str	r3, [r4, #4]
10005c24:	b002      	add	sp, #8
10005c26:	e8bd 81f0 	ldmia.w	sp!, {r4, r5, r6, r7, r8, pc}
10005c2a:	f104 061c 	add.w	r6, r4, #28
10005c2e:	4630      	mov	r0, r6
10005c30:	f7fb f8ea 	bl	10000e08 <mutex_init>
10005c34:	b10d      	cbz	r5, 10005c3a <tu_edpt_stream_init+0x52>
10005c36:	4635      	mov	r5, r6
10005c38:	2600      	movs	r6, #0
10005c3a:	e9c4 5605 	strd	r5, r6, [r4, #20]
10005c3e:	e7ec      	b.n	10005c1a <tu_edpt_stream_init+0x32>

10005c40 <tu_edpt_stream_deinit>:
10005c40:	2001      	movs	r0, #1
10005c42:	4770      	bx	lr

10005c44 <tu_edpt_stream_write_zlp_if_needed>:
10005c44:	b5f8      	push	{r3, r4, r5, r6, r7, lr}
10005c46:	4607      	mov	r7, r0
10005c48:	4608      	mov	r0, r1
10005c4a:	f240 13ff 	movw	r3, #511	@ 0x1ff
10005c4e:	4615      	mov	r5, r2
10005c50:	f810 2b08 	ldrb.w	r2, [r0], #8
10005c54:	460c      	mov	r4, r1
10005c56:	f012 0f02 	tst.w	r2, #2
10005c5a:	bf0c      	ite	eq
10005c5c:	263f      	moveq	r6, #63	@ 0x3f
10005c5e:	461e      	movne	r6, r3
10005c60:	f000 f8f4 	bl	10005e4c <tu_fifo_count>
10005c64:	b928      	cbnz	r0, 10005c72 <tu_edpt_stream_write_zlp_if_needed+0x2e>
10005c66:	b125      	cbz	r5, 10005c72 <tu_edpt_stream_write_zlp_if_needed+0x2e>
10005c68:	422e      	tst	r6, r5
10005c6a:	d102      	bne.n	10005c72 <tu_edpt_stream_write_zlp_if_needed+0x2e>
10005c6c:	7823      	ldrb	r3, [r4, #0]
10005c6e:	07da      	lsls	r2, r3, #31
10005c70:	d501      	bpl.n	10005c76 <tu_edpt_stream_write_zlp_if_needed+0x32>
10005c72:	2000      	movs	r0, #0
10005c74:	bdf8      	pop	{r3, r4, r5, r6, r7, pc}
10005c76:	4638      	mov	r0, r7
10005c78:	7861      	ldrb	r1, [r4, #1]
10005c7a:	f7ff f9c9 	bl	10005010 <usbd_edpt_claim>
10005c7e:	2800      	cmp	r0, #0
10005c80:	d0f7      	beq.n	10005c72 <tu_edpt_stream_write_zlp_if_needed+0x2e>
10005c82:	7823      	ldrb	r3, [r4, #0]
10005c84:	f013 0301 	ands.w	r3, r3, #1
10005c88:	d007      	beq.n	10005c9a <tu_edpt_stream_write_zlp_if_needed+0x56>
10005c8a:	f04f 23e0 	mov.w	r3, #3758153728	@ 0xe000e000
10005c8e:	f8d3 3df0 	ldr.w	r3, [r3, #3568]	@ 0xdf0
10005c92:	07db      	lsls	r3, r3, #31
10005c94:	d5ed      	bpl.n	10005c72 <tu_edpt_stream_write_zlp_if_needed+0x2e>
10005c96:	be00      	bkpt	0x0000
10005c98:	e7eb      	b.n	10005c72 <tu_edpt_stream_write_zlp_if_needed+0x2e>
10005c9a:	461a      	mov	r2, r3
10005c9c:	4638      	mov	r0, r7
10005c9e:	7861      	ldrb	r1, [r4, #1]
10005ca0:	f7ff f9da 	bl	10005058 <usbd_edpt_xfer>
10005ca4:	2800      	cmp	r0, #0
10005ca6:	d0f0      	beq.n	10005c8a <tu_edpt_stream_write_zlp_if_needed+0x46>
10005ca8:	bdf8      	pop	{r3, r4, r5, r6, r7, pc}
10005caa:	bf00      	nop

10005cac <tu_edpt_stream_write_xfer>:
10005cac:	b570      	push	{r4, r5, r6, lr}
10005cae:	f101 0508 	add.w	r5, r1, #8
10005cb2:	4606      	mov	r6, r0
10005cb4:	4628      	mov	r0, r5
10005cb6:	460c      	mov	r4, r1
10005cb8:	f000 f8c8 	bl	10005e4c <tu_fifo_count>
10005cbc:	b110      	cbz	r0, 10005cc4 <tu_edpt_stream_write_xfer+0x18>
10005cbe:	7823      	ldrb	r3, [r4, #0]
10005cc0:	07d8      	lsls	r0, r3, #31
10005cc2:	d501      	bpl.n	10005cc8 <tu_edpt_stream_write_xfer+0x1c>
10005cc4:	2000      	movs	r0, #0
10005cc6:	bd70      	pop	{r4, r5, r6, pc}
10005cc8:	4630      	mov	r0, r6
10005cca:	7861      	ldrb	r1, [r4, #1]
10005ccc:	f7ff f9a0 	bl	10005010 <usbd_edpt_claim>
10005cd0:	2800      	cmp	r0, #0
10005cd2:	d0f7      	beq.n	10005cc4 <tu_edpt_stream_write_xfer+0x18>
10005cd4:	4628      	mov	r0, r5
10005cd6:	8862      	ldrh	r2, [r4, #2]
10005cd8:	6861      	ldr	r1, [r4, #4]
10005cda:	f000 f92d 	bl	10005f38 <tu_fifo_read_n>
10005cde:	7823      	ldrb	r3, [r4, #0]
10005ce0:	4605      	mov	r5, r0
10005ce2:	b148      	cbz	r0, 10005cf8 <tu_edpt_stream_write_xfer+0x4c>
10005ce4:	07d9      	lsls	r1, r3, #31
10005ce6:	d50e      	bpl.n	10005d06 <tu_edpt_stream_write_xfer+0x5a>
10005ce8:	f04f 23e0 	mov.w	r3, #3758153728	@ 0xe000e000
10005cec:	f8d3 3df0 	ldr.w	r3, [r3, #3568]	@ 0xdf0
10005cf0:	07da      	lsls	r2, r3, #31
10005cf2:	d5e7      	bpl.n	10005cc4 <tu_edpt_stream_write_xfer+0x18>
10005cf4:	be00      	bkpt	0x0000
10005cf6:	e7e5      	b.n	10005cc4 <tu_edpt_stream_write_xfer+0x18>
10005cf8:	07db      	lsls	r3, r3, #31
10005cfa:	d4e3      	bmi.n	10005cc4 <tu_edpt_stream_write_xfer+0x18>
10005cfc:	4630      	mov	r0, r6
10005cfe:	7861      	ldrb	r1, [r4, #1]
10005d00:	f7ff f998 	bl	10005034 <usbd_edpt_release>
10005d04:	e7de      	b.n	10005cc4 <tu_edpt_stream_write_xfer+0x18>
10005d06:	4603      	mov	r3, r0
10005d08:	6862      	ldr	r2, [r4, #4]
10005d0a:	4630      	mov	r0, r6
10005d0c:	7861      	ldrb	r1, [r4, #1]
10005d0e:	f7ff f9a3 	bl	10005058 <usbd_edpt_xfer>
10005d12:	2800      	cmp	r0, #0
10005d14:	d0e8      	beq.n	10005ce8 <tu_edpt_stream_write_xfer+0x3c>
10005d16:	4628      	mov	r0, r5
10005d18:	bd70      	pop	{r4, r5, r6, pc}
10005d1a:	bf00      	nop

10005d1c <tu_edpt_stream_read_xfer>:
10005d1c:	898a      	ldrh	r2, [r1, #12]
10005d1e:	e92d 41f0 	stmdb	sp!, {r4, r5, r6, r7, r8, lr}
10005d22:	780b      	ldrb	r3, [r1, #0]
10005d24:	460c      	mov	r4, r1
10005d26:	4605      	mov	r5, r0
10005d28:	b98a      	cbnz	r2, 10005d4e <tu_edpt_stream_read_xfer+0x32>
10005d2a:	07df      	lsls	r7, r3, #31
10005d2c:	d425      	bmi.n	10005d7a <tu_edpt_stream_read_xfer+0x5e>
10005d2e:	7849      	ldrb	r1, [r1, #1]
10005d30:	f7ff f96e 	bl	10005010 <usbd_edpt_claim>
10005d34:	b308      	cbz	r0, 10005d7a <tu_edpt_stream_read_xfer+0x5e>
10005d36:	7822      	ldrb	r2, [r4, #0]
10005d38:	8863      	ldrh	r3, [r4, #2]
10005d3a:	07d6      	lsls	r6, r2, #31
10005d3c:	d53f      	bpl.n	10005dbe <tu_edpt_stream_read_xfer+0xa2>
10005d3e:	f04f 23e0 	mov.w	r3, #3758153728	@ 0xe000e000
10005d42:	f8d3 3df0 	ldr.w	r3, [r3, #3568]	@ 0xdf0
10005d46:	07da      	lsls	r2, r3, #31
10005d48:	d517      	bpl.n	10005d7a <tu_edpt_stream_read_xfer+0x5e>
10005d4a:	be00      	bkpt	0x0000
10005d4c:	e015      	b.n	10005d7a <tu_edpt_stream_read_xfer+0x5e>
10005d4e:	f003 0302 	and.w	r3, r3, #2
10005d52:	f101 0808 	add.w	r8, r1, #8
10005d56:	2b00      	cmp	r3, #0
10005d58:	4640      	mov	r0, r8
10005d5a:	bf0c      	ite	eq
10005d5c:	2740      	moveq	r7, #64	@ 0x40
10005d5e:	f44f 7700 	movne.w	r7, #512	@ 0x200
10005d62:	f64f 76c0 	movw	r6, #65472	@ 0xffc0
10005d66:	bf18      	it	ne
10005d68:	f44f 467e 	movne.w	r6, #65024	@ 0xfe00
10005d6c:	f000 f888 	bl	10005e80 <tu_fifo_remaining>
10005d70:	4287      	cmp	r7, r0
10005d72:	d802      	bhi.n	10005d7a <tu_edpt_stream_read_xfer+0x5e>
10005d74:	7823      	ldrb	r3, [r4, #0]
10005d76:	07d8      	lsls	r0, r3, #31
10005d78:	d502      	bpl.n	10005d80 <tu_edpt_stream_read_xfer+0x64>
10005d7a:	2000      	movs	r0, #0
10005d7c:	e8bd 81f0 	ldmia.w	sp!, {r4, r5, r6, r7, r8, pc}
10005d80:	4628      	mov	r0, r5
10005d82:	7861      	ldrb	r1, [r4, #1]
10005d84:	f7ff f944 	bl	10005010 <usbd_edpt_claim>
10005d88:	2800      	cmp	r0, #0
10005d8a:	d0f6      	beq.n	10005d7a <tu_edpt_stream_read_xfer+0x5e>
10005d8c:	4640      	mov	r0, r8
10005d8e:	f000 f877 	bl	10005e80 <tu_fifo_remaining>
10005d92:	4287      	cmp	r7, r0
10005d94:	d81f      	bhi.n	10005dd6 <tu_edpt_stream_read_xfer+0xba>
10005d96:	7823      	ldrb	r3, [r4, #0]
10005d98:	8862      	ldrh	r2, [r4, #2]
10005d9a:	07d9      	lsls	r1, r3, #31
10005d9c:	d4cf      	bmi.n	10005d3e <tu_edpt_stream_read_xfer+0x22>
10005d9e:	4030      	ands	r0, r6
10005da0:	4290      	cmp	r0, r2
10005da2:	bf28      	it	cs
10005da4:	4610      	movcs	r0, r2
10005da6:	7861      	ldrb	r1, [r4, #1]
10005da8:	4606      	mov	r6, r0
10005daa:	b1e0      	cbz	r0, 10005de6 <tu_edpt_stream_read_xfer+0xca>
10005dac:	6862      	ldr	r2, [r4, #4]
10005dae:	4633      	mov	r3, r6
10005db0:	4628      	mov	r0, r5
10005db2:	f7ff f951 	bl	10005058 <usbd_edpt_xfer>
10005db6:	2800      	cmp	r0, #0
10005db8:	d0c1      	beq.n	10005d3e <tu_edpt_stream_read_xfer+0x22>
10005dba:	4630      	mov	r0, r6
10005dbc:	e7de      	b.n	10005d7c <tu_edpt_stream_read_xfer+0x60>
10005dbe:	7861      	ldrb	r1, [r4, #1]
10005dc0:	b13b      	cbz	r3, 10005dd2 <tu_edpt_stream_read_xfer+0xb6>
10005dc2:	6862      	ldr	r2, [r4, #4]
10005dc4:	4628      	mov	r0, r5
10005dc6:	f7ff f947 	bl	10005058 <usbd_edpt_xfer>
10005dca:	2800      	cmp	r0, #0
10005dcc:	d0b7      	beq.n	10005d3e <tu_edpt_stream_read_xfer+0x22>
10005dce:	8860      	ldrh	r0, [r4, #2]
10005dd0:	e7d4      	b.n	10005d7c <tu_edpt_stream_read_xfer+0x60>
10005dd2:	461a      	mov	r2, r3
10005dd4:	e7f6      	b.n	10005dc4 <tu_edpt_stream_read_xfer+0xa8>
10005dd6:	7823      	ldrb	r3, [r4, #0]
10005dd8:	07db      	lsls	r3, r3, #31
10005dda:	d4ce      	bmi.n	10005d7a <tu_edpt_stream_read_xfer+0x5e>
10005ddc:	4628      	mov	r0, r5
10005dde:	7861      	ldrb	r1, [r4, #1]
10005de0:	f7ff f928 	bl	10005034 <usbd_edpt_release>
10005de4:	e7c9      	b.n	10005d7a <tu_edpt_stream_read_xfer+0x5e>
10005de6:	4602      	mov	r2, r0
10005de8:	e7e1      	b.n	10005dae <tu_edpt_stream_read_xfer+0x92>
10005dea:	bf00      	nop

10005dec <tu_fifo_config>:
10005dec:	e92d 41f0 	stmdb	sp!, {r4, r5, r6, r7, r8, lr}
10005df0:	f5b2 4f00 	cmp.w	r2, #32768	@ 0x8000
10005df4:	f89d 8018 	ldrb.w	r8, [sp, #24]
10005df8:	d824      	bhi.n	10005e44 <tu_fifo_config+0x58>
10005dfa:	4604      	mov	r4, r0
10005dfc:	68c0      	ldr	r0, [r0, #12]
10005dfe:	4617      	mov	r7, r2
10005e00:	460e      	mov	r6, r1
10005e02:	461d      	mov	r5, r3
10005e04:	b118      	cbz	r0, 10005e0e <tu_fifo_config+0x22>
10005e06:	f04f 31ff 	mov.w	r1, #4294967295	@ 0xffffffff
10005e0a:	f005 fa15 	bl	1000b238 <__mutex_enter_timeout_ms_veneer>
10005e0e:	6920      	ldr	r0, [r4, #16]
10005e10:	b118      	cbz	r0, 10005e1a <tu_fifo_config+0x2e>
10005e12:	f04f 31ff 	mov.w	r1, #4294967295	@ 0xffffffff
10005e16:	f005 fa0f 	bl	1000b238 <__mutex_enter_timeout_ms_veneer>
10005e1a:	2200      	movs	r2, #0
10005e1c:	f3c5 030e 	ubfx	r3, r5, #0, #15
10005e20:	68e0      	ldr	r0, [r4, #12]
10005e22:	ea43 33c8 	orr.w	r3, r3, r8, lsl #15
10005e26:	8162      	strh	r2, [r4, #10]
10005e28:	6026      	str	r6, [r4, #0]
10005e2a:	80a7      	strh	r7, [r4, #4]
10005e2c:	80e3      	strh	r3, [r4, #6]
10005e2e:	8122      	strh	r2, [r4, #8]
10005e30:	b108      	cbz	r0, 10005e36 <tu_fifo_config+0x4a>
10005e32:	f005 fa1d 	bl	1000b270 <__mutex_exit_veneer>
10005e36:	6920      	ldr	r0, [r4, #16]
10005e38:	b108      	cbz	r0, 10005e3e <tu_fifo_config+0x52>
10005e3a:	f005 fa19 	bl	1000b270 <__mutex_exit_veneer>
10005e3e:	2001      	movs	r0, #1
10005e40:	e8bd 81f0 	ldmia.w	sp!, {r4, r5, r6, r7, r8, pc}
10005e44:	2000      	movs	r0, #0
10005e46:	e8bd 81f0 	ldmia.w	sp!, {r4, r5, r6, r7, r8, pc}
10005e4a:	bf00      	nop

10005e4c <tu_fifo_count>:
10005e4c:	8903      	ldrh	r3, [r0, #8]
10005e4e:	8942      	ldrh	r2, [r0, #10]
10005e50:	b29b      	uxth	r3, r3
10005e52:	b292      	uxth	r2, r2
10005e54:	8880      	ldrh	r0, [r0, #4]
10005e56:	4293      	cmp	r3, r2
10005e58:	bf36      	itet	cc
10005e5a:	ebc2 0240 	rsbcc	r2, r2, r0, lsl #1
10005e5e:	1a9b      	subcs	r3, r3, r2
10005e60:	189b      	addcc	r3, r3, r2
10005e62:	b29b      	uxth	r3, r3
10005e64:	4298      	cmp	r0, r3
10005e66:	bf28      	it	cs
10005e68:	4618      	movcs	r0, r3
10005e6a:	4770      	bx	lr

10005e6c <tu_fifo_empty>:
10005e6c:	8902      	ldrh	r2, [r0, #8]
10005e6e:	8943      	ldrh	r3, [r0, #10]
10005e70:	b290      	uxth	r0, r2
10005e72:	b29b      	uxth	r3, r3
10005e74:	1ac0      	subs	r0, r0, r3
10005e76:	fab0 f080 	clz	r0, r0
10005e7a:	0940      	lsrs	r0, r0, #5
10005e7c:	4770      	bx	lr
10005e7e:	bf00      	nop

10005e80 <tu_fifo_remaining>:
10005e80:	8903      	ldrh	r3, [r0, #8]
10005e82:	8942      	ldrh	r2, [r0, #10]
10005e84:	b29b      	uxth	r3, r3
10005e86:	8880      	ldrh	r0, [r0, #4]
10005e88:	b292      	uxth	r2, r2
10005e8a:	4293      	cmp	r3, r2
10005e8c:	bf36      	itet	cc
10005e8e:	ebc2 0240 	rsbcc	r2, r2, r0, lsl #1
10005e92:	1a9b      	subcs	r3, r3, r2
10005e94:	189b      	addcc	r3, r3, r2
10005e96:	b29b      	uxth	r3, r3
10005e98:	4298      	cmp	r0, r3
10005e9a:	bf86      	itte	hi
10005e9c:	1ac0      	subhi	r0, r0, r3
10005e9e:	b280      	uxthhi	r0, r0
10005ea0:	2000      	movls	r0, #0
10005ea2:	4770      	bx	lr

10005ea4 <tu_fifo_read>:
10005ea4:	b538      	push	{r3, r4, r5, lr}
10005ea6:	4604      	mov	r4, r0
10005ea8:	6900      	ldr	r0, [r0, #16]
10005eaa:	460d      	mov	r5, r1
10005eac:	b118      	cbz	r0, 10005eb6 <tu_fifo_read+0x12>
10005eae:	f04f 31ff 	mov.w	r1, #4294967295	@ 0xffffffff
10005eb2:	f005 f9c1 	bl	1000b238 <__mutex_enter_timeout_ms_veneer>
10005eb6:	8921      	ldrh	r1, [r4, #8]
10005eb8:	8963      	ldrh	r3, [r4, #10]
10005eba:	b289      	uxth	r1, r1
10005ebc:	b29b      	uxth	r3, r3
10005ebe:	88a2      	ldrh	r2, [r4, #4]
10005ec0:	4299      	cmp	r1, r3
10005ec2:	bf36      	itet	cc
10005ec4:	ebc3 0042 	rsbcc	r0, r3, r2, lsl #1
10005ec8:	1ac8      	subcs	r0, r1, r3
10005eca:	1840      	addcc	r0, r0, r1
10005ecc:	b280      	uxth	r0, r0
10005ece:	b350      	cbz	r0, 10005f26 <tu_fifo_read+0x82>
10005ed0:	4282      	cmp	r2, r0
10005ed2:	d209      	bcs.n	10005ee8 <tu_fifo_read+0x44>
10005ed4:	4291      	cmp	r1, r2
10005ed6:	bf2c      	ite	cs
10005ed8:	1a89      	subcs	r1, r1, r2
10005eda:	1889      	addcc	r1, r1, r2
10005edc:	b28b      	uxth	r3, r1
10005ede:	429a      	cmp	r2, r3
10005ee0:	8163      	strh	r3, [r4, #10]
10005ee2:	d803      	bhi.n	10005eec <tu_fifo_read+0x48>
10005ee4:	1a9b      	subs	r3, r3, r2
10005ee6:	b29b      	uxth	r3, r3
10005ee8:	429a      	cmp	r2, r3
10005eea:	d9fb      	bls.n	10005ee4 <tu_fifo_read+0x40>
10005eec:	88e2      	ldrh	r2, [r4, #6]
10005eee:	6821      	ldr	r1, [r4, #0]
10005ef0:	f3c2 020e 	ubfx	r2, r2, #0, #15
10005ef4:	fb02 1103 	mla	r1, r2, r3, r1
10005ef8:	4628      	mov	r0, r5
10005efa:	f004 fe87 	bl	1000ac0c <memcpy>
10005efe:	8961      	ldrh	r1, [r4, #10]
10005f00:	2501      	movs	r5, #1
10005f02:	b289      	uxth	r1, r1
10005f04:	1c4b      	adds	r3, r1, #1
10005f06:	b29b      	uxth	r3, r3
10005f08:	4299      	cmp	r1, r3
10005f0a:	88a2      	ldrh	r2, [r4, #4]
10005f0c:	d90e      	bls.n	10005f2c <tu_fifo_read+0x88>
10005f0e:	2300      	movs	r3, #0
10005f10:	fa02 f105 	lsl.w	r1, r2, r5
10005f14:	1a5b      	subs	r3, r3, r1
10005f16:	b29b      	uxth	r3, r3
10005f18:	6920      	ldr	r0, [r4, #16]
10005f1a:	8163      	strh	r3, [r4, #10]
10005f1c:	b108      	cbz	r0, 10005f22 <tu_fifo_read+0x7e>
10005f1e:	f005 f9a7 	bl	1000b270 <__mutex_exit_veneer>
10005f22:	4628      	mov	r0, r5
10005f24:	bd38      	pop	{r3, r4, r5, pc}
10005f26:	4605      	mov	r5, r0
10005f28:	8963      	ldrh	r3, [r4, #10]
10005f2a:	b29b      	uxth	r3, r3
10005f2c:	ebb3 0f42 	cmp.w	r3, r2, lsl #1
10005f30:	ea4f 0142 	mov.w	r1, r2, lsl #1
10005f34:	dbf0      	blt.n	10005f18 <tu_fifo_read+0x74>
10005f36:	e7ed      	b.n	10005f14 <tu_fifo_read+0x70>

10005f38 <tu_fifo_read_n>:
10005f38:	e92d 47f0 	stmdb	sp!, {r4, r5, r6, r7, r8, r9, sl, lr}
10005f3c:	4606      	mov	r6, r0
10005f3e:	6900      	ldr	r0, [r0, #16]
10005f40:	4688      	mov	r8, r1
10005f42:	4691      	mov	r9, r2
10005f44:	b118      	cbz	r0, 10005f4e <tu_fifo_read_n+0x16>
10005f46:	f04f 31ff 	mov.w	r1, #4294967295	@ 0xffffffff
10005f4a:	f005 f975 	bl	1000b238 <__mutex_enter_timeout_ms_veneer>
10005f4e:	8933      	ldrh	r3, [r6, #8]
10005f50:	8974      	ldrh	r4, [r6, #10]
10005f52:	b29b      	uxth	r3, r3
10005f54:	b2a4      	uxth	r4, r4
10005f56:	88b5      	ldrh	r5, [r6, #4]
10005f58:	42a3      	cmp	r3, r4
10005f5a:	bf36      	itet	cc
10005f5c:	ebc4 0745 	rsbcc	r7, r4, r5, lsl #1
10005f60:	1b1f      	subcs	r7, r3, r4
10005f62:	18ff      	addcc	r7, r7, r3
10005f64:	b2bf      	uxth	r7, r7
10005f66:	2f00      	cmp	r7, #0
10005f68:	d04a      	beq.n	10006000 <tu_fifo_read_n+0xc8>
10005f6a:	42bd      	cmp	r5, r7
10005f6c:	d340      	bcc.n	10005ff0 <tu_fifo_read_n+0xb8>
10005f6e:	45b9      	cmp	r9, r7
10005f70:	bf28      	it	cs
10005f72:	46b9      	movcs	r9, r7
10005f74:	42a5      	cmp	r5, r4
10005f76:	fa1f f789 	uxth.w	r7, r9
10005f7a:	d803      	bhi.n	10005f84 <tu_fifo_read_n+0x4c>
10005f7c:	1b64      	subs	r4, r4, r5
10005f7e:	b2a4      	uxth	r4, r4
10005f80:	42a5      	cmp	r5, r4
10005f82:	d9fb      	bls.n	10005f7c <tu_fifo_read_n+0x44>
10005f84:	f8b6 a006 	ldrh.w	sl, [r6, #6]
10005f88:	1b2b      	subs	r3, r5, r4
10005f8a:	6831      	ldr	r1, [r6, #0]
10005f8c:	b29b      	uxth	r3, r3
10005f8e:	f3ca 020e 	ubfx	r2, sl, #0, #15
10005f92:	429f      	cmp	r7, r3
10005f94:	4692      	mov	sl, r2
10005f96:	fb02 1104 	mla	r1, r2, r4, r1
10005f9a:	d923      	bls.n	10005fe4 <tu_fifo_read_n+0xac>
10005f9c:	fb13 f302 	smulbb	r3, r3, r2
10005fa0:	fa1f f983 	uxth.w	r9, r3
10005fa4:	464a      	mov	r2, r9
10005fa6:	4640      	mov	r0, r8
10005fa8:	1b7d      	subs	r5, r7, r5
10005faa:	f004 fe2f 	bl	1000ac0c <memcpy>
10005fae:	1962      	adds	r2, r4, r5
10005fb0:	fb12 f20a 	smulbb	r2, r2, sl
10005fb4:	6831      	ldr	r1, [r6, #0]
10005fb6:	eb08 0009 	add.w	r0, r8, r9
10005fba:	b292      	uxth	r2, r2
10005fbc:	f004 fe26 	bl	1000ac0c <memcpy>
10005fc0:	8972      	ldrh	r2, [r6, #10]
10005fc2:	88b5      	ldrh	r5, [r6, #4]
10005fc4:	b292      	uxth	r2, r2
10005fc6:	19d3      	adds	r3, r2, r7
10005fc8:	b29b      	uxth	r3, r3
10005fca:	429a      	cmp	r2, r3
10005fcc:	d91a      	bls.n	10006004 <tu_fifo_read_n+0xcc>
10005fce:	006a      	lsls	r2, r5, #1
10005fd0:	1a9b      	subs	r3, r3, r2
10005fd2:	b29b      	uxth	r3, r3
10005fd4:	6930      	ldr	r0, [r6, #16]
10005fd6:	8173      	strh	r3, [r6, #10]
10005fd8:	b108      	cbz	r0, 10005fde <tu_fifo_read_n+0xa6>
10005fda:	f005 f949 	bl	1000b270 <__mutex_exit_veneer>
10005fde:	4638      	mov	r0, r7
10005fe0:	e8bd 87f0 	ldmia.w	sp!, {r4, r5, r6, r7, r8, r9, sl, pc}
10005fe4:	4640      	mov	r0, r8
10005fe6:	fb07 f202 	mul.w	r2, r7, r2
10005fea:	f004 fe0f 	bl	1000ac0c <memcpy>
10005fee:	e7e7      	b.n	10005fc0 <tu_fifo_read_n+0x88>
10005ff0:	42ab      	cmp	r3, r5
10005ff2:	bf2c      	ite	cs
10005ff4:	1b5b      	subcs	r3, r3, r5
10005ff6:	195b      	addcc	r3, r3, r5
10005ff8:	b29c      	uxth	r4, r3
10005ffa:	462f      	mov	r7, r5
10005ffc:	8174      	strh	r4, [r6, #10]
10005ffe:	e7b6      	b.n	10005f6e <tu_fifo_read_n+0x36>
10006000:	8973      	ldrh	r3, [r6, #10]
10006002:	b29b      	uxth	r3, r3
10006004:	ebb3 0f45 	cmp.w	r3, r5, lsl #1
10006008:	ea4f 0245 	mov.w	r2, r5, lsl #1
1000600c:	dbe2      	blt.n	10005fd4 <tu_fifo_read_n+0x9c>
1000600e:	e7df      	b.n	10005fd0 <tu_fifo_read_n+0x98>

10006010 <tu_fifo_write>:
10006010:	b5f8      	push	{r3, r4, r5, r6, r7, lr}
10006012:	4604      	mov	r4, r0
10006014:	68c0      	ldr	r0, [r0, #12]
10006016:	460e      	mov	r6, r1
10006018:	b118      	cbz	r0, 10006022 <tu_fifo_write+0x12>
1000601a:	f04f 31ff 	mov.w	r1, #4294967295	@ 0xffffffff
1000601e:	f005 f90b 	bl	1000b238 <__mutex_enter_timeout_ms_veneer>
10006022:	8925      	ldrh	r5, [r4, #8]
10006024:	8923      	ldrh	r3, [r4, #8]
10006026:	8961      	ldrh	r1, [r4, #10]
10006028:	b29b      	uxth	r3, r3
1000602a:	b289      	uxth	r1, r1
1000602c:	88a2      	ldrh	r2, [r4, #4]
1000602e:	428b      	cmp	r3, r1
10006030:	bf36      	itet	cc
10006032:	ebc1 0142 	rsbcc	r1, r1, r2, lsl #1
10006036:	1a5b      	subcs	r3, r3, r1
10006038:	185b      	addcc	r3, r3, r1
1000603a:	b29b      	uxth	r3, r3
1000603c:	429a      	cmp	r2, r3
1000603e:	b2ad      	uxth	r5, r5
10006040:	d808      	bhi.n	10006054 <tu_fifo_write+0x44>
10006042:	79e7      	ldrb	r7, [r4, #7]
10006044:	09ff      	lsrs	r7, r7, #7
10006046:	d105      	bne.n	10006054 <tu_fifo_write+0x44>
10006048:	68e0      	ldr	r0, [r4, #12]
1000604a:	b108      	cbz	r0, 10006050 <tu_fifo_write+0x40>
1000604c:	f005 f910 	bl	1000b270 <__mutex_exit_veneer>
10006050:	4638      	mov	r0, r7
10006052:	bdf8      	pop	{r3, r4, r5, r6, r7, pc}
10006054:	4295      	cmp	r5, r2
10006056:	d319      	bcc.n	1000608c <tu_fifo_write+0x7c>
10006058:	462b      	mov	r3, r5
1000605a:	1a9b      	subs	r3, r3, r2
1000605c:	b29b      	uxth	r3, r3
1000605e:	4293      	cmp	r3, r2
10006060:	d2fb      	bcs.n	1000605a <tu_fifo_write+0x4a>
10006062:	88e2      	ldrh	r2, [r4, #6]
10006064:	6820      	ldr	r0, [r4, #0]
10006066:	f3c2 020e 	ubfx	r2, r2, #0, #15
1000606a:	fb02 0003 	mla	r0, r2, r3, r0
1000606e:	4631      	mov	r1, r6
10006070:	f004 fdcc 	bl	1000ac0c <memcpy>
10006074:	1c6b      	adds	r3, r5, #1
10006076:	b29b      	uxth	r3, r3
10006078:	429d      	cmp	r5, r3
1000607a:	88a2      	ldrh	r2, [r4, #4]
1000607c:	d912      	bls.n	100060a4 <tu_fifo_write+0x94>
1000607e:	2300      	movs	r3, #0
10006080:	0051      	lsls	r1, r2, #1
10006082:	1a5b      	subs	r3, r3, r1
10006084:	b29b      	uxth	r3, r3
10006086:	2701      	movs	r7, #1
10006088:	8123      	strh	r3, [r4, #8]
1000608a:	e7dd      	b.n	10006048 <tu_fifo_write+0x38>
1000608c:	88e2      	ldrh	r2, [r4, #6]
1000608e:	6820      	ldr	r0, [r4, #0]
10006090:	f3c2 020e 	ubfx	r2, r2, #0, #15
10006094:	fb05 0002 	mla	r0, r5, r2, r0
10006098:	4631      	mov	r1, r6
1000609a:	f004 fdb7 	bl	1000ac0c <memcpy>
1000609e:	3501      	adds	r5, #1
100060a0:	88a2      	ldrh	r2, [r4, #4]
100060a2:	b2ab      	uxth	r3, r5
100060a4:	ebb3 0f42 	cmp.w	r3, r2, lsl #1
100060a8:	ea4f 0142 	mov.w	r1, r2, lsl #1
100060ac:	dbeb      	blt.n	10006086 <tu_fifo_write+0x76>
100060ae:	e7e8      	b.n	10006082 <tu_fifo_write+0x72>

100060b0 <tu_fifo_write_n>:
100060b0:	e92d 4ff0 	stmdb	sp!, {r4, r5, r6, r7, r8, r9, sl, fp, lr}
100060b4:	4616      	mov	r6, r2
100060b6:	b083      	sub	sp, #12
100060b8:	2a00      	cmp	r2, #0
100060ba:	d04c      	beq.n	10006156 <tu_fifo_write_n+0xa6>
100060bc:	4605      	mov	r5, r0
100060be:	68c0      	ldr	r0, [r0, #12]
100060c0:	4688      	mov	r8, r1
100060c2:	b118      	cbz	r0, 100060cc <tu_fifo_write_n+0x1c>
100060c4:	f04f 31ff 	mov.w	r1, #4294967295	@ 0xffffffff
100060c8:	f005 f8b6 	bl	1000b238 <__mutex_enter_timeout_ms_veneer>
100060cc:	79ea      	ldrb	r2, [r5, #7]
100060ce:	892f      	ldrh	r7, [r5, #8]
100060d0:	8969      	ldrh	r1, [r5, #10]
100060d2:	09d2      	lsrs	r2, r2, #7
100060d4:	88ab      	ldrh	r3, [r5, #4]
100060d6:	b2bf      	uxth	r7, r7
100060d8:	b289      	uxth	r1, r1
100060da:	d140      	bne.n	1000615e <tu_fifo_write_n+0xae>
100060dc:	428f      	cmp	r7, r1
100060de:	bf36      	itet	cc
100060e0:	ebc1 0143 	rsbcc	r1, r1, r3, lsl #1
100060e4:	1a79      	subcs	r1, r7, r1
100060e6:	19c9      	addcc	r1, r1, r7
100060e8:	b289      	uxth	r1, r1
100060ea:	4299      	cmp	r1, r3
100060ec:	d241      	bcs.n	10006172 <tu_fifo_write_n+0xc2>
100060ee:	1a59      	subs	r1, r3, r1
100060f0:	b289      	uxth	r1, r1
100060f2:	428e      	cmp	r6, r1
100060f4:	bf28      	it	cs
100060f6:	460e      	movcs	r6, r1
100060f8:	f8b5 a006 	ldrh.w	sl, [r5, #6]
100060fc:	eb07 0906 	add.w	r9, r7, r6
10006100:	eba6 0b03 	sub.w	fp, r6, r3
10006104:	f3ca 0a0e 	ubfx	sl, sl, #0, #15
10006108:	fa1f f989 	uxth.w	r9, r9
1000610c:	fa1f fb8b 	uxth.w	fp, fp
10006110:	429f      	cmp	r7, r3
10006112:	463c      	mov	r4, r7
10006114:	d303      	bcc.n	1000611e <tu_fifo_write_n+0x6e>
10006116:	1ae4      	subs	r4, r4, r3
10006118:	b2a4      	uxth	r4, r4
1000611a:	429c      	cmp	r4, r3
1000611c:	d2fb      	bcs.n	10006116 <tu_fifo_write_n+0x66>
1000611e:	1b1b      	subs	r3, r3, r4
10006120:	6828      	ldr	r0, [r5, #0]
10006122:	b29b      	uxth	r3, r3
10006124:	42b3      	cmp	r3, r6
10006126:	fb0a 0004 	mla	r0, sl, r4, r0
1000612a:	d34b      	bcc.n	100061c4 <tu_fifo_write_n+0x114>
1000612c:	4641      	mov	r1, r8
1000612e:	fb0a f206 	mul.w	r2, sl, r6
10006132:	f004 fd6b 	bl	1000ac0c <memcpy>
10006136:	88aa      	ldrh	r2, [r5, #4]
10006138:	454f      	cmp	r7, r9
1000613a:	ea4f 0342 	mov.w	r3, r2, lsl #1
1000613e:	d802      	bhi.n	10006146 <tu_fifo_write_n+0x96>
10006140:	ebb9 0f42 	cmp.w	r9, r2, lsl #1
10006144:	db03      	blt.n	1000614e <tu_fifo_write_n+0x9e>
10006146:	eba9 0303 	sub.w	r3, r9, r3
1000614a:	fa1f f983 	uxth.w	r9, r3
1000614e:	68e8      	ldr	r0, [r5, #12]
10006150:	f8a5 9008 	strh.w	r9, [r5, #8]
10006154:	b988      	cbnz	r0, 1000617a <tu_fifo_write_n+0xca>
10006156:	4630      	mov	r0, r6
10006158:	b003      	add	sp, #12
1000615a:	e8bd 8ff0 	ldmia.w	sp!, {r4, r5, r6, r7, r8, r9, sl, fp, pc}
1000615e:	f8b5 a006 	ldrh.w	sl, [r5, #6]
10006162:	429e      	cmp	r6, r3
10006164:	f3ca 0a0e 	ubfx	sl, sl, #0, #15
10006168:	d30d      	bcc.n	10006186 <tu_fifo_write_n+0xd6>
1000616a:	2b00      	cmp	r3, #0
1000616c:	d13f      	bne.n	100061ee <tu_fifo_write_n+0x13e>
1000616e:	461e      	mov	r6, r3
10006170:	e000      	b.n	10006174 <tu_fifo_write_n+0xc4>
10006172:	2600      	movs	r6, #0
10006174:	68e8      	ldr	r0, [r5, #12]
10006176:	2800      	cmp	r0, #0
10006178:	d0ed      	beq.n	10006156 <tu_fifo_write_n+0xa6>
1000617a:	f005 f879 	bl	1000b270 <__mutex_exit_veneer>
1000617e:	4630      	mov	r0, r6
10006180:	b003      	add	sp, #12
10006182:	e8bd 8ff0 	ldmia.w	sp!, {r4, r5, r6, r7, r8, r9, sl, fp, pc}
10006186:	428f      	cmp	r7, r1
10006188:	bf36      	itet	cc
1000618a:	ebc1 0243 	rsbcc	r2, r1, r3, lsl #1
1000618e:	1a7a      	subcs	r2, r7, r1
10006190:	19d2      	addcc	r2, r2, r7
10006192:	b292      	uxth	r2, r2
10006194:	0058      	lsls	r0, r3, #1
10006196:	4432      	add	r2, r6
10006198:	eba6 0b03 	sub.w	fp, r6, r3
1000619c:	4282      	cmp	r2, r0
1000619e:	fa1f fb8b 	uxth.w	fp, fp
100061a2:	db0a      	blt.n	100061ba <tu_fifo_write_n+0x10a>
100061a4:	eb01 0903 	add.w	r9, r1, r3
100061a8:	fa1f f989 	uxth.w	r9, r9
100061ac:	eba9 0706 	sub.w	r7, r9, r6
100061b0:	b2bf      	uxth	r7, r7
100061b2:	42b9      	cmp	r1, r7
100061b4:	d918      	bls.n	100061e8 <tu_fifo_write_n+0x138>
100061b6:	1a38      	subs	r0, r7, r0
100061b8:	b287      	uxth	r7, r0
100061ba:	eb06 0907 	add.w	r9, r6, r7
100061be:	fa1f f989 	uxth.w	r9, r9
100061c2:	e7a5      	b.n	10006110 <tu_fifo_write_n+0x60>
100061c4:	fb13 f30a 	smulbb	r3, r3, sl
100061c8:	445c      	add	r4, fp
100061ca:	fb14 f40a 	smulbb	r4, r4, sl
100061ce:	b29a      	uxth	r2, r3
100061d0:	4641      	mov	r1, r8
100061d2:	9201      	str	r2, [sp, #4]
100061d4:	f004 fd1a 	bl	1000ac0c <memcpy>
100061d8:	9a01      	ldr	r2, [sp, #4]
100061da:	6828      	ldr	r0, [r5, #0]
100061dc:	eb08 0102 	add.w	r1, r8, r2
100061e0:	b2a2      	uxth	r2, r4
100061e2:	f004 fd13 	bl	1000ac0c <memcpy>
100061e6:	e7a6      	b.n	10006136 <tu_fifo_write_n+0x86>
100061e8:	42b8      	cmp	r0, r7
100061ea:	dc91      	bgt.n	10006110 <tu_fifo_write_n+0x60>
100061ec:	e7e3      	b.n	100061b6 <tu_fifo_write_n+0x106>
100061ee:	1af6      	subs	r6, r6, r3
100061f0:	eb01 0903 	add.w	r9, r1, r3
100061f4:	fb0a 8806 	mla	r8, sl, r6, r8
100061f8:	460f      	mov	r7, r1
100061fa:	461e      	mov	r6, r3
100061fc:	f04f 0b00 	mov.w	fp, #0
10006200:	fa1f f989 	uxth.w	r9, r9
10006204:	e784      	b.n	10006110 <tu_fifo_write_n+0x60>
10006206:	bf00      	nop

10006208 <tu_fifo_clear>:
10006208:	b510      	push	{r4, lr}
1000620a:	4604      	mov	r4, r0
1000620c:	68c0      	ldr	r0, [r0, #12]
1000620e:	b118      	cbz	r0, 10006218 <tu_fifo_clear+0x10>
10006210:	f04f 31ff 	mov.w	r1, #4294967295	@ 0xffffffff
10006214:	f005 f810 	bl	1000b238 <__mutex_enter_timeout_ms_veneer>
10006218:	6920      	ldr	r0, [r4, #16]
1000621a:	b118      	cbz	r0, 10006224 <tu_fifo_clear+0x1c>
1000621c:	f04f 31ff 	mov.w	r1, #4294967295	@ 0xffffffff
10006220:	f005 f80a 	bl	1000b238 <__mutex_enter_timeout_ms_veneer>
10006224:	2300      	movs	r3, #0
10006226:	68e0      	ldr	r0, [r4, #12]
10006228:	8163      	strh	r3, [r4, #10]
1000622a:	8123      	strh	r3, [r4, #8]
1000622c:	b108      	cbz	r0, 10006232 <tu_fifo_clear+0x2a>
1000622e:	f005 f81f 	bl	1000b270 <__mutex_exit_veneer>
10006232:	6920      	ldr	r0, [r4, #16]
10006234:	b108      	cbz	r0, 1000623a <tu_fifo_clear+0x32>
10006236:	f005 f81b 	bl	1000b270 <__mutex_exit_veneer>
1000623a:	2001      	movs	r0, #1
1000623c:	bd10      	pop	{r4, pc}
1000623e:	bf00      	nop

10006240 <tu_fifo_set_overwritable>:
10006240:	b538      	push	{r3, r4, r5, lr}
10006242:	4604      	mov	r4, r0
10006244:	68c0      	ldr	r0, [r0, #12]
10006246:	460d      	mov	r5, r1
10006248:	b118      	cbz	r0, 10006252 <tu_fifo_set_overwritable+0x12>
1000624a:	f04f 31ff 	mov.w	r1, #4294967295	@ 0xffffffff
1000624e:	f004 fff3 	bl	1000b238 <__mutex_enter_timeout_ms_veneer>
10006252:	6920      	ldr	r0, [r4, #16]
10006254:	b118      	cbz	r0, 1000625e <tu_fifo_set_overwritable+0x1e>
10006256:	f04f 31ff 	mov.w	r1, #4294967295	@ 0xffffffff
1000625a:	f004 ffed 	bl	1000b238 <__mutex_enter_timeout_ms_veneer>
1000625e:	79e3      	ldrb	r3, [r4, #7]
10006260:	68e0      	ldr	r0, [r4, #12]
10006262:	f365 13c7 	bfi	r3, r5, #7, #1
10006266:	71e3      	strb	r3, [r4, #7]
10006268:	b108      	cbz	r0, 1000626e <tu_fifo_set_overwritable+0x2e>
1000626a:	f005 f801 	bl	1000b270 <__mutex_exit_veneer>
1000626e:	6920      	ldr	r0, [r4, #16]
10006270:	b108      	cbz	r0, 10006276 <tu_fifo_set_overwritable+0x36>
10006272:	f004 fffd 	bl	1000b270 <__mutex_exit_veneer>
10006276:	2001      	movs	r0, #1
10006278:	bd38      	pop	{r3, r4, r5, pc}
1000627a:	bf00      	nop

1000627c <pvPortMalloc>:
1000627c:	b5f8      	push	{r3, r4, r5, r6, r7, lr}
1000627e:	1e43      	subs	r3, r0, #1
10006280:	330a      	adds	r3, #10
10006282:	d811      	bhi.n	100062a8 <pvPortMalloc+0x2c>
10006284:	f010 0307 	ands.w	r3, r0, #7
10006288:	f100 0408 	add.w	r4, r0, #8
1000628c:	d067      	beq.n	1000635e <pvPortMalloc+0xe2>
1000628e:	f1a3 0209 	sub.w	r2, r3, #9
10006292:	42a2      	cmp	r2, r4
10006294:	d308      	bcc.n	100062a8 <pvPortMalloc+0x2c>
10006296:	3010      	adds	r0, #16
10006298:	1ac4      	subs	r4, r0, r3
1000629a:	f001 fbe5 	bl	10007a68 <vTaskSuspendAll>
1000629e:	4935      	ldr	r1, [pc, #212]	@ (10006374 <pvPortMalloc+0xf8>)
100062a0:	4622      	mov	r2, r4
100062a2:	680d      	ldr	r5, [r1, #0]
100062a4:	bb1d      	cbnz	r5, 100062ee <pvPortMalloc+0x72>
100062a6:	e00a      	b.n	100062be <pvPortMalloc+0x42>
100062a8:	f001 fbde 	bl	10007a68 <vTaskSuspendAll>
100062ac:	4931      	ldr	r1, [pc, #196]	@ (10006374 <pvPortMalloc+0xf8>)
100062ae:	680a      	ldr	r2, [r1, #0]
100062b0:	b122      	cbz	r2, 100062bc <pvPortMalloc+0x40>
100062b2:	2500      	movs	r5, #0
100062b4:	f001 fbe0 	bl	10007a78 <xTaskResumeAll>
100062b8:	4628      	mov	r0, r5
100062ba:	bdf8      	pop	{r3, r4, r5, r6, r7, pc}
100062bc:	4614      	mov	r4, r2
100062be:	4b2e      	ldr	r3, [pc, #184]	@ (10006378 <pvPortMalloc+0xfc>)
100062c0:	4d2e      	ldr	r5, [pc, #184]	@ (1000637c <pvPortMalloc+0x100>)
100062c2:	0758      	lsls	r0, r3, #29
100062c4:	bf1c      	itt	ne
100062c6:	3307      	addne	r3, #7
100062c8:	f023 0307 	bicne.w	r3, r3, #7
100062cc:	461e      	mov	r6, r3
100062ce:	2000      	movs	r0, #0
100062d0:	f025 0507 	bic.w	r5, r5, #7
100062d4:	600d      	str	r5, [r1, #0]
100062d6:	492a      	ldr	r1, [pc, #168]	@ (10006380 <pvPortMalloc+0x104>)
100062d8:	1aeb      	subs	r3, r5, r3
100062da:	e9c1 6000 	strd	r6, r0, [r1]
100062de:	4929      	ldr	r1, [pc, #164]	@ (10006384 <pvPortMalloc+0x108>)
100062e0:	e9c5 0000 	strd	r0, r0, [r5]
100062e4:	600b      	str	r3, [r1, #0]
100062e6:	e9c6 5300 	strd	r5, r3, [r6]
100062ea:	4927      	ldr	r1, [pc, #156]	@ (10006388 <pvPortMalloc+0x10c>)
100062ec:	600b      	str	r3, [r1, #0]
100062ee:	2a00      	cmp	r2, #0
100062f0:	dddf      	ble.n	100062b2 <pvPortMalloc+0x36>
100062f2:	4f25      	ldr	r7, [pc, #148]	@ (10006388 <pvPortMalloc+0x10c>)
100062f4:	683e      	ldr	r6, [r7, #0]
100062f6:	42a6      	cmp	r6, r4
100062f8:	d3db      	bcc.n	100062b2 <pvPortMalloc+0x36>
100062fa:	4b21      	ldr	r3, [pc, #132]	@ (10006380 <pvPortMalloc+0x104>)
100062fc:	4618      	mov	r0, r3
100062fe:	681b      	ldr	r3, [r3, #0]
10006300:	e003      	b.n	1000630a <pvPortMalloc+0x8e>
10006302:	681a      	ldr	r2, [r3, #0]
10006304:	b122      	cbz	r2, 10006310 <pvPortMalloc+0x94>
10006306:	4618      	mov	r0, r3
10006308:	4613      	mov	r3, r2
1000630a:	6859      	ldr	r1, [r3, #4]
1000630c:	42a1      	cmp	r1, r4
1000630e:	d3f8      	bcc.n	10006302 <pvPortMalloc+0x86>
10006310:	42ab      	cmp	r3, r5
10006312:	d0ce      	beq.n	100062b2 <pvPortMalloc+0x36>
10006314:	461d      	mov	r5, r3
10006316:	eba1 0c04 	sub.w	ip, r1, r4
1000631a:	f855 2b08 	ldr.w	r2, [r5], #8
1000631e:	f1bc 0f10 	cmp.w	ip, #16
10006322:	6002      	str	r2, [r0, #0]
10006324:	d907      	bls.n	10006336 <pvPortMalloc+0xba>
10006326:	4621      	mov	r1, r4
10006328:	eb03 0e04 	add.w	lr, r3, r4
1000632c:	f8ce c004 	str.w	ip, [lr, #4]
10006330:	511a      	str	r2, [r3, r4]
10006332:	f8c0 e000 	str.w	lr, [r0]
10006336:	2400      	movs	r4, #0
10006338:	4a12      	ldr	r2, [pc, #72]	@ (10006384 <pvPortMalloc+0x108>)
1000633a:	1a76      	subs	r6, r6, r1
1000633c:	6810      	ldr	r0, [r2, #0]
1000633e:	f041 4100 	orr.w	r1, r1, #2147483648	@ 0x80000000
10006342:	4286      	cmp	r6, r0
10006344:	4811      	ldr	r0, [pc, #68]	@ (1000638c <pvPortMalloc+0x110>)
10006346:	bf38      	it	cc
10006348:	6016      	strcc	r6, [r2, #0]
1000634a:	6802      	ldr	r2, [r0, #0]
1000634c:	6059      	str	r1, [r3, #4]
1000634e:	3201      	adds	r2, #1
10006350:	601c      	str	r4, [r3, #0]
10006352:	603e      	str	r6, [r7, #0]
10006354:	6002      	str	r2, [r0, #0]
10006356:	f001 fb8f 	bl	10007a78 <xTaskResumeAll>
1000635a:	4628      	mov	r0, r5
1000635c:	bdf8      	pop	{r3, r4, r5, r6, r7, pc}
1000635e:	f001 fb83 	bl	10007a68 <vTaskSuspendAll>
10006362:	4904      	ldr	r1, [pc, #16]	@ (10006374 <pvPortMalloc+0xf8>)
10006364:	4622      	mov	r2, r4
10006366:	680d      	ldr	r5, [r1, #0]
10006368:	2d00      	cmp	r5, #0
1000636a:	d0a8      	beq.n	100062be <pvPortMalloc+0x42>
1000636c:	2c00      	cmp	r4, #0
1000636e:	dac0      	bge.n	100062f2 <pvPortMalloc+0x76>
10006370:	e79f      	b.n	100062b2 <pvPortMalloc+0x36>
10006372:	bf00      	nop
10006374:	20003938 	.word	0x20003938
10006378:	20003be0 	.word	0x20003be0
1000637c:	20023bd8 	.word	0x20023bd8
10006380:	20023cac 	.word	0x20023cac
10006384:	20023c7c 	.word	0x20023c7c
10006388:	20023c6c 	.word	0x20023c6c
1000638c:	20023c88 	.word	0x20023c88

10006390 <vPortFree>:
10006390:	b390      	cbz	r0, 100063f8 <vPortFree+0x68>
10006392:	b538      	push	{r3, r4, r5, lr}
10006394:	f850 3c04 	ldr.w	r3, [r0, #-4]
10006398:	4604      	mov	r4, r0
1000639a:	2b00      	cmp	r3, #0
1000639c:	db00      	blt.n	100063a0 <vPortFree+0x10>
1000639e:	bd38      	pop	{r3, r4, r5, pc}
100063a0:	f850 2c08 	ldr.w	r2, [r0, #-8]
100063a4:	2a00      	cmp	r2, #0
100063a6:	d1fa      	bne.n	1000639e <vPortFree+0xe>
100063a8:	f023 4300 	bic.w	r3, r3, #2147483648	@ 0x80000000
100063ac:	f840 3c04 	str.w	r3, [r0, #-4]
100063b0:	f1a0 0508 	sub.w	r5, r0, #8
100063b4:	f001 fb58 	bl	10007a68 <vTaskSuspendAll>
100063b8:	481a      	ldr	r0, [pc, #104]	@ (10006424 <vPortFree+0x94>)
100063ba:	f854 1c04 	ldr.w	r1, [r4, #-4]
100063be:	6802      	ldr	r2, [r0, #0]
100063c0:	4b19      	ldr	r3, [pc, #100]	@ (10006428 <vPortFree+0x98>)
100063c2:	440a      	add	r2, r1
100063c4:	6002      	str	r2, [r0, #0]
100063c6:	461a      	mov	r2, r3
100063c8:	681b      	ldr	r3, [r3, #0]
100063ca:	429d      	cmp	r5, r3
100063cc:	d8fb      	bhi.n	100063c6 <vPortFree+0x36>
100063ce:	6850      	ldr	r0, [r2, #4]
100063d0:	eb02 0c00 	add.w	ip, r2, r0
100063d4:	4565      	cmp	r5, ip
100063d6:	d010      	beq.n	100063fa <vPortFree+0x6a>
100063d8:	1868      	adds	r0, r5, r1
100063da:	4283      	cmp	r3, r0
100063dc:	d01d      	beq.n	1000641a <vPortFree+0x8a>
100063de:	f844 3c08 	str.w	r3, [r4, #-8]
100063e2:	42aa      	cmp	r2, r5
100063e4:	bf18      	it	ne
100063e6:	6015      	strne	r5, [r2, #0]
100063e8:	4a10      	ldr	r2, [pc, #64]	@ (1000642c <vPortFree+0x9c>)
100063ea:	6813      	ldr	r3, [r2, #0]
100063ec:	3301      	adds	r3, #1
100063ee:	6013      	str	r3, [r2, #0]
100063f0:	e8bd 4038 	ldmia.w	sp!, {r3, r4, r5, lr}
100063f4:	f001 bb40 	b.w	10007a78 <xTaskResumeAll>
100063f8:	4770      	bx	lr
100063fa:	4401      	add	r1, r0
100063fc:	1850      	adds	r0, r2, r1
100063fe:	4283      	cmp	r3, r0
10006400:	6051      	str	r1, [r2, #4]
10006402:	d1f1      	bne.n	100063e8 <vPortFree+0x58>
10006404:	480a      	ldr	r0, [pc, #40]	@ (10006430 <vPortFree+0xa0>)
10006406:	6800      	ldr	r0, [r0, #0]
10006408:	4283      	cmp	r3, r0
1000640a:	d0ed      	beq.n	100063e8 <vPortFree+0x58>
1000640c:	4615      	mov	r5, r2
1000640e:	e9d3 4000 	ldrd	r4, r0, [r3]
10006412:	4401      	add	r1, r0
10006414:	e9c5 4100 	strd	r4, r1, [r5]
10006418:	e7e3      	b.n	100063e2 <vPortFree+0x52>
1000641a:	4805      	ldr	r0, [pc, #20]	@ (10006430 <vPortFree+0xa0>)
1000641c:	6800      	ldr	r0, [r0, #0]
1000641e:	4283      	cmp	r3, r0
10006420:	d1f5      	bne.n	1000640e <vPortFree+0x7e>
10006422:	e7dc      	b.n	100063de <vPortFree+0x4e>
10006424:	20023c6c 	.word	0x20023c6c
10006428:	20023cac 	.word	0x20023cac
1000642c:	20023c8c 	.word	0x20023c8c
10006430:	20003938 	.word	0x20003938

10006434 <vPortGetHeapStats>:
10006434:	b5f8      	push	{r3, r4, r5, r6, r7, lr}
10006436:	4607      	mov	r7, r0
10006438:	f001 fb16 	bl	10007a68 <vTaskSuspendAll>
1000643c:	4b19      	ldr	r3, [pc, #100]	@ (100064a4 <vPortGetHeapStats+0x70>)
1000643e:	681b      	ldr	r3, [r3, #0]
10006440:	b353      	cbz	r3, 10006498 <vPortGetHeapStats+0x64>
10006442:	2400      	movs	r4, #0
10006444:	4a18      	ldr	r2, [pc, #96]	@ (100064a8 <vPortGetHeapStats+0x74>)
10006446:	f04f 36ff 	mov.w	r6, #4294967295	@ 0xffffffff
1000644a:	6811      	ldr	r1, [r2, #0]
1000644c:	4625      	mov	r5, r4
1000644e:	428b      	cmp	r3, r1
10006450:	d00b      	beq.n	1000646a <vPortGetHeapStats+0x36>
10006452:	e9d3 3200 	ldrd	r3, r2, [r3]
10006456:	4294      	cmp	r4, r2
10006458:	bf38      	it	cc
1000645a:	4614      	movcc	r4, r2
1000645c:	4296      	cmp	r6, r2
1000645e:	bf28      	it	cs
10006460:	4616      	movcs	r6, r2
10006462:	428b      	cmp	r3, r1
10006464:	f105 0501 	add.w	r5, r5, #1
10006468:	d1f3      	bne.n	10006452 <vPortGetHeapStats+0x1e>
1000646a:	f001 fb05 	bl	10007a78 <xTaskResumeAll>
1000646e:	e9c7 4601 	strd	r4, r6, [r7, #4]
10006472:	60fd      	str	r5, [r7, #12]
10006474:	f000 f93a 	bl	100066ec <vPortEnterCritical>
10006478:	480c      	ldr	r0, [pc, #48]	@ (100064ac <vPortGetHeapStats+0x78>)
1000647a:	490d      	ldr	r1, [pc, #52]	@ (100064b0 <vPortGetHeapStats+0x7c>)
1000647c:	4a0d      	ldr	r2, [pc, #52]	@ (100064b4 <vPortGetHeapStats+0x80>)
1000647e:	4b0e      	ldr	r3, [pc, #56]	@ (100064b8 <vPortGetHeapStats+0x84>)
10006480:	6800      	ldr	r0, [r0, #0]
10006482:	681b      	ldr	r3, [r3, #0]
10006484:	6809      	ldr	r1, [r1, #0]
10006486:	6812      	ldr	r2, [r2, #0]
10006488:	6038      	str	r0, [r7, #0]
1000648a:	e9c7 1205 	strd	r1, r2, [r7, #20]
1000648e:	613b      	str	r3, [r7, #16]
10006490:	e8bd 40f8 	ldmia.w	sp!, {r3, r4, r5, r6, r7, lr}
10006494:	f000 b938 	b.w	10006708 <vPortExitCritical>
10006498:	461c      	mov	r4, r3
1000649a:	f04f 36ff 	mov.w	r6, #4294967295	@ 0xffffffff
1000649e:	461d      	mov	r5, r3
100064a0:	e7e3      	b.n	1000646a <vPortGetHeapStats+0x36>
100064a2:	bf00      	nop
100064a4:	20023cac 	.word	0x20023cac
100064a8:	20003938 	.word	0x20003938
100064ac:	20023c6c 	.word	0x20023c6c
100064b0:	20023c88 	.word	0x20023c88
100064b4:	20023c8c 	.word	0x20023c8c
100064b8:	20023c7c 	.word	0x20023c7c

100064bc <prvTaskExitError>:
100064bc:	2300      	movs	r3, #0
100064be:	b500      	push	{lr}
100064c0:	b083      	sub	sp, #12
100064c2:	9301      	str	r3, [sp, #4]
100064c4:	f000 fb82 	bl	10006bcc <ulSetInterruptMask>
100064c8:	9b01      	ldr	r3, [sp, #4]
100064ca:	2b00      	cmp	r3, #0
100064cc:	d0fc      	beq.n	100064c8 <prvTaskExitError+0xc>
100064ce:	b003      	add	sp, #12
100064d0:	f85d fb04 	ldr.w	pc, [sp], #4

100064d4 <SysTick_Handler>:
100064d4:	b510      	push	{r4, lr}
100064d6:	f000 fb79 	bl	10006bcc <ulSetInterruptMask>
100064da:	4604      	mov	r4, r0
100064dc:	f001 fc7c 	bl	10007dd8 <xTaskIncrementTick>
100064e0:	b128      	cbz	r0, 100064ee <SysTick_Handler+0x1a>
100064e2:	f04f 23e0 	mov.w	r3, #3758153728	@ 0xe000e000
100064e6:	f04f 5280 	mov.w	r2, #268435456	@ 0x10000000
100064ea:	f8c3 2d04 	str.w	r2, [r3, #3332]	@ 0xd04
100064ee:	4620      	mov	r0, r4
100064f0:	e8bd 4010 	ldmia.w	sp!, {r4, lr}
100064f4:	f000 bb76 	b.w	10006be4 <vClearInterruptMask>

100064f8 <prvDoorbellInterruptHandler>:
100064f8:	4b1f      	ldr	r3, [pc, #124]	@ (10006578 <prvDoorbellInterruptHandler+0x80>)
100064fa:	f993 3000 	ldrsb.w	r3, [r3]
100064fe:	2b00      	cmp	r3, #0
10006500:	db08      	blt.n	10006514 <prvDoorbellInterruptHandler+0x1c>
10006502:	f04f 4150 	mov.w	r1, #3489660928	@ 0xd0000000
10006506:	2201      	movs	r2, #1
10006508:	f8d1 0188 	ldr.w	r0, [r1, #392]	@ 0x188
1000650c:	fa02 f303 	lsl.w	r3, r2, r3
10006510:	4218      	tst	r0, r3
10006512:	d100      	bne.n	10006516 <prvDoorbellInterruptHandler+0x1e>
10006514:	4770      	bx	lr
10006516:	2200      	movs	r2, #0
10006518:	b500      	push	{lr}
1000651a:	4818      	ldr	r0, [pc, #96]	@ (1000657c <prvDoorbellInterruptHandler+0x84>)
1000651c:	b083      	sub	sp, #12
1000651e:	f8c1 318c 	str.w	r3, [r1, #396]	@ 0x18c
10006522:	6803      	ldr	r3, [r0, #0]
10006524:	9201      	str	r2, [sp, #4]
10006526:	f3ef 8c10 	mrs	ip, PRIMASK
1000652a:	b672      	cpsid	i
1000652c:	e8d3 efcf 	ldaexb	lr, [r3]
10006530:	2101      	movs	r1, #1
10006532:	f1be 0f00 	cmp.w	lr, #0
10006536:	d1f9      	bne.n	1000652c <prvDoorbellInterruptHandler+0x34>
10006538:	e8c3 1f4e 	strexb	lr, r1, [r3]
1000653c:	f1be 0f00 	cmp.w	lr, #0
10006540:	d1f4      	bne.n	1000652c <prvDoorbellInterruptHandler+0x34>
10006542:	f3bf 8f5f 	dmb	sy
10006546:	4b0e      	ldr	r3, [pc, #56]	@ (10006580 <prvDoorbellInterruptHandler+0x88>)
10006548:	6800      	ldr	r0, [r0, #0]
1000654a:	6819      	ldr	r1, [r3, #0]
1000654c:	601a      	str	r2, [r3, #0]
1000654e:	e8c0 2f8f 	stlb	r2, [r0]
10006552:	f38c 8810 	msr	PRIMASK, ip
10006556:	4b0b      	ldr	r3, [pc, #44]	@ (10006584 <prvDoorbellInterruptHandler+0x8c>)
10006558:	aa01      	add	r2, sp, #4
1000655a:	6818      	ldr	r0, [r3, #0]
1000655c:	f000 fc64 	bl	10006e28 <xEventGroupSetBitsFromISR>
10006560:	9b01      	ldr	r3, [sp, #4]
10006562:	b12b      	cbz	r3, 10006570 <prvDoorbellInterruptHandler+0x78>
10006564:	f04f 23e0 	mov.w	r3, #3758153728	@ 0xe000e000
10006568:	f04f 5280 	mov.w	r2, #268435456	@ 0x10000000
1000656c:	f8c3 2d04 	str.w	r2, [r3, #3332]	@ 0xd04
10006570:	b003      	add	sp, #12
10006572:	f85d fb04 	ldr.w	pc, [sp], #4
10006576:	bf00      	nop
10006578:	200022d9 	.word	0x200022d9
1000657c:	20003928 	.word	0x20003928
10006580:	20023c00 	.word	0x20023c00
10006584:	20023c68 	.word	0x20023c68

10006588 <vPortSuppressTicksAndSleep>:
10006588:	b5f8      	push	{r3, r4, r5, r6, r7, lr}
1000658a:	4b3c      	ldr	r3, [pc, #240]	@ (1000667c <vPortSuppressTicksAndSleep+0xf4>)
1000658c:	4604      	mov	r4, r0
1000658e:	681e      	ldr	r6, [r3, #0]
10006590:	b672      	cpsid	i
10006592:	f3bf 8f4f 	dsb	sy
10006596:	f3bf 8f6f 	isb	sy
1000659a:	f001 ff0d 	bl	100083b8 <eTaskConfirmSleepModeStatus>
1000659e:	2800      	cmp	r0, #0
100065a0:	d064      	beq.n	1000666c <vPortSuppressTicksAndSleep+0xe4>
100065a2:	f04f 23e0 	mov.w	r3, #3758153728	@ 0xe000e000
100065a6:	2206      	movs	r2, #6
100065a8:	611a      	str	r2, [r3, #16]
100065aa:	699a      	ldr	r2, [r3, #24]
100065ac:	4d34      	ldr	r5, [pc, #208]	@ (10006680 <vPortSuppressTicksAndSleep+0xf8>)
100065ae:	2a00      	cmp	r2, #0
100065b0:	d05e      	beq.n	10006670 <vPortSuppressTicksAndSleep+0xe8>
100065b2:	682f      	ldr	r7, [r5, #0]
100065b4:	f04f 21e0 	mov.w	r1, #3758153728	@ 0xe000e000
100065b8:	42a6      	cmp	r6, r4
100065ba:	4633      	mov	r3, r6
100065bc:	bf28      	it	cs
100065be:	4623      	movcs	r3, r4
100065c0:	f8d1 4d04 	ldr.w	r4, [r1, #3332]	@ 0xd04
100065c4:	1e58      	subs	r0, r3, #1
100065c6:	0166      	lsls	r6, r4, #5
100065c8:	fb07 2200 	mla	r2, r7, r0, r2
100065cc:	d505      	bpl.n	100065da <vPortSuppressTicksAndSleep+0x52>
100065ce:	f04f 7400 	mov.w	r4, #33554432	@ 0x2000000
100065d2:	f8c1 4d04 	str.w	r4, [r1, #3332]	@ 0xd04
100065d6:	6829      	ldr	r1, [r5, #0]
100065d8:	1a52      	subs	r2, r2, r1
100065da:	4e2a      	ldr	r6, [pc, #168]	@ (10006684 <vPortSuppressTicksAndSleep+0xfc>)
100065dc:	2400      	movs	r4, #0
100065de:	6831      	ldr	r1, [r6, #0]
100065e0:	4291      	cmp	r1, r2
100065e2:	bf38      	it	cc
100065e4:	1a52      	subcc	r2, r2, r1
100065e6:	f04f 21e0 	mov.w	r1, #3758153728	@ 0xe000e000
100065ea:	614a      	str	r2, [r1, #20]
100065ec:	618c      	str	r4, [r1, #24]
100065ee:	690c      	ldr	r4, [r1, #16]
100065f0:	f044 0401 	orr.w	r4, r4, #1
100065f4:	610c      	str	r4, [r1, #16]
100065f6:	b123      	cbz	r3, 10006602 <vPortSuppressTicksAndSleep+0x7a>
100065f8:	f3bf 8f4f 	dsb	sy
100065fc:	bf30      	wfi
100065fe:	f3bf 8f6f 	isb	sy
10006602:	b662      	cpsie	i
10006604:	f3bf 8f4f 	dsb	sy
10006608:	f3bf 8f6f 	isb	sy
1000660c:	b672      	cpsid	i
1000660e:	f3bf 8f4f 	dsb	sy
10006612:	f3bf 8f6f 	isb	sy
10006616:	f04f 21e0 	mov.w	r1, #3758153728	@ 0xe000e000
1000661a:	2406      	movs	r4, #6
1000661c:	610c      	str	r4, [r1, #16]
1000661e:	690c      	ldr	r4, [r1, #16]
10006620:	03e4      	lsls	r4, r4, #15
10006622:	d50c      	bpl.n	1000663e <vPortSuppressTicksAndSleep+0xb6>
10006624:	698b      	ldr	r3, [r1, #24]
10006626:	6829      	ldr	r1, [r5, #0]
10006628:	6834      	ldr	r4, [r6, #0]
1000662a:	440b      	add	r3, r1
1000662c:	3b01      	subs	r3, #1
1000662e:	1a9b      	subs	r3, r3, r2
10006630:	429c      	cmp	r4, r3
10006632:	d320      	bcc.n	10006676 <vPortSuppressTicksAndSleep+0xee>
10006634:	1e4b      	subs	r3, r1, #1
10006636:	f04f 22e0 	mov.w	r2, #3758153728	@ 0xe000e000
1000663a:	6153      	str	r3, [r2, #20]
1000663c:	e00b      	b.n	10006656 <vPortSuppressTicksAndSleep+0xce>
1000663e:	682a      	ldr	r2, [r5, #0]
10006640:	698c      	ldr	r4, [r1, #24]
10006642:	fb02 f303 	mul.w	r3, r2, r3
10006646:	1b18      	subs	r0, r3, r4
10006648:	fbb0 f0f2 	udiv	r0, r0, r2
1000664c:	fb00 2202 	mla	r2, r0, r2, r2
10006650:	1ae4      	subs	r4, r4, r3
10006652:	4422      	add	r2, r4
10006654:	614a      	str	r2, [r1, #20]
10006656:	f04f 23e0 	mov.w	r3, #3758153728	@ 0xe000e000
1000665a:	2207      	movs	r2, #7
1000665c:	2100      	movs	r1, #0
1000665e:	6199      	str	r1, [r3, #24]
10006660:	611a      	str	r2, [r3, #16]
10006662:	682a      	ldr	r2, [r5, #0]
10006664:	3a01      	subs	r2, #1
10006666:	615a      	str	r2, [r3, #20]
10006668:	f001 fb96 	bl	10007d98 <vTaskStepTick>
1000666c:	b662      	cpsie	i
1000666e:	bdf8      	pop	{r3, r4, r5, r6, r7, pc}
10006670:	682a      	ldr	r2, [r5, #0]
10006672:	4617      	mov	r7, r2
10006674:	e79e      	b.n	100065b4 <vPortSuppressTicksAndSleep+0x2c>
10006676:	4299      	cmp	r1, r3
10006678:	d2dd      	bcs.n	10006636 <vPortSuppressTicksAndSleep+0xae>
1000667a:	e7db      	b.n	10006634 <vPortSuppressTicksAndSleep+0xac>
1000667c:	20023c78 	.word	0x20023c78
10006680:	20023be8 	.word	0x20023be8
10006684:	20023be4 	.word	0x20023be4

10006688 <vPortSetupTimerInterrupt>:
10006688:	b570      	push	{r4, r5, r6, lr}
1000668a:	256f      	movs	r5, #111	@ 0x6f
1000668c:	f04f 24e0 	mov.w	r4, #3758153728	@ 0xe000e000
10006690:	2204      	movs	r2, #4
10006692:	2300      	movs	r3, #0
10006694:	205e      	movs	r0, #94	@ 0x5e
10006696:	490a      	ldr	r1, [pc, #40]	@ (100066c0 <vPortSetupTimerInterrupt+0x38>)
10006698:	4e0a      	ldr	r6, [pc, #40]	@ (100066c4 <vPortSetupTimerInterrupt+0x3c>)
1000669a:	600e      	str	r6, [r1, #0]
1000669c:	490a      	ldr	r1, [pc, #40]	@ (100066c8 <vPortSetupTimerInterrupt+0x40>)
1000669e:	600d      	str	r5, [r1, #0]
100066a0:	490a      	ldr	r1, [pc, #40]	@ (100066cc <vPortSetupTimerInterrupt+0x44>)
100066a2:	6008      	str	r0, [r1, #0]
100066a4:	6122      	str	r2, [r4, #16]
100066a6:	2005      	movs	r0, #5
100066a8:	61a3      	str	r3, [r4, #24]
100066aa:	f7fb f90f 	bl	100018cc <clock_get_hz>
100066ae:	2107      	movs	r1, #7
100066b0:	4b07      	ldr	r3, [pc, #28]	@ (100066d0 <vPortSetupTimerInterrupt+0x48>)
100066b2:	fba3 2300 	umull	r2, r3, r3, r0
100066b6:	099b      	lsrs	r3, r3, #6
100066b8:	3b01      	subs	r3, #1
100066ba:	6163      	str	r3, [r4, #20]
100066bc:	6121      	str	r1, [r4, #16]
100066be:	bd70      	pop	{r4, r5, r6, pc}
100066c0:	20023be8 	.word	0x20023be8
100066c4:	000249f0 	.word	0x000249f0
100066c8:	20023c78 	.word	0x20023c78
100066cc:	20023be4 	.word	0x20023be4
100066d0:	10624dd3 	.word	0x10624dd3

100066d4 <vPortYield>:
100066d4:	f04f 23e0 	mov.w	r3, #3758153728	@ 0xe000e000
100066d8:	f04f 5280 	mov.w	r2, #268435456	@ 0x10000000
100066dc:	f8c3 2d04 	str.w	r2, [r3, #3332]	@ 0xd04
100066e0:	f3bf 8f4f 	dsb	sy
100066e4:	f3bf 8f6f 	isb	sy
100066e8:	4770      	bx	lr
100066ea:	bf00      	nop

100066ec <vPortEnterCritical>:
100066ec:	b508      	push	{r3, lr}
100066ee:	f000 fa6d 	bl	10006bcc <ulSetInterruptMask>
100066f2:	4a04      	ldr	r2, [pc, #16]	@ (10006704 <vPortEnterCritical+0x18>)
100066f4:	6813      	ldr	r3, [r2, #0]
100066f6:	3301      	adds	r3, #1
100066f8:	6013      	str	r3, [r2, #0]
100066fa:	f3bf 8f4f 	dsb	sy
100066fe:	f3bf 8f6f 	isb	sy
10006702:	bd08      	pop	{r3, pc}
10006704:	200022dc 	.word	0x200022dc

10006708 <vPortExitCritical>:
10006708:	4b04      	ldr	r3, [pc, #16]	@ (1000671c <vPortExitCritical+0x14>)
1000670a:	681a      	ldr	r2, [r3, #0]
1000670c:	3a01      	subs	r2, #1
1000670e:	601a      	str	r2, [r3, #0]
10006710:	6818      	ldr	r0, [r3, #0]
10006712:	b100      	cbz	r0, 10006716 <vPortExitCritical+0xe>
10006714:	4770      	bx	lr
10006716:	f000 ba65 	b.w	10006be4 <vClearInterruptMask>
1000671a:	bf00      	nop
1000671c:	200022dc 	.word	0x200022dc

10006720 <vPortSVCHandler_C>:
10006720:	6983      	ldr	r3, [r0, #24]
10006722:	f813 3c02 	ldrb.w	r3, [r3, #-2]
10006726:	2b66      	cmp	r3, #102	@ 0x66
10006728:	d000      	beq.n	1000672c <vPortSVCHandler_C+0xc>
1000672a:	4770      	bx	lr
1000672c:	f04f 23e0 	mov.w	r3, #3758153728	@ 0xe000e000
10006730:	f8d3 2d88 	ldr.w	r2, [r3, #3464]	@ 0xd88
10006734:	f442 0270 	orr.w	r2, r2, #15728640	@ 0xf00000
10006738:	f8c3 2d88 	str.w	r2, [r3, #3464]	@ 0xd88
1000673c:	f8d3 2f34 	ldr.w	r2, [r3, #3892]	@ 0xf34
10006740:	f042 4240 	orr.w	r2, r2, #3221225472	@ 0xc0000000
10006744:	f8c3 2f34 	str.w	r2, [r3, #3892]	@ 0xf34
10006748:	f000 ba22 	b.w	10006b90 <vRestoreContextOfFirstTask>

1000674c <pxPortInitialiseStack>:
1000674c:	e92d 4ff0 	stmdb	sp!, {r4, r5, r6, r7, r8, r9, sl, fp, lr}
10006750:	f04f 3e11 	mov.w	lr, #286331153	@ 0x11111111
10006754:	f04f 7480 	mov.w	r4, #16777216	@ 0x1000000
10006758:	e940 e309 	strd	lr, r3, [r0, #-36]	@ 0x24
1000675c:	f04f 3307 	mov.w	r3, #117901063	@ 0x7070707
10006760:	f840 4c04 	str.w	r4, [r0, #-4]
10006764:	4c16      	ldr	r4, [pc, #88]	@ (100067c0 <pxPortInitialiseStack+0x74>)
10006766:	f840 3c34 	str.w	r3, [r0, #-52]
1000676a:	e940 4203 	strd	r4, r2, [r0, #-12]
1000676e:	f04f 3305 	mov.w	r3, #84215045	@ 0x5050505
10006772:	f04f 3206 	mov.w	r2, #101058054	@ 0x6060606
10006776:	f04f 3b12 	mov.w	fp, #303174162	@ 0x12121212
1000677a:	e940 320f 	strd	r3, r2, [r0, #-60]	@ 0x3c
1000677e:	f04f 3a03 	mov.w	sl, #50529027	@ 0x3030303
10006782:	f04f 3902 	mov.w	r9, #33686018	@ 0x2020202
10006786:	f04f 3801 	mov.w	r8, #16843009	@ 0x1010101
1000678a:	f04f 3710 	mov.w	r7, #269488144	@ 0x10101010
1000678e:	f04f 3609 	mov.w	r6, #151587081	@ 0x9090909
10006792:	f04f 3508 	mov.w	r5, #134744072	@ 0x8080808
10006796:	f04f 3404 	mov.w	r4, #67372036	@ 0x4040404
1000679a:	f06f 0302 	mvn.w	r3, #2
1000679e:	e940 ab05 	strd	sl, fp, [r0, #-20]
100067a2:	e940 8907 	strd	r8, r9, [r0, #-28]
100067a6:	e940 670b 	strd	r6, r7, [r0, #-44]	@ 0x2c
100067aa:	f840 5c30 	str.w	r5, [r0, #-48]
100067ae:	f840 4c40 	str.w	r4, [r0, #-64]
100067b2:	f840 3c44 	str.w	r3, [r0, #-68]
100067b6:	f840 1d48 	str.w	r1, [r0, #-72]!
100067ba:	e8bd 8ff0 	ldmia.w	sp!, {r4, r5, r6, r7, r8, r9, sl, fp, pc}
100067be:	bf00      	nop
100067c0:	100064bd 	.word	0x100064bd

100067c4 <xPortStartScheduler>:
100067c4:	f04f 23e0 	mov.w	r3, #3758153728	@ 0xe000e000
100067c8:	f04f 427f 	mov.w	r2, #4278190080	@ 0xff000000
100067cc:	2100      	movs	r1, #0
100067ce:	b570      	push	{r4, r5, r6, lr}
100067d0:	b084      	sub	sp, #16
100067d2:	9102      	str	r1, [sp, #8]
100067d4:	f8c3 2d1c 	str.w	r2, [r3, #3356]	@ 0xd1c
100067d8:	f8d3 3d1c 	ldr.w	r3, [r3, #3356]	@ 0xd1c
100067dc:	0e1b      	lsrs	r3, r3, #24
100067de:	f88d 3007 	strb.w	r3, [sp, #7]
100067e2:	f89d 3007 	ldrb.w	r3, [sp, #7]
100067e6:	f89d 3007 	ldrb.w	r3, [sp, #7]
100067ea:	061a      	lsls	r2, r3, #24
100067ec:	d50c      	bpl.n	10006808 <xPortStartScheduler+0x44>
100067ee:	9b02      	ldr	r3, [sp, #8]
100067f0:	3301      	adds	r3, #1
100067f2:	9302      	str	r3, [sp, #8]
100067f4:	f89d 3007 	ldrb.w	r3, [sp, #7]
100067f8:	005b      	lsls	r3, r3, #1
100067fa:	b2db      	uxtb	r3, r3
100067fc:	f88d 3007 	strb.w	r3, [sp, #7]
10006800:	f89d 3007 	ldrb.w	r3, [sp, #7]
10006804:	061b      	lsls	r3, r3, #24
10006806:	d4f2      	bmi.n	100067ee <xPortStartScheduler+0x2a>
10006808:	9b02      	ldr	r3, [sp, #8]
1000680a:	2b08      	cmp	r3, #8
1000680c:	d055      	beq.n	100068ba <xPortStartScheduler+0xf6>
1000680e:	9a02      	ldr	r2, [sp, #8]
10006810:	f1c2 0207 	rsb	r2, r2, #7
10006814:	0212      	lsls	r2, r2, #8
10006816:	f402 62e0 	and.w	r2, r2, #1792	@ 0x700
1000681a:	f04f 23e0 	mov.w	r3, #3758153728	@ 0xe000e000
1000681e:	2400      	movs	r4, #0
10006820:	f04f 4550 	mov.w	r5, #3489660928	@ 0xd0000000
10006824:	4926      	ldr	r1, [pc, #152]	@ (100068c0 <xPortStartScheduler+0xfc>)
10006826:	200e      	movs	r0, #14
10006828:	600a      	str	r2, [r1, #0]
1000682a:	f8d3 2d20 	ldr.w	r2, [r3, #3360]	@ 0xd20
1000682e:	4925      	ldr	r1, [pc, #148]	@ (100068c4 <xPortStartScheduler+0x100>)
10006830:	f442 027f 	orr.w	r2, r2, #16711680	@ 0xff0000
10006834:	f8c3 2d20 	str.w	r2, [r3, #3360]	@ 0xd20
10006838:	f8d3 2d20 	ldr.w	r2, [r3, #3360]	@ 0xd20
1000683c:	2601      	movs	r6, #1
1000683e:	f042 427f 	orr.w	r2, r2, #4278190080	@ 0xff000000
10006842:	f8c3 2d20 	str.w	r2, [r3, #3360]	@ 0xd20
10006846:	f8c3 4d1c 	str.w	r4, [r3, #3356]	@ 0xd1c
1000684a:	f002 fac9 	bl	10008de0 <exception_set_exclusive_handler>
1000684e:	491e      	ldr	r1, [pc, #120]	@ (100068c8 <xPortStartScheduler+0x104>)
10006850:	200f      	movs	r0, #15
10006852:	f002 fac5 	bl	10008de0 <exception_set_exclusive_handler>
10006856:	491d      	ldr	r1, [pc, #116]	@ (100068cc <xPortStartScheduler+0x108>)
10006858:	200b      	movs	r0, #11
1000685a:	f002 fac1 	bl	10008de0 <exception_set_exclusive_handler>
1000685e:	f7ff ff13 	bl	10006688 <vPortSetupTimerInterrupt>
10006862:	4a1b      	ldr	r2, [pc, #108]	@ (100068d0 <xPortStartScheduler+0x10c>)
10006864:	4b1b      	ldr	r3, [pc, #108]	@ (100068d4 <xPortStartScheduler+0x110>)
10006866:	6014      	str	r4, [r2, #0]
10006868:	682a      	ldr	r2, [r5, #0]
1000686a:	2101      	movs	r1, #1
1000686c:	2003      	movs	r0, #3
1000686e:	701a      	strb	r2, [r3, #0]
10006870:	f002 fadc 	bl	10008e2c <multicore_doorbell_claim_unused>
10006874:	4603      	mov	r3, r0
10006876:	4a18      	ldr	r2, [pc, #96]	@ (100068d8 <xPortStartScheduler+0x114>)
10006878:	b25b      	sxtb	r3, r3
1000687a:	7013      	strb	r3, [r2, #0]
1000687c:	fa06 f303 	lsl.w	r3, r6, r3
10006880:	f8c5 318c 	str.w	r3, [r5, #396]	@ 0x18c
10006884:	21ff      	movs	r1, #255	@ 0xff
10006886:	f8c5 3184 	str.w	r3, [r5, #388]	@ 0x184
1000688a:	201a      	movs	r0, #26
1000688c:	f7fa fa06 	bl	10000c9c <irq_set_priority>
10006890:	201a      	movs	r0, #26
10006892:	4912      	ldr	r1, [pc, #72]	@ (100068dc <xPortStartScheduler+0x118>)
10006894:	f7f9 ffe0 	bl	10000858 <irq_set_exclusive_handler>
10006898:	4631      	mov	r1, r6
1000689a:	201a      	movs	r0, #26
1000689c:	f7f9 ff98 	bl	100007d0 <irq_set_enabled>
100068a0:	f000 f98c 	bl	10006bbc <vStartFirstTask>
100068a4:	f001 faa8 	bl	10007df8 <vTaskSwitchContext>
100068a8:	9403      	str	r4, [sp, #12]
100068aa:	f000 f98f 	bl	10006bcc <ulSetInterruptMask>
100068ae:	9b03      	ldr	r3, [sp, #12]
100068b0:	2b00      	cmp	r3, #0
100068b2:	d0fc      	beq.n	100068ae <xPortStartScheduler+0xea>
100068b4:	2000      	movs	r0, #0
100068b6:	b004      	add	sp, #16
100068b8:	bd70      	pop	{r4, r5, r6, pc}
100068ba:	2200      	movs	r2, #0
100068bc:	e7ad      	b.n	1000681a <xPortStartScheduler+0x56>
100068be:	bf00      	nop
100068c0:	20023be0 	.word	0x20023be0
100068c4:	10006bf5 	.word	0x10006bf5
100068c8:	100064d5 	.word	0x100064d5
100068cc:	10006c75 	.word	0x10006c75
100068d0:	200022dc 	.word	0x200022dc
100068d4:	200022da 	.word	0x200022da
100068d8:	200022d9 	.word	0x200022d9
100068dc:	100064f9 	.word	0x100064f9

100068e0 <vPortValidateInterruptPriority>:
100068e0:	f3ef 8305 	mrs	r3, IPSR
100068e4:	2b0f      	cmp	r3, #15
100068e6:	bf84      	itt	hi
100068e8:	4a01      	ldrhi	r2, [pc, #4]	@ (100068f0 <vPortValidateInterruptPriority+0x10>)
100068ea:	5c9b      	ldrbhi	r3, [r3, r2]
100068ec:	4770      	bx	lr
100068ee:	bf00      	nop
100068f0:	e000e3f0 	.word	0xe000e3f0

100068f4 <ulPortLockGetCurrentOwnerId>:
100068f4:	f04f 4250 	mov.w	r2, #3489660928	@ 0xd0000000
100068f8:	4b07      	ldr	r3, [pc, #28]	@ (10006918 <ulPortLockGetCurrentOwnerId+0x24>)
100068fa:	6810      	ldr	r0, [r2, #0]
100068fc:	781b      	ldrb	r3, [r3, #0]
100068fe:	4283      	cmp	r3, r0
10006900:	d000      	beq.n	10006904 <ulPortLockGetCurrentOwnerId+0x10>
10006902:	4770      	bx	lr
10006904:	f3ef 8305 	mrs	r3, IPSR
10006908:	b2db      	uxtb	r3, r3
1000690a:	b113      	cbz	r3, 10006912 <ulPortLockGetCurrentOwnerId+0x1e>
1000690c:	eb00 0043 	add.w	r0, r0, r3, lsl #1
10006910:	4770      	bx	lr
10006912:	f002 b807 	b.w	10008924 <xTaskGetCurrentTaskHandle>
10006916:	bf00      	nop
10006918:	200022da 	.word	0x200022da

1000691c <vPortLockInternalSpinUnlockWithWait>:
1000691c:	f04f 4350 	mov.w	r3, #3489660928	@ 0xd0000000
10006920:	b510      	push	{r4, lr}
10006922:	4a15      	ldr	r2, [pc, #84]	@ (10006978 <vPortLockInternalSpinUnlockWithWait+0x5c>)
10006924:	681b      	ldr	r3, [r3, #0]
10006926:	7812      	ldrb	r2, [r2, #0]
10006928:	6804      	ldr	r4, [r0, #0]
1000692a:	429a      	cmp	r2, r3
1000692c:	b082      	sub	sp, #8
1000692e:	f04f 0300 	mov.w	r3, #0
10006932:	d006      	beq.n	10006942 <vPortLockInternalSpinUnlockWithWait+0x26>
10006934:	e8c4 3f8f 	stlb	r3, [r4]
10006938:	f381 8810 	msr	PRIMASK, r1
1000693c:	bf20      	wfe
1000693e:	b002      	add	sp, #8
10006940:	bd10      	pop	{r4, pc}
10006942:	e8c4 3f8f 	stlb	r3, [r4]
10006946:	f381 8810 	msr	PRIMASK, r1
1000694a:	f04f 34ff 	mov.w	r4, #4294967295	@ 0xffffffff
1000694e:	2201      	movs	r2, #1
10006950:	6801      	ldr	r1, [r0, #0]
10006952:	480a      	ldr	r0, [pc, #40]	@ (1000697c <vPortLockInternalSpinUnlockWithWait+0x60>)
10006954:	9400      	str	r4, [sp, #0]
10006956:	1a09      	subs	r1, r1, r0
10006958:	4809      	ldr	r0, [pc, #36]	@ (10006980 <vPortLockInternalSpinUnlockWithWait+0x64>)
1000695a:	fba0 c001 	umull	ip, r0, r0, r1
1000695e:	0900      	lsrs	r0, r0, #4
10006960:	eb00 0040 	add.w	r0, r0, r0, lsl #1
10006964:	eba1 01c0 	sub.w	r1, r1, r0, lsl #3
10006968:	4806      	ldr	r0, [pc, #24]	@ (10006984 <vPortLockInternalSpinUnlockWithWait+0x68>)
1000696a:	fa02 f101 	lsl.w	r1, r2, r1
1000696e:	6800      	ldr	r0, [r0, #0]
10006970:	f000 f9cc 	bl	10006d0c <xEventGroupWaitBits>
10006974:	b002      	add	sp, #8
10006976:	bd10      	pop	{r4, pc}
10006978:	200022da 	.word	0x200022da
1000697c:	20003028 	.word	0x20003028
10006980:	aaaaaaab 	.word	0xaaaaaaab
10006984:	20023c68 	.word	0x20023c68

10006988 <vPortLockInternalSpinUnlockWithNotify>:
10006988:	f04f 4250 	mov.w	r2, #3489660928	@ 0xd0000000
1000698c:	b570      	push	{r4, r5, r6, lr}
1000698e:	2501      	movs	r5, #1
10006990:	4c34      	ldr	r4, [pc, #208]	@ (10006a64 <vPortLockInternalSpinUnlockWithNotify+0xdc>)
10006992:	4e35      	ldr	r6, [pc, #212]	@ (10006a68 <vPortLockInternalSpinUnlockWithNotify+0xe0>)
10006994:	f894 e000 	ldrb.w	lr, [r4]
10006998:	6814      	ldr	r4, [r2, #0]
1000699a:	6802      	ldr	r2, [r0, #0]
1000699c:	4b33      	ldr	r3, [pc, #204]	@ (10006a6c <vPortLockInternalSpinUnlockWithNotify+0xe4>)
1000699e:	1b92      	subs	r2, r2, r6
100069a0:	468c      	mov	ip, r1
100069a2:	fba3 1302 	umull	r1, r3, r3, r2
100069a6:	091b      	lsrs	r3, r3, #4
100069a8:	eb03 0343 	add.w	r3, r3, r3, lsl #1
100069ac:	eba2 02c3 	sub.w	r2, r2, r3, lsl #3
100069b0:	45a6      	cmp	lr, r4
100069b2:	b082      	sub	sp, #8
100069b4:	fa05 f102 	lsl.w	r1, r5, r2
100069b8:	d02c      	beq.n	10006a14 <vPortLockInternalSpinUnlockWithNotify+0x8c>
100069ba:	bf40      	sev
100069bc:	4c2c      	ldr	r4, [pc, #176]	@ (10006a70 <vPortLockInternalSpinUnlockWithNotify+0xe8>)
100069be:	6803      	ldr	r3, [r0, #0]
100069c0:	6822      	ldr	r2, [r4, #0]
100069c2:	4293      	cmp	r3, r2
100069c4:	d041      	beq.n	10006a4a <vPortLockInternalSpinUnlockWithNotify+0xc2>
100069c6:	e8d2 5fcf 	ldaexb	r5, [r2]
100069ca:	2301      	movs	r3, #1
100069cc:	2d00      	cmp	r5, #0
100069ce:	d1fa      	bne.n	100069c6 <vPortLockInternalSpinUnlockWithNotify+0x3e>
100069d0:	e8c2 3f45 	strexb	r5, r3, [r2]
100069d4:	2d00      	cmp	r5, #0
100069d6:	d1f6      	bne.n	100069c6 <vPortLockInternalSpinUnlockWithNotify+0x3e>
100069d8:	f3bf 8f5f 	dmb	sy
100069dc:	4a25      	ldr	r2, [pc, #148]	@ (10006a74 <vPortLockInternalSpinUnlockWithNotify+0xec>)
100069de:	6824      	ldr	r4, [r4, #0]
100069e0:	6813      	ldr	r3, [r2, #0]
100069e2:	430b      	orrs	r3, r1
100069e4:	6013      	str	r3, [r2, #0]
100069e6:	2300      	movs	r3, #0
100069e8:	e8c4 3f8f 	stlb	r3, [r4]
100069ec:	6803      	ldr	r3, [r0, #0]
100069ee:	4a22      	ldr	r2, [pc, #136]	@ (10006a78 <vPortLockInternalSpinUnlockWithNotify+0xf0>)
100069f0:	f992 2000 	ldrsb.w	r2, [r2]
100069f4:	2a00      	cmp	r2, #0
100069f6:	db06      	blt.n	10006a06 <vPortLockInternalSpinUnlockWithNotify+0x7e>
100069f8:	2101      	movs	r1, #1
100069fa:	f04f 4050 	mov.w	r0, #3489660928	@ 0xd0000000
100069fe:	fa01 f202 	lsl.w	r2, r1, r2
10006a02:	f8c0 2180 	str.w	r2, [r0, #384]	@ 0x180
10006a06:	2200      	movs	r2, #0
10006a08:	e8c3 2f8f 	stlb	r2, [r3]
10006a0c:	f38c 8810 	msr	PRIMASK, ip
10006a10:	b002      	add	sp, #8
10006a12:	bd70      	pop	{r4, r5, r6, pc}
10006a14:	bf40      	sev
10006a16:	2400      	movs	r4, #0
10006a18:	6803      	ldr	r3, [r0, #0]
10006a1a:	e8c3 4f8f 	stlb	r4, [r3]
10006a1e:	f38c 8810 	msr	PRIMASK, ip
10006a22:	f3ef 8305 	mrs	r3, IPSR
10006a26:	b2db      	uxtb	r3, r3
10006a28:	b1a3      	cbz	r3, 10006a54 <vPortLockInternalSpinUnlockWithNotify+0xcc>
10006a2a:	4b14      	ldr	r3, [pc, #80]	@ (10006a7c <vPortLockInternalSpinUnlockWithNotify+0xf4>)
10006a2c:	aa01      	add	r2, sp, #4
10006a2e:	6818      	ldr	r0, [r3, #0]
10006a30:	9401      	str	r4, [sp, #4]
10006a32:	f000 f9f9 	bl	10006e28 <xEventGroupSetBitsFromISR>
10006a36:	9b01      	ldr	r3, [sp, #4]
10006a38:	2b00      	cmp	r3, #0
10006a3a:	d0e9      	beq.n	10006a10 <vPortLockInternalSpinUnlockWithNotify+0x88>
10006a3c:	f04f 23e0 	mov.w	r3, #3758153728	@ 0xe000e000
10006a40:	f04f 5280 	mov.w	r2, #268435456	@ 0x10000000
10006a44:	f8c3 2d04 	str.w	r2, [r3, #3332]	@ 0xd04
10006a48:	e7e2      	b.n	10006a10 <vPortLockInternalSpinUnlockWithNotify+0x88>
10006a4a:	480a      	ldr	r0, [pc, #40]	@ (10006a74 <vPortLockInternalSpinUnlockWithNotify+0xec>)
10006a4c:	6802      	ldr	r2, [r0, #0]
10006a4e:	430a      	orrs	r2, r1
10006a50:	6002      	str	r2, [r0, #0]
10006a52:	e7cc      	b.n	100069ee <vPortLockInternalSpinUnlockWithNotify+0x66>
10006a54:	4b09      	ldr	r3, [pc, #36]	@ (10006a7c <vPortLockInternalSpinUnlockWithNotify+0xf4>)
10006a56:	6818      	ldr	r0, [r3, #0]
10006a58:	b002      	add	sp, #8
10006a5a:	e8bd 4070 	ldmia.w	sp!, {r4, r5, r6, lr}
10006a5e:	f000 b9af 	b.w	10006dc0 <xEventGroupSetBits>
10006a62:	bf00      	nop
10006a64:	200022da 	.word	0x200022da
10006a68:	20003028 	.word	0x20003028
10006a6c:	aaaaaaab 	.word	0xaaaaaaab
10006a70:	20003928 	.word	0x20003928
10006a74:	20023c00 	.word	0x20023c00
10006a78:	200022d9 	.word	0x200022d9
10006a7c:	20023c68 	.word	0x20023c68

10006a80 <xPortLockInternalSpinUnlockWithBestEffortWaitOrTimeout>:
10006a80:	b5f0      	push	{r4, r5, r6, r7, lr}
10006a82:	f04f 4e50 	mov.w	lr, #3489660928	@ 0xd0000000
10006a86:	4c34      	ldr	r4, [pc, #208]	@ (10006b58 <xPortLockInternalSpinUnlockWithBestEffortWaitOrTimeout+0xd8>)
10006a88:	461d      	mov	r5, r3
10006a8a:	f894 c000 	ldrb.w	ip, [r4]
10006a8e:	f8de 3000 	ldr.w	r3, [lr]
10006a92:	4606      	mov	r6, r0
10006a94:	459c      	cmp	ip, r3
10006a96:	460f      	mov	r7, r1
10006a98:	4614      	mov	r4, r2
10006a9a:	b083      	sub	sp, #12
10006a9c:	d00c      	beq.n	10006ab8 <xPortLockInternalSpinUnlockWithBestEffortWaitOrTimeout+0x38>
10006a9e:	2300      	movs	r3, #0
10006aa0:	6802      	ldr	r2, [r0, #0]
10006aa2:	e8c2 3f8f 	stlb	r3, [r2]
10006aa6:	f381 8810 	msr	PRIMASK, r1
10006aaa:	4620      	mov	r0, r4
10006aac:	4629      	mov	r1, r5
10006aae:	b003      	add	sp, #12
10006ab0:	e8bd 40f0 	ldmia.w	sp!, {r4, r5, r6, r7, lr}
10006ab4:	f7fa bd60 	b.w	10001578 <best_effort_wfe_or_timeout>
10006ab8:	f7fa fdd0 	bl	1000165c <time_us_64>
10006abc:	f240 33e7 	movw	r3, #999	@ 0x3e7
10006ac0:	1a22      	subs	r2, r4, r0
10006ac2:	eb65 0101 	sbc.w	r1, r5, r1
10006ac6:	18d0      	adds	r0, r2, r3
10006ac8:	f141 0100 	adc.w	r1, r1, #0
10006acc:	f5b0 7f7a 	cmp.w	r0, #1000	@ 0x3e8
10006ad0:	f171 0300 	sbcs.w	r3, r1, #0
10006ad4:	da1e      	bge.n	10006b14 <xPortLockInternalSpinUnlockWithBestEffortWaitOrTimeout+0x94>
10006ad6:	2300      	movs	r3, #0
10006ad8:	6832      	ldr	r2, [r6, #0]
10006ada:	e8c2 3f8f 	stlb	r3, [r2]
10006ade:	f387 8810 	msr	PRIMASK, r7
10006ae2:	4b1e      	ldr	r3, [pc, #120]	@ (10006b5c <xPortLockInternalSpinUnlockWithBestEffortWaitOrTimeout+0xdc>)
10006ae4:	6a5a      	ldr	r2, [r3, #36]	@ 0x24
10006ae6:	4295      	cmp	r5, r2
10006ae8:	d807      	bhi.n	10006afa <xPortLockInternalSpinUnlockWithBestEffortWaitOrTimeout+0x7a>
10006aea:	6a9b      	ldr	r3, [r3, #40]	@ 0x28
10006aec:	42a3      	cmp	r3, r4
10006aee:	d302      	bcc.n	10006af6 <xPortLockInternalSpinUnlockWithBestEffortWaitOrTimeout+0x76>
10006af0:	2001      	movs	r0, #1
10006af2:	b003      	add	sp, #12
10006af4:	bdf0      	pop	{r4, r5, r6, r7, pc}
10006af6:	4295      	cmp	r5, r2
10006af8:	d1fa      	bne.n	10006af0 <xPortLockInternalSpinUnlockWithBestEffortWaitOrTimeout+0x70>
10006afa:	f04f 23e0 	mov.w	r3, #3758153728	@ 0xe000e000
10006afe:	f04f 5280 	mov.w	r2, #268435456	@ 0x10000000
10006b02:	f8c3 2d04 	str.w	r2, [r3, #3332]	@ 0xd04
10006b06:	f3bf 8f4f 	dsb	sy
10006b0a:	f3bf 8f6f 	isb	sy
10006b0e:	2000      	movs	r0, #0
10006b10:	b003      	add	sp, #12
10006b12:	bdf0      	pop	{r4, r5, r6, r7, pc}
10006b14:	f44f 727a 	mov.w	r2, #1000	@ 0x3e8
10006b18:	2300      	movs	r3, #0
10006b1a:	f004 fbad 	bl	1000b278 <____aeabi_ldivmod_veneer>
10006b1e:	2800      	cmp	r0, #0
10006b20:	d0d9      	beq.n	10006ad6 <xPortLockInternalSpinUnlockWithBestEffortWaitOrTimeout+0x56>
10006b22:	2300      	movs	r3, #0
10006b24:	6832      	ldr	r2, [r6, #0]
10006b26:	e8c2 3f8f 	stlb	r3, [r2]
10006b2a:	f387 8810 	msr	PRIMASK, r7
10006b2e:	2201      	movs	r2, #1
10006b30:	9000      	str	r0, [sp, #0]
10006b32:	6831      	ldr	r1, [r6, #0]
10006b34:	480a      	ldr	r0, [pc, #40]	@ (10006b60 <xPortLockInternalSpinUnlockWithBestEffortWaitOrTimeout+0xe0>)
10006b36:	1a09      	subs	r1, r1, r0
10006b38:	480a      	ldr	r0, [pc, #40]	@ (10006b64 <xPortLockInternalSpinUnlockWithBestEffortWaitOrTimeout+0xe4>)
10006b3a:	fba0 6001 	umull	r6, r0, r0, r1
10006b3e:	0900      	lsrs	r0, r0, #4
10006b40:	eb00 0040 	add.w	r0, r0, r0, lsl #1
10006b44:	eba1 01c0 	sub.w	r1, r1, r0, lsl #3
10006b48:	4807      	ldr	r0, [pc, #28]	@ (10006b68 <xPortLockInternalSpinUnlockWithBestEffortWaitOrTimeout+0xe8>)
10006b4a:	fa02 f101 	lsl.w	r1, r2, r1
10006b4e:	6800      	ldr	r0, [r0, #0]
10006b50:	f000 f8dc 	bl	10006d0c <xEventGroupWaitBits>
10006b54:	e7c5      	b.n	10006ae2 <xPortLockInternalSpinUnlockWithBestEffortWaitOrTimeout+0x62>
10006b56:	bf00      	nop
10006b58:	200022da 	.word	0x200022da
10006b5c:	400b0000 	.word	0x400b0000
10006b60:	20003028 	.word	0x20003028
10006b64:	aaaaaaab 	.word	0xaaaaaaab
10006b68:	20023c68 	.word	0x20023c68

10006b6c <prvRuntimeInitializer>:
10006b6c:	b508      	push	{r3, lr}
10006b6e:	f7f9 fddf 	bl	10000730 <next_striped_spin_lock_num>
10006b72:	4b04      	ldr	r3, [pc, #16]	@ (10006b84 <prvRuntimeInitializer+0x18>)
10006b74:	4a04      	ldr	r2, [pc, #16]	@ (10006b88 <prvRuntimeInitializer+0x1c>)
10006b76:	4403      	add	r3, r0
10006b78:	6013      	str	r3, [r2, #0]
10006b7a:	f000 f8b9 	bl	10006cf0 <xEventGroupCreate>
10006b7e:	4b03      	ldr	r3, [pc, #12]	@ (10006b8c <prvRuntimeInitializer+0x20>)
10006b80:	6018      	str	r0, [r3, #0]
10006b82:	bd08      	pop	{r3, pc}
10006b84:	20003028 	.word	0x20003028
10006b88:	20003928 	.word	0x20003928
10006b8c:	20023c68 	.word	0x20023c68

10006b90 <vRestoreContextOfFirstTask>:
10006b90:	4a09      	ldr	r2, [pc, #36]	@ (10006bb8 <vRestoreContextOfFirstTask+0x28>)
10006b92:	6811      	ldr	r1, [r2, #0]
10006b94:	6808      	ldr	r0, [r1, #0]
10006b96:	c806      	ldmia	r0!, {r1, r2}
10006b98:	f381 880b 	msr	PSPLIM, r1
10006b9c:	2102      	movs	r1, #2
10006b9e:	f381 8814 	msr	CONTROL, r1
10006ba2:	3020      	adds	r0, #32
10006ba4:	f380 8809 	msr	PSP, r0
10006ba8:	f3bf 8f6f 	isb	sy
10006bac:	f04f 0000 	mov.w	r0, #0
10006bb0:	f380 8811 	msr	BASEPRI, r0
10006bb4:	4710      	bx	r2
10006bb6:	0000      	.short	0x0000
10006bb8:	2000392c 	.word	0x2000392c

10006bbc <vStartFirstTask>:
10006bbc:	b662      	cpsie	i
10006bbe:	b661      	cpsie	f
10006bc0:	f3bf 8f4f 	dsb	sy
10006bc4:	f3bf 8f6f 	isb	sy
10006bc8:	df66      	svc	102	@ 0x66
10006bca:	bf00      	nop

10006bcc <ulSetInterruptMask>:
10006bcc:	f3ef 8011 	mrs	r0, BASEPRI
10006bd0:	f04f 0110 	mov.w	r1, #16
10006bd4:	f381 8811 	msr	BASEPRI, r1
10006bd8:	f3bf 8f4f 	dsb	sy
10006bdc:	f3bf 8f6f 	isb	sy
10006be0:	4770      	bx	lr
10006be2:	bf00      	nop

10006be4 <vClearInterruptMask>:
10006be4:	f380 8811 	msr	BASEPRI, r0
10006be8:	f3bf 8f4f 	dsb	sy
10006bec:	f3bf 8f6f 	isb	sy
10006bf0:	4770      	bx	lr
10006bf2:	bf00      	nop

10006bf4 <PendSV_Handler>:
10006bf4:	f3ef 8109 	mrs	r1, PSP
10006bf8:	f01e 0f10 	tst.w	lr, #16
10006bfc:	bf08      	it	eq
10006bfe:	ed21 8a10 	vstmdbeq	r1!, {s16-s31}
10006c02:	f3ef 820b 	mrs	r2, PSPLIM
10006c06:	4673      	mov	r3, lr
10006c08:	e921 0ffc 	stmdb	r1!, {r2, r3, r4, r5, r6, r7, r8, r9, sl, fp}
10006c0c:	fc55 4408 	dcp_pxmd r4, r5
10006c10:	fc57 6409 	dcp_pymd r6, r7
10006c14:	fc59 840a 	dcp_pefd r8, r9
10006c18:	e901 03f0 	stmdb	r1, {r4, r5, r6, r7, r8, r9}
10006c1c:	4a14      	ldr	r2, [pc, #80]	@ (10006c70 <PendSV_Handler+0x7c>)
10006c1e:	6813      	ldr	r3, [r2, #0]
10006c20:	6019      	str	r1, [r3, #0]
10006c22:	f04f 0110 	mov.w	r1, #16
10006c26:	f381 8811 	msr	BASEPRI, r1
10006c2a:	f3bf 8f4f 	dsb	sy
10006c2e:	f3bf 8f6f 	isb	sy
10006c32:	f001 f8e1 	bl	10007df8 <vTaskSwitchContext>
10006c36:	f04f 0000 	mov.w	r0, #0
10006c3a:	f380 8811 	msr	BASEPRI, r0
10006c3e:	4a0c      	ldr	r2, [pc, #48]	@ (10006c70 <PendSV_Handler+0x7c>)
10006c40:	6811      	ldr	r1, [r2, #0]
10006c42:	6808      	ldr	r0, [r1, #0]
10006c44:	3818      	subs	r0, #24
10006c46:	e8b0 03f0 	ldmia.w	r0!, {r4, r5, r6, r7, r8, r9}
10006c4a:	ec45 4400 	dcp_wxmd r4, r5
10006c4e:	ec47 6401 	dcp_wymd r6, r7
10006c52:	ec49 8402 	dcp_wefd r8, r9
10006c56:	e8b0 0ffc 	ldmia.w	r0!, {r2, r3, r4, r5, r6, r7, r8, r9, sl, fp}
10006c5a:	f013 0f10 	tst.w	r3, #16
10006c5e:	bf08      	it	eq
10006c60:	ecb0 8a10 	vldmiaeq	r0!, {s16-s31}
10006c64:	f382 880b 	msr	PSPLIM, r2
10006c68:	f380 8809 	msr	PSP, r0
10006c6c:	4718      	bx	r3
10006c6e:	0000      	.short	0x0000
10006c70:	2000392c 	.word	0x2000392c

10006c74 <SVC_Handler>:
10006c74:	f01e 0f04 	tst.w	lr, #4
10006c78:	bf0c      	ite	eq
10006c7a:	f3ef 8008 	mrseq	r0, MSP
10006c7e:	f3ef 8009 	mrsne	r0, PSP
10006c82:	4901      	ldr	r1, [pc, #4]	@ (10006c88 <SVC_Handler+0x14>)
10006c84:	4708      	bx	r1
10006c86:	0000      	.short	0x0000
10006c88:	10006721 	.word	0x10006721

10006c8c <vEventGroupSetBitsCallback>:
10006c8c:	e92d 43f8 	stmdb	sp!, {r3, r4, r5, r6, r7, r8, r9, lr}
10006c90:	4607      	mov	r7, r0
10006c92:	460d      	mov	r5, r1
10006c94:	f100 090c 	add.w	r9, r0, #12
10006c98:	f000 fee6 	bl	10007a68 <vTaskSuspendAll>
10006c9c:	683b      	ldr	r3, [r7, #0]
10006c9e:	693c      	ldr	r4, [r7, #16]
10006ca0:	432b      	orrs	r3, r5
10006ca2:	45a1      	cmp	r9, r4
10006ca4:	603b      	str	r3, [r7, #0]
10006ca6:	d01e      	beq.n	10006ce6 <vEventGroupSetBitsCallback+0x5a>
10006ca8:	f04f 0800 	mov.w	r8, #0
10006cac:	e009      	b.n	10006cc2 <vEventGroupSetBitsCallback+0x36>
10006cae:	b136      	cbz	r6, 10006cbe <vEventGroupSetBitsCallback+0x32>
10006cb0:	01d3      	lsls	r3, r2, #7
10006cb2:	bf48      	it	mi
10006cb4:	ea48 0805 	orrmi.w	r8, r8, r5
10006cb8:	f001 fac8 	bl	1000824c <vTaskRemoveFromUnorderedEventList>
10006cbc:	683b      	ldr	r3, [r7, #0]
10006cbe:	45a1      	cmp	r9, r4
10006cc0:	d00f      	beq.n	10006ce2 <vEventGroupSetBitsCallback+0x56>
10006cc2:	4620      	mov	r0, r4
10006cc4:	6802      	ldr	r2, [r0, #0]
10006cc6:	6864      	ldr	r4, [r4, #4]
10006cc8:	f022 457f 	bic.w	r5, r2, #4278190080	@ 0xff000000
10006ccc:	f012 6f80 	tst.w	r2, #67108864	@ 0x4000000
10006cd0:	f043 7100 	orr.w	r1, r3, #33554432	@ 0x2000000
10006cd4:	ea05 0603 	and.w	r6, r5, r3
10006cd8:	d0e9      	beq.n	10006cae <vEventGroupSetBitsCallback+0x22>
10006cda:	42b5      	cmp	r5, r6
10006cdc:	d0e8      	beq.n	10006cb0 <vEventGroupSetBitsCallback+0x24>
10006cde:	45a1      	cmp	r9, r4
10006ce0:	d1ef      	bne.n	10006cc2 <vEventGroupSetBitsCallback+0x36>
10006ce2:	ea23 0308 	bic.w	r3, r3, r8
10006ce6:	603b      	str	r3, [r7, #0]
10006ce8:	e8bd 43f8 	ldmia.w	sp!, {r3, r4, r5, r6, r7, r8, r9, lr}
10006cec:	f000 bec4 	b.w	10007a78 <xTaskResumeAll>

10006cf0 <xEventGroupCreate>:
10006cf0:	b510      	push	{r4, lr}
10006cf2:	201c      	movs	r0, #28
10006cf4:	f7ff fac2 	bl	1000627c <pvPortMalloc>
10006cf8:	4604      	mov	r4, r0
10006cfa:	b120      	cbz	r0, 10006d06 <xEventGroupCreate+0x16>
10006cfc:	2300      	movs	r3, #0
10006cfe:	f840 3b04 	str.w	r3, [r0], #4
10006d02:	f000 f89f 	bl	10006e44 <vListInitialise>
10006d06:	4620      	mov	r0, r4
10006d08:	bd10      	pop	{r4, pc}
10006d0a:	bf00      	nop

10006d0c <xEventGroupWaitBits>:
10006d0c:	e92d 41f0 	stmdb	sp!, {r4, r5, r6, r7, r8, lr}
10006d10:	4607      	mov	r7, r0
10006d12:	461e      	mov	r6, r3
10006d14:	460d      	mov	r5, r1
10006d16:	4690      	mov	r8, r2
10006d18:	f000 fea6 	bl	10007a68 <vTaskSuspendAll>
10006d1c:	683c      	ldr	r4, [r7, #0]
10006d1e:	b99e      	cbnz	r6, 10006d48 <xEventGroupWaitBits+0x3c>
10006d20:	422c      	tst	r4, r5
10006d22:	d00a      	beq.n	10006d3a <xEventGroupWaitBits+0x2e>
10006d24:	f1b8 0f00 	cmp.w	r8, #0
10006d28:	d009      	beq.n	10006d3e <xEventGroupWaitBits+0x32>
10006d2a:	ea24 0505 	bic.w	r5, r4, r5
10006d2e:	603d      	str	r5, [r7, #0]
10006d30:	f000 fea2 	bl	10007a78 <xTaskResumeAll>
10006d34:	4620      	mov	r0, r4
10006d36:	e8bd 81f0 	ldmia.w	sp!, {r4, r5, r6, r7, r8, pc}
10006d3a:	9b06      	ldr	r3, [sp, #24]
10006d3c:	bb1b      	cbnz	r3, 10006d86 <xEventGroupWaitBits+0x7a>
10006d3e:	f000 fe9b 	bl	10007a78 <xTaskResumeAll>
10006d42:	4620      	mov	r0, r4
10006d44:	e8bd 81f0 	ldmia.w	sp!, {r4, r5, r6, r7, r8, pc}
10006d48:	ea35 0304 	bics.w	r3, r5, r4
10006d4c:	d0ea      	beq.n	10006d24 <xEventGroupWaitBits+0x18>
10006d4e:	9b06      	ldr	r3, [sp, #24]
10006d50:	2b00      	cmp	r3, #0
10006d52:	d0f4      	beq.n	10006d3e <xEventGroupWaitBits+0x32>
10006d54:	f1b8 0100 	subs.w	r1, r8, #0
10006d58:	bf18      	it	ne
10006d5a:	2101      	movne	r1, #1
10006d5c:	461a      	mov	r2, r3
10006d5e:	0609      	lsls	r1, r1, #24
10006d60:	f041 6180 	orr.w	r1, r1, #67108864	@ 0x4000000
10006d64:	4329      	orrs	r1, r5
10006d66:	1d38      	adds	r0, r7, #4
10006d68:	f001 f8d0 	bl	10007f0c <vTaskPlaceOnUnorderedEventList>
10006d6c:	f000 fe84 	bl	10007a78 <xTaskResumeAll>
10006d70:	b1f8      	cbz	r0, 10006db2 <xEventGroupWaitBits+0xa6>
10006d72:	f001 fe27 	bl	100089c4 <uxTaskResetEventItemValue>
10006d76:	0183      	lsls	r3, r0, #6
10006d78:	4604      	mov	r4, r0
10006d7a:	d50b      	bpl.n	10006d94 <xEventGroupWaitBits+0x88>
10006d7c:	f024 447f 	bic.w	r4, r4, #4278190080	@ 0xff000000
10006d80:	4620      	mov	r0, r4
10006d82:	e8bd 81f0 	ldmia.w	sp!, {r4, r5, r6, r7, r8, pc}
10006d86:	f1b8 0100 	subs.w	r1, r8, #0
10006d8a:	bf18      	it	ne
10006d8c:	2101      	movne	r1, #1
10006d8e:	461a      	mov	r2, r3
10006d90:	0609      	lsls	r1, r1, #24
10006d92:	e7e7      	b.n	10006d64 <xEventGroupWaitBits+0x58>
10006d94:	f7ff fcaa 	bl	100066ec <vPortEnterCritical>
10006d98:	683c      	ldr	r4, [r7, #0]
10006d9a:	b96e      	cbnz	r6, 10006db8 <xEventGroupWaitBits+0xac>
10006d9c:	4225      	tst	r5, r4
10006d9e:	d005      	beq.n	10006dac <xEventGroupWaitBits+0xa0>
10006da0:	f1b8 0f00 	cmp.w	r8, #0
10006da4:	d002      	beq.n	10006dac <xEventGroupWaitBits+0xa0>
10006da6:	ea24 0505 	bic.w	r5, r4, r5
10006daa:	603d      	str	r5, [r7, #0]
10006dac:	f7ff fcac 	bl	10006708 <vPortExitCritical>
10006db0:	e7e4      	b.n	10006d7c <xEventGroupWaitBits+0x70>
10006db2:	f7ff fc8f 	bl	100066d4 <vPortYield>
10006db6:	e7dc      	b.n	10006d72 <xEventGroupWaitBits+0x66>
10006db8:	ea35 0304 	bics.w	r3, r5, r4
10006dbc:	d1f6      	bne.n	10006dac <xEventGroupWaitBits+0xa0>
10006dbe:	e7ef      	b.n	10006da0 <xEventGroupWaitBits+0x94>

10006dc0 <xEventGroupSetBits>:
10006dc0:	e92d 43f8 	stmdb	sp!, {r3, r4, r5, r6, r7, r8, r9, lr}
10006dc4:	4607      	mov	r7, r0
10006dc6:	460d      	mov	r5, r1
10006dc8:	f100 090c 	add.w	r9, r0, #12
10006dcc:	f000 fe4c 	bl	10007a68 <vTaskSuspendAll>
10006dd0:	683b      	ldr	r3, [r7, #0]
10006dd2:	693c      	ldr	r4, [r7, #16]
10006dd4:	432b      	orrs	r3, r5
10006dd6:	45a1      	cmp	r9, r4
10006dd8:	603b      	str	r3, [r7, #0]
10006dda:	d01e      	beq.n	10006e1a <xEventGroupSetBits+0x5a>
10006ddc:	f04f 0800 	mov.w	r8, #0
10006de0:	e009      	b.n	10006df6 <xEventGroupSetBits+0x36>
10006de2:	b136      	cbz	r6, 10006df2 <xEventGroupSetBits+0x32>
10006de4:	01d3      	lsls	r3, r2, #7
10006de6:	bf48      	it	mi
10006de8:	ea48 0805 	orrmi.w	r8, r8, r5
10006dec:	f001 fa2e 	bl	1000824c <vTaskRemoveFromUnorderedEventList>
10006df0:	683b      	ldr	r3, [r7, #0]
10006df2:	45a1      	cmp	r9, r4
10006df4:	d00f      	beq.n	10006e16 <xEventGroupSetBits+0x56>
10006df6:	4620      	mov	r0, r4
10006df8:	6802      	ldr	r2, [r0, #0]
10006dfa:	6864      	ldr	r4, [r4, #4]
10006dfc:	f022 457f 	bic.w	r5, r2, #4278190080	@ 0xff000000
10006e00:	f012 6f80 	tst.w	r2, #67108864	@ 0x4000000
10006e04:	f043 7100 	orr.w	r1, r3, #33554432	@ 0x2000000
10006e08:	ea05 0603 	and.w	r6, r5, r3
10006e0c:	d0e9      	beq.n	10006de2 <xEventGroupSetBits+0x22>
10006e0e:	42b5      	cmp	r5, r6
10006e10:	d0e8      	beq.n	10006de4 <xEventGroupSetBits+0x24>
10006e12:	45a1      	cmp	r9, r4
10006e14:	d1ef      	bne.n	10006df6 <xEventGroupSetBits+0x36>
10006e16:	ea23 0308 	bic.w	r3, r3, r8
10006e1a:	603b      	str	r3, [r7, #0]
10006e1c:	f000 fe2c 	bl	10007a78 <xTaskResumeAll>
10006e20:	6838      	ldr	r0, [r7, #0]
10006e22:	e8bd 83f8 	ldmia.w	sp!, {r3, r4, r5, r6, r7, r8, r9, pc}
10006e26:	bf00      	nop

10006e28 <xEventGroupSetBitsFromISR>:
10006e28:	468c      	mov	ip, r1
10006e2a:	b500      	push	{lr}
10006e2c:	4686      	mov	lr, r0
10006e2e:	4613      	mov	r3, r2
10006e30:	4671      	mov	r1, lr
10006e32:	4662      	mov	r2, ip
10006e34:	4802      	ldr	r0, [pc, #8]	@ (10006e40 <xEventGroupSetBitsFromISR+0x18>)
10006e36:	f85d eb04 	ldr.w	lr, [sp], #4
10006e3a:	f001 bfb9 	b.w	10008db0 <xTimerPendFunctionCallFromISR>
10006e3e:	bf00      	nop
10006e40:	10006c8d 	.word	0x10006c8d

10006e44 <vListInitialise>:
10006e44:	f04f 31ff 	mov.w	r1, #4294967295	@ 0xffffffff
10006e48:	2200      	movs	r2, #0
10006e4a:	f100 0308 	add.w	r3, r0, #8
10006e4e:	e9c0 3101 	strd	r3, r1, [r0, #4]
10006e52:	e9c0 3303 	strd	r3, r3, [r0, #12]
10006e56:	6002      	str	r2, [r0, #0]
10006e58:	4770      	bx	lr
10006e5a:	bf00      	nop

10006e5c <vListInitialiseItem>:
10006e5c:	2300      	movs	r3, #0
10006e5e:	6103      	str	r3, [r0, #16]
10006e60:	4770      	bx	lr
10006e62:	bf00      	nop

10006e64 <vListInsertEnd>:
10006e64:	e9d0 3200 	ldrd	r3, r2, [r0]
10006e68:	b410      	push	{r4}
10006e6a:	6894      	ldr	r4, [r2, #8]
10006e6c:	3301      	adds	r3, #1
10006e6e:	e9c1 2401 	strd	r2, r4, [r1, #4]
10006e72:	6061      	str	r1, [r4, #4]
10006e74:	6091      	str	r1, [r2, #8]
10006e76:	f85d 4b04 	ldr.w	r4, [sp], #4
10006e7a:	6108      	str	r0, [r1, #16]
10006e7c:	6003      	str	r3, [r0, #0]
10006e7e:	4770      	bx	lr

10006e80 <vListInsert>:
10006e80:	b430      	push	{r4, r5}
10006e82:	680d      	ldr	r5, [r1, #0]
10006e84:	1c6b      	adds	r3, r5, #1
10006e86:	d010      	beq.n	10006eaa <vListInsert+0x2a>
10006e88:	f100 0308 	add.w	r3, r0, #8
10006e8c:	461c      	mov	r4, r3
10006e8e:	685b      	ldr	r3, [r3, #4]
10006e90:	681a      	ldr	r2, [r3, #0]
10006e92:	42aa      	cmp	r2, r5
10006e94:	d9fa      	bls.n	10006e8c <vListInsert+0xc>
10006e96:	6802      	ldr	r2, [r0, #0]
10006e98:	604b      	str	r3, [r1, #4]
10006e9a:	3201      	adds	r2, #1
10006e9c:	6099      	str	r1, [r3, #8]
10006e9e:	608c      	str	r4, [r1, #8]
10006ea0:	6061      	str	r1, [r4, #4]
10006ea2:	6108      	str	r0, [r1, #16]
10006ea4:	bc30      	pop	{r4, r5}
10006ea6:	6002      	str	r2, [r0, #0]
10006ea8:	4770      	bx	lr
10006eaa:	6904      	ldr	r4, [r0, #16]
10006eac:	6863      	ldr	r3, [r4, #4]
10006eae:	e7f2      	b.n	10006e96 <vListInsert+0x16>

10006eb0 <uxListRemove>:
10006eb0:	4603      	mov	r3, r0
10006eb2:	6902      	ldr	r2, [r0, #16]
10006eb4:	b410      	push	{r4}
10006eb6:	6854      	ldr	r4, [r2, #4]
10006eb8:	6840      	ldr	r0, [r0, #4]
10006eba:	6899      	ldr	r1, [r3, #8]
10006ebc:	429c      	cmp	r4, r3
10006ebe:	6081      	str	r1, [r0, #8]
10006ec0:	6048      	str	r0, [r1, #4]
10006ec2:	bf08      	it	eq
10006ec4:	6051      	streq	r1, [r2, #4]
10006ec6:	2100      	movs	r1, #0
10006ec8:	6810      	ldr	r0, [r2, #0]
10006eca:	f85d 4b04 	ldr.w	r4, [sp], #4
10006ece:	3801      	subs	r0, #1
10006ed0:	6119      	str	r1, [r3, #16]
10006ed2:	6010      	str	r0, [r2, #0]
10006ed4:	4770      	bx	lr
10006ed6:	bf00      	nop

10006ed8 <prvCopyDataToQueue>:
10006ed8:	b570      	push	{r4, r5, r6, lr}
10006eda:	4616      	mov	r6, r2
10006edc:	6c02      	ldr	r2, [r0, #64]	@ 0x40
10006ede:	4604      	mov	r4, r0
10006ee0:	6b85      	ldr	r5, [r0, #56]	@ 0x38
10006ee2:	b92a      	cbnz	r2, 10006ef0 <prvCopyDataToQueue+0x18>
10006ee4:	6806      	ldr	r6, [r0, #0]
10006ee6:	3501      	adds	r5, #1
10006ee8:	b34e      	cbz	r6, 10006f3e <prvCopyDataToQueue+0x66>
10006eea:	4610      	mov	r0, r2
10006eec:	63a5      	str	r5, [r4, #56]	@ 0x38
10006eee:	bd70      	pop	{r4, r5, r6, pc}
10006ef0:	b98e      	cbnz	r6, 10006f16 <prvCopyDataToQueue+0x3e>
10006ef2:	6840      	ldr	r0, [r0, #4]
10006ef4:	f003 fe8a 	bl	1000ac0c <memcpy>
10006ef8:	6863      	ldr	r3, [r4, #4]
10006efa:	6c21      	ldr	r1, [r4, #64]	@ 0x40
10006efc:	68a2      	ldr	r2, [r4, #8]
10006efe:	440b      	add	r3, r1
10006f00:	4293      	cmp	r3, r2
10006f02:	6063      	str	r3, [r4, #4]
10006f04:	bf28      	it	cs
10006f06:	6823      	ldrcs	r3, [r4, #0]
10006f08:	f105 0501 	add.w	r5, r5, #1
10006f0c:	bf28      	it	cs
10006f0e:	6063      	strcs	r3, [r4, #4]
10006f10:	2000      	movs	r0, #0
10006f12:	63a5      	str	r5, [r4, #56]	@ 0x38
10006f14:	bd70      	pop	{r4, r5, r6, pc}
10006f16:	68c0      	ldr	r0, [r0, #12]
10006f18:	f003 fe78 	bl	1000ac0c <memcpy>
10006f1c:	6c22      	ldr	r2, [r4, #64]	@ 0x40
10006f1e:	68e3      	ldr	r3, [r4, #12]
10006f20:	4251      	negs	r1, r2
10006f22:	1a9b      	subs	r3, r3, r2
10006f24:	6822      	ldr	r2, [r4, #0]
10006f26:	60e3      	str	r3, [r4, #12]
10006f28:	4293      	cmp	r3, r2
10006f2a:	d202      	bcs.n	10006f32 <prvCopyDataToQueue+0x5a>
10006f2c:	68a3      	ldr	r3, [r4, #8]
10006f2e:	440b      	add	r3, r1
10006f30:	60e3      	str	r3, [r4, #12]
10006f32:	2e02      	cmp	r6, #2
10006f34:	d008      	beq.n	10006f48 <prvCopyDataToQueue+0x70>
10006f36:	3501      	adds	r5, #1
10006f38:	2000      	movs	r0, #0
10006f3a:	63a5      	str	r5, [r4, #56]	@ 0x38
10006f3c:	bd70      	pop	{r4, r5, r6, pc}
10006f3e:	6880      	ldr	r0, [r0, #8]
10006f40:	f001 fcf6 	bl	10008930 <xTaskPriorityDisinherit>
10006f44:	60a6      	str	r6, [r4, #8]
10006f46:	e7d1      	b.n	10006eec <prvCopyDataToQueue+0x14>
10006f48:	2d01      	cmp	r5, #1
10006f4a:	bf38      	it	cc
10006f4c:	2501      	movcc	r5, #1
10006f4e:	e7df      	b.n	10006f10 <prvCopyDataToQueue+0x38>

10006f50 <prvUnlockQueue>:
10006f50:	e92d 43f0 	stmdb	sp!, {r4, r5, r6, r7, r8, r9, lr}
10006f54:	4606      	mov	r6, r0
10006f56:	b085      	sub	sp, #20
10006f58:	f7ff fbc8 	bl	100066ec <vPortEnterCritical>
10006f5c:	f896 3045 	ldrb.w	r3, [r6, #69]	@ 0x45
10006f60:	b25d      	sxtb	r5, r3
10006f62:	2d00      	cmp	r5, #0
10006f64:	dd1c      	ble.n	10006fa0 <prvUnlockQueue+0x50>
10006f66:	f106 0724 	add.w	r7, r6, #36	@ 0x24
10006f6a:	e008      	b.n	10006f7e <prvUnlockQueue+0x2e>
10006f6c:	6ba2      	ldr	r2, [r4, #56]	@ 0x38
10006f6e:	6be3      	ldr	r3, [r4, #60]	@ 0x3c
10006f70:	9603      	str	r6, [sp, #12]
10006f72:	429a      	cmp	r2, r3
10006f74:	d33d      	bcc.n	10006ff2 <prvUnlockQueue+0xa2>
10006f76:	1e6b      	subs	r3, r5, #1
10006f78:	b2da      	uxtb	r2, r3
10006f7a:	b25d      	sxtb	r5, r3
10006f7c:	b182      	cbz	r2, 10006fa0 <prvUnlockQueue+0x50>
10006f7e:	6cb4      	ldr	r4, [r6, #72]	@ 0x48
10006f80:	2c00      	cmp	r4, #0
10006f82:	d1f3      	bne.n	10006f6c <prvUnlockQueue+0x1c>
10006f84:	6a73      	ldr	r3, [r6, #36]	@ 0x24
10006f86:	b15b      	cbz	r3, 10006fa0 <prvUnlockQueue+0x50>
10006f88:	4638      	mov	r0, r7
10006f8a:	f001 f8d9 	bl	10008140 <xTaskRemoveFromEventList>
10006f8e:	2800      	cmp	r0, #0
10006f90:	d0f1      	beq.n	10006f76 <prvUnlockQueue+0x26>
10006f92:	f001 fa0b 	bl	100083ac <vTaskMissedYield>
10006f96:	1e6b      	subs	r3, r5, #1
10006f98:	b2da      	uxtb	r2, r3
10006f9a:	b25d      	sxtb	r5, r3
10006f9c:	2a00      	cmp	r2, #0
10006f9e:	d1ee      	bne.n	10006f7e <prvUnlockQueue+0x2e>
10006fa0:	23ff      	movs	r3, #255	@ 0xff
10006fa2:	f886 3045 	strb.w	r3, [r6, #69]	@ 0x45
10006fa6:	f7ff fbaf 	bl	10006708 <vPortExitCritical>
10006faa:	f7ff fb9f 	bl	100066ec <vPortEnterCritical>
10006fae:	f896 3044 	ldrb.w	r3, [r6, #68]	@ 0x44
10006fb2:	b25c      	sxtb	r4, r3
10006fb4:	2c00      	cmp	r4, #0
10006fb6:	dd14      	ble.n	10006fe2 <prvUnlockQueue+0x92>
10006fb8:	f106 0510 	add.w	r5, r6, #16
10006fbc:	e003      	b.n	10006fc6 <prvUnlockQueue+0x76>
10006fbe:	1e63      	subs	r3, r4, #1
10006fc0:	b2da      	uxtb	r2, r3
10006fc2:	b25c      	sxtb	r4, r3
10006fc4:	b16a      	cbz	r2, 10006fe2 <prvUnlockQueue+0x92>
10006fc6:	6933      	ldr	r3, [r6, #16]
10006fc8:	b15b      	cbz	r3, 10006fe2 <prvUnlockQueue+0x92>
10006fca:	4628      	mov	r0, r5
10006fcc:	f001 f8b8 	bl	10008140 <xTaskRemoveFromEventList>
10006fd0:	2800      	cmp	r0, #0
10006fd2:	d0f4      	beq.n	10006fbe <prvUnlockQueue+0x6e>
10006fd4:	f001 f9ea 	bl	100083ac <vTaskMissedYield>
10006fd8:	1e63      	subs	r3, r4, #1
10006fda:	b2da      	uxtb	r2, r3
10006fdc:	b25c      	sxtb	r4, r3
10006fde:	2a00      	cmp	r2, #0
10006fe0:	d1f1      	bne.n	10006fc6 <prvUnlockQueue+0x76>
10006fe2:	23ff      	movs	r3, #255	@ 0xff
10006fe4:	f886 3044 	strb.w	r3, [r6, #68]	@ 0x44
10006fe8:	b005      	add	sp, #20
10006fea:	e8bd 43f0 	ldmia.w	sp!, {r4, r5, r6, r7, r8, r9, lr}
10006fee:	f7ff bb8b 	b.w	10006708 <vPortExitCritical>
10006ff2:	f894 8045 	ldrb.w	r8, [r4, #69]	@ 0x45
10006ff6:	6c22      	ldr	r2, [r4, #64]	@ 0x40
10006ff8:	f8d4 9038 	ldr.w	r9, [r4, #56]	@ 0x38
10006ffc:	fa4f f888 	sxtb.w	r8, r8
10007000:	b9a2      	cbnz	r2, 1000702c <prvUnlockQueue+0xdc>
10007002:	6823      	ldr	r3, [r4, #0]
10007004:	f109 0901 	add.w	r9, r9, #1
10007008:	b37b      	cbz	r3, 1000706a <prvUnlockQueue+0x11a>
1000700a:	f1b8 3fff 	cmp.w	r8, #4294967295	@ 0xffffffff
1000700e:	f8c4 9038 	str.w	r9, [r4, #56]	@ 0x38
10007012:	d11f      	bne.n	10007054 <prvUnlockQueue+0x104>
10007014:	6a63      	ldr	r3, [r4, #36]	@ 0x24
10007016:	2b00      	cmp	r3, #0
10007018:	d0ad      	beq.n	10006f76 <prvUnlockQueue+0x26>
1000701a:	f104 0024 	add.w	r0, r4, #36	@ 0x24
1000701e:	f001 f88f 	bl	10008140 <xTaskRemoveFromEventList>
10007022:	2800      	cmp	r0, #0
10007024:	d0a7      	beq.n	10006f76 <prvUnlockQueue+0x26>
10007026:	f001 f9c1 	bl	100083ac <vTaskMissedYield>
1000702a:	e7b4      	b.n	10006f96 <prvUnlockQueue+0x46>
1000702c:	a903      	add	r1, sp, #12
1000702e:	6860      	ldr	r0, [r4, #4]
10007030:	f003 fdec 	bl	1000ac0c <memcpy>
10007034:	6862      	ldr	r2, [r4, #4]
10007036:	6c21      	ldr	r1, [r4, #64]	@ 0x40
10007038:	f109 0301 	add.w	r3, r9, #1
1000703c:	440a      	add	r2, r1
1000703e:	68a1      	ldr	r1, [r4, #8]
10007040:	63a3      	str	r3, [r4, #56]	@ 0x38
10007042:	428a      	cmp	r2, r1
10007044:	bf28      	it	cs
10007046:	6823      	ldrcs	r3, [r4, #0]
10007048:	6062      	str	r2, [r4, #4]
1000704a:	bf28      	it	cs
1000704c:	6063      	strcs	r3, [r4, #4]
1000704e:	f1b8 3fff 	cmp.w	r8, #4294967295	@ 0xffffffff
10007052:	d0df      	beq.n	10007014 <prvUnlockQueue+0xc4>
10007054:	f000 fe9a 	bl	10007d8c <uxTaskGetNumberOfTasks>
10007058:	4540      	cmp	r0, r8
1000705a:	d98c      	bls.n	10006f76 <prvUnlockQueue+0x26>
1000705c:	f108 0801 	add.w	r8, r8, #1
10007060:	fa4f f888 	sxtb.w	r8, r8
10007064:	f884 8045 	strb.w	r8, [r4, #69]	@ 0x45
10007068:	e785      	b.n	10006f76 <prvUnlockQueue+0x26>
1000706a:	68a0      	ldr	r0, [r4, #8]
1000706c:	9301      	str	r3, [sp, #4]
1000706e:	f001 fc5f 	bl	10008930 <xTaskPriorityDisinherit>
10007072:	9b01      	ldr	r3, [sp, #4]
10007074:	f1b8 3fff 	cmp.w	r8, #4294967295	@ 0xffffffff
10007078:	f8c4 9038 	str.w	r9, [r4, #56]	@ 0x38
1000707c:	60a3      	str	r3, [r4, #8]
1000707e:	4681      	mov	r9, r0
10007080:	d108      	bne.n	10007094 <prvUnlockQueue+0x144>
10007082:	6a63      	ldr	r3, [r4, #36]	@ 0x24
10007084:	b99b      	cbnz	r3, 100070ae <prvUnlockQueue+0x15e>
10007086:	f1b9 0f00 	cmp.w	r9, #0
1000708a:	f43f af74 	beq.w	10006f76 <prvUnlockQueue+0x26>
1000708e:	f001 f98d 	bl	100083ac <vTaskMissedYield>
10007092:	e780      	b.n	10006f96 <prvUnlockQueue+0x46>
10007094:	f000 fe7a 	bl	10007d8c <uxTaskGetNumberOfTasks>
10007098:	4540      	cmp	r0, r8
1000709a:	d9f4      	bls.n	10007086 <prvUnlockQueue+0x136>
1000709c:	f108 0301 	add.w	r3, r8, #1
100070a0:	b25b      	sxtb	r3, r3
100070a2:	f884 3045 	strb.w	r3, [r4, #69]	@ 0x45
100070a6:	f1b9 0f00 	cmp.w	r9, #0
100070aa:	d1f0      	bne.n	1000708e <prvUnlockQueue+0x13e>
100070ac:	e763      	b.n	10006f76 <prvUnlockQueue+0x26>
100070ae:	f104 0024 	add.w	r0, r4, #36	@ 0x24
100070b2:	f001 f845 	bl	10008140 <xTaskRemoveFromEventList>
100070b6:	2800      	cmp	r0, #0
100070b8:	f47f af6b 	bne.w	10006f92 <prvUnlockQueue+0x42>
100070bc:	f1b9 0f00 	cmp.w	r9, #0
100070c0:	d1e5      	bne.n	1000708e <prvUnlockQueue+0x13e>
100070c2:	e758      	b.n	10006f76 <prvUnlockQueue+0x26>

100070c4 <prvNotifyQueueSetContainer>:
100070c4:	b5f0      	push	{r4, r5, r6, r7, lr}
100070c6:	6c84      	ldr	r4, [r0, #72]	@ 0x48
100070c8:	b083      	sub	sp, #12
100070ca:	6ba2      	ldr	r2, [r4, #56]	@ 0x38
100070cc:	6be3      	ldr	r3, [r4, #60]	@ 0x3c
100070ce:	9001      	str	r0, [sp, #4]
100070d0:	429a      	cmp	r2, r3
100070d2:	d303      	bcc.n	100070dc <prvNotifyQueueSetContainer+0x18>
100070d4:	2500      	movs	r5, #0
100070d6:	4628      	mov	r0, r5
100070d8:	b003      	add	sp, #12
100070da:	bdf0      	pop	{r4, r5, r6, r7, pc}
100070dc:	f894 6045 	ldrb.w	r6, [r4, #69]	@ 0x45
100070e0:	6c22      	ldr	r2, [r4, #64]	@ 0x40
100070e2:	6ba7      	ldr	r7, [r4, #56]	@ 0x38
100070e4:	b276      	sxtb	r6, r6
100070e6:	b1e2      	cbz	r2, 10007122 <prvNotifyQueueSetContainer+0x5e>
100070e8:	6860      	ldr	r0, [r4, #4]
100070ea:	a901      	add	r1, sp, #4
100070ec:	f003 fd8e 	bl	1000ac0c <memcpy>
100070f0:	6862      	ldr	r2, [r4, #4]
100070f2:	6c23      	ldr	r3, [r4, #64]	@ 0x40
100070f4:	441a      	add	r2, r3
100070f6:	68a3      	ldr	r3, [r4, #8]
100070f8:	6062      	str	r2, [r4, #4]
100070fa:	429a      	cmp	r2, r3
100070fc:	d301      	bcc.n	10007102 <prvNotifyQueueSetContainer+0x3e>
100070fe:	6823      	ldr	r3, [r4, #0]
10007100:	6063      	str	r3, [r4, #4]
10007102:	2500      	movs	r5, #0
10007104:	3701      	adds	r7, #1
10007106:	1c73      	adds	r3, r6, #1
10007108:	63a7      	str	r7, [r4, #56]	@ 0x38
1000710a:	d113      	bne.n	10007134 <prvNotifyQueueSetContainer+0x70>
1000710c:	6a63      	ldr	r3, [r4, #36]	@ 0x24
1000710e:	2b00      	cmp	r3, #0
10007110:	d0e1      	beq.n	100070d6 <prvNotifyQueueSetContainer+0x12>
10007112:	f104 0024 	add.w	r0, r4, #36	@ 0x24
10007116:	f001 f813 	bl	10008140 <xTaskRemoveFromEventList>
1000711a:	2800      	cmp	r0, #0
1000711c:	bf18      	it	ne
1000711e:	2501      	movne	r5, #1
10007120:	e7d9      	b.n	100070d6 <prvNotifyQueueSetContainer+0x12>
10007122:	6825      	ldr	r5, [r4, #0]
10007124:	2d00      	cmp	r5, #0
10007126:	d1ec      	bne.n	10007102 <prvNotifyQueueSetContainer+0x3e>
10007128:	68a0      	ldr	r0, [r4, #8]
1000712a:	f001 fc01 	bl	10008930 <xTaskPriorityDisinherit>
1000712e:	60a5      	str	r5, [r4, #8]
10007130:	4605      	mov	r5, r0
10007132:	e7e7      	b.n	10007104 <prvNotifyQueueSetContainer+0x40>
10007134:	f000 fe2a 	bl	10007d8c <uxTaskGetNumberOfTasks>
10007138:	4286      	cmp	r6, r0
1000713a:	d2cc      	bcs.n	100070d6 <prvNotifyQueueSetContainer+0x12>
1000713c:	3601      	adds	r6, #1
1000713e:	b276      	sxtb	r6, r6
10007140:	f884 6045 	strb.w	r6, [r4, #69]	@ 0x45
10007144:	e7c7      	b.n	100070d6 <prvNotifyQueueSetContainer+0x12>
10007146:	bf00      	nop

10007148 <xQueueGenericCreate>:
10007148:	b5f8      	push	{r3, r4, r5, r6, r7, lr}
1000714a:	b3c0      	cbz	r0, 100071be <xQueueGenericCreate+0x76>
1000714c:	4617      	mov	r7, r2
1000714e:	fba1 2300 	umull	r2, r3, r1, r0
10007152:	4605      	mov	r5, r0
10007154:	460e      	mov	r6, r1
10007156:	bb93      	cbnz	r3, 100071be <xQueueGenericCreate+0x76>
10007158:	fb01 f000 	mul.w	r0, r1, r0
1000715c:	f110 0f55 	cmn.w	r0, #85	@ 0x55
10007160:	d82d      	bhi.n	100071be <xQueueGenericCreate+0x76>
10007162:	3054      	adds	r0, #84	@ 0x54
10007164:	f7ff f88a 	bl	1000627c <pvPortMalloc>
10007168:	4604      	mov	r4, r0
1000716a:	b340      	cbz	r0, 100071be <xQueueGenericCreate+0x76>
1000716c:	b356      	cbz	r6, 100071c4 <xQueueGenericCreate+0x7c>
1000716e:	f100 0354 	add.w	r3, r0, #84	@ 0x54
10007172:	e9c4 560f 	strd	r5, r6, [r4, #60]	@ 0x3c
10007176:	6023      	str	r3, [r4, #0]
10007178:	f7ff fab8 	bl	100066ec <vPortEnterCritical>
1000717c:	2500      	movs	r5, #0
1000717e:	23ff      	movs	r3, #255	@ 0xff
10007180:	6c21      	ldr	r1, [r4, #64]	@ 0x40
10007182:	63a5      	str	r5, [r4, #56]	@ 0x38
10007184:	f884 3044 	strb.w	r3, [r4, #68]	@ 0x44
10007188:	f884 3045 	strb.w	r3, [r4, #69]	@ 0x45
1000718c:	6be3      	ldr	r3, [r4, #60]	@ 0x3c
1000718e:	6822      	ldr	r2, [r4, #0]
10007190:	fb01 f303 	mul.w	r3, r1, r3
10007194:	1a59      	subs	r1, r3, r1
10007196:	6062      	str	r2, [r4, #4]
10007198:	4413      	add	r3, r2
1000719a:	440a      	add	r2, r1
1000719c:	e9c4 3202 	strd	r3, r2, [r4, #8]
100071a0:	f104 0010 	add.w	r0, r4, #16
100071a4:	f7ff fe4e 	bl	10006e44 <vListInitialise>
100071a8:	f104 0024 	add.w	r0, r4, #36	@ 0x24
100071ac:	f7ff fe4a 	bl	10006e44 <vListInitialise>
100071b0:	f7ff faaa 	bl	10006708 <vPortExitCritical>
100071b4:	f884 7050 	strb.w	r7, [r4, #80]	@ 0x50
100071b8:	4620      	mov	r0, r4
100071ba:	64a5      	str	r5, [r4, #72]	@ 0x48
100071bc:	bdf8      	pop	{r3, r4, r5, r6, r7, pc}
100071be:	2400      	movs	r4, #0
100071c0:	4620      	mov	r0, r4
100071c2:	bdf8      	pop	{r3, r4, r5, r6, r7, pc}
100071c4:	4603      	mov	r3, r0
100071c6:	e7d4      	b.n	10007172 <xQueueGenericCreate+0x2a>

100071c8 <xQueueGenericSendFromISR>:
100071c8:	e92d 43f8 	stmdb	sp!, {r3, r4, r5, r6, r7, r8, r9, lr}
100071cc:	4604      	mov	r4, r0
100071ce:	4690      	mov	r8, r2
100071d0:	461d      	mov	r5, r3
100071d2:	460f      	mov	r7, r1
100071d4:	f7ff fb84 	bl	100068e0 <vPortValidateInterruptPriority>
100071d8:	f7ff fcf8 	bl	10006bcc <ulSetInterruptMask>
100071dc:	6ba2      	ldr	r2, [r4, #56]	@ 0x38
100071de:	6be3      	ldr	r3, [r4, #60]	@ 0x3c
100071e0:	4606      	mov	r6, r0
100071e2:	429a      	cmp	r2, r3
100071e4:	d308      	bcc.n	100071f8 <xQueueGenericSendFromISR+0x30>
100071e6:	2d02      	cmp	r5, #2
100071e8:	d006      	beq.n	100071f8 <xQueueGenericSendFromISR+0x30>
100071ea:	2400      	movs	r4, #0
100071ec:	4630      	mov	r0, r6
100071ee:	f7ff fcf9 	bl	10006be4 <vClearInterruptMask>
100071f2:	4620      	mov	r0, r4
100071f4:	e8bd 83f8 	ldmia.w	sp!, {r3, r4, r5, r6, r7, r8, r9, pc}
100071f8:	4639      	mov	r1, r7
100071fa:	f894 7045 	ldrb.w	r7, [r4, #69]	@ 0x45
100071fe:	462a      	mov	r2, r5
10007200:	4620      	mov	r0, r4
10007202:	b27f      	sxtb	r7, r7
10007204:	f8d4 9038 	ldr.w	r9, [r4, #56]	@ 0x38
10007208:	f7ff fe66 	bl	10006ed8 <prvCopyDataToQueue>
1000720c:	1c7b      	adds	r3, r7, #1
1000720e:	d108      	bne.n	10007222 <xQueueGenericSendFromISR+0x5a>
10007210:	6ca3      	ldr	r3, [r4, #72]	@ 0x48
10007212:	b17b      	cbz	r3, 10007234 <xQueueGenericSendFromISR+0x6c>
10007214:	2d02      	cmp	r5, #2
10007216:	d11d      	bne.n	10007254 <xQueueGenericSendFromISR+0x8c>
10007218:	f1b9 0f00 	cmp.w	r9, #0
1000721c:	d01a      	beq.n	10007254 <xQueueGenericSendFromISR+0x8c>
1000721e:	2401      	movs	r4, #1
10007220:	e7e4      	b.n	100071ec <xQueueGenericSendFromISR+0x24>
10007222:	f000 fdb3 	bl	10007d8c <uxTaskGetNumberOfTasks>
10007226:	4287      	cmp	r7, r0
10007228:	d2f9      	bcs.n	1000721e <xQueueGenericSendFromISR+0x56>
1000722a:	3701      	adds	r7, #1
1000722c:	b27f      	sxtb	r7, r7
1000722e:	f884 7045 	strb.w	r7, [r4, #69]	@ 0x45
10007232:	e7f4      	b.n	1000721e <xQueueGenericSendFromISR+0x56>
10007234:	6a63      	ldr	r3, [r4, #36]	@ 0x24
10007236:	2b00      	cmp	r3, #0
10007238:	d0f1      	beq.n	1000721e <xQueueGenericSendFromISR+0x56>
1000723a:	f104 0024 	add.w	r0, r4, #36	@ 0x24
1000723e:	f000 ff7f 	bl	10008140 <xTaskRemoveFromEventList>
10007242:	2800      	cmp	r0, #0
10007244:	d0eb      	beq.n	1000721e <xQueueGenericSendFromISR+0x56>
10007246:	f1b8 0f00 	cmp.w	r8, #0
1000724a:	d0e8      	beq.n	1000721e <xQueueGenericSendFromISR+0x56>
1000724c:	2301      	movs	r3, #1
1000724e:	f8c8 3000 	str.w	r3, [r8]
10007252:	e7e4      	b.n	1000721e <xQueueGenericSendFromISR+0x56>
10007254:	4620      	mov	r0, r4
10007256:	f7ff ff35 	bl	100070c4 <prvNotifyQueueSetContainer>
1000725a:	2800      	cmp	r0, #0
1000725c:	d0df      	beq.n	1000721e <xQueueGenericSendFromISR+0x56>
1000725e:	e7f2      	b.n	10007246 <xQueueGenericSendFromISR+0x7e>

10007260 <xQueueReceive>:
10007260:	b5f0      	push	{r4, r5, r6, r7, lr}
10007262:	4604      	mov	r4, r0
10007264:	b085      	sub	sp, #20
10007266:	460f      	mov	r7, r1
10007268:	9201      	str	r2, [sp, #4]
1000726a:	f7ff fa3f 	bl	100066ec <vPortEnterCritical>
1000726e:	6ba5      	ldr	r5, [r4, #56]	@ 0x38
10007270:	2d00      	cmp	r5, #0
10007272:	d153      	bne.n	1000731c <xQueueReceive+0xbc>
10007274:	9b01      	ldr	r3, [sp, #4]
10007276:	b3a3      	cbz	r3, 100072e2 <xQueueReceive+0x82>
10007278:	a802      	add	r0, sp, #8
1000727a:	f001 f84f 	bl	1000831c <vTaskInternalSetTimeOutState>
1000727e:	462e      	mov	r6, r5
10007280:	f7ff fa42 	bl	10006708 <vPortExitCritical>
10007284:	f000 fbf0 	bl	10007a68 <vTaskSuspendAll>
10007288:	f7ff fa30 	bl	100066ec <vPortEnterCritical>
1000728c:	f894 3044 	ldrb.w	r3, [r4, #68]	@ 0x44
10007290:	2bff      	cmp	r3, #255	@ 0xff
10007292:	bf08      	it	eq
10007294:	f884 6044 	strbeq.w	r6, [r4, #68]	@ 0x44
10007298:	f894 3045 	ldrb.w	r3, [r4, #69]	@ 0x45
1000729c:	2bff      	cmp	r3, #255	@ 0xff
1000729e:	bf08      	it	eq
100072a0:	f884 6045 	strbeq.w	r6, [r4, #69]	@ 0x45
100072a4:	f7ff fa30 	bl	10006708 <vPortExitCritical>
100072a8:	a901      	add	r1, sp, #4
100072aa:	a802      	add	r0, sp, #8
100072ac:	f001 f842 	bl	10008334 <xTaskCheckForTimeOut>
100072b0:	b9e0      	cbnz	r0, 100072ec <xQueueReceive+0x8c>
100072b2:	f7ff fa1b 	bl	100066ec <vPortEnterCritical>
100072b6:	6ba3      	ldr	r3, [r4, #56]	@ 0x38
100072b8:	bb2b      	cbnz	r3, 10007306 <xQueueReceive+0xa6>
100072ba:	f7ff fa25 	bl	10006708 <vPortExitCritical>
100072be:	9901      	ldr	r1, [sp, #4]
100072c0:	f104 0024 	add.w	r0, r4, #36	@ 0x24
100072c4:	f000 fdc6 	bl	10007e54 <vTaskPlaceOnEventList>
100072c8:	4620      	mov	r0, r4
100072ca:	f7ff fe41 	bl	10006f50 <prvUnlockQueue>
100072ce:	f000 fbd3 	bl	10007a78 <xTaskResumeAll>
100072d2:	b300      	cbz	r0, 10007316 <xQueueReceive+0xb6>
100072d4:	f7ff fa0a 	bl	100066ec <vPortEnterCritical>
100072d8:	6ba5      	ldr	r5, [r4, #56]	@ 0x38
100072da:	b9fd      	cbnz	r5, 1000731c <xQueueReceive+0xbc>
100072dc:	9b01      	ldr	r3, [sp, #4]
100072de:	2b00      	cmp	r3, #0
100072e0:	d1ce      	bne.n	10007280 <xQueueReceive+0x20>
100072e2:	f7ff fa11 	bl	10006708 <vPortExitCritical>
100072e6:	2000      	movs	r0, #0
100072e8:	b005      	add	sp, #20
100072ea:	bdf0      	pop	{r4, r5, r6, r7, pc}
100072ec:	4620      	mov	r0, r4
100072ee:	f7ff fe2f 	bl	10006f50 <prvUnlockQueue>
100072f2:	f000 fbc1 	bl	10007a78 <xTaskResumeAll>
100072f6:	f7ff f9f9 	bl	100066ec <vPortEnterCritical>
100072fa:	6ba3      	ldr	r3, [r4, #56]	@ 0x38
100072fc:	2b00      	cmp	r3, #0
100072fe:	d0f0      	beq.n	100072e2 <xQueueReceive+0x82>
10007300:	f7ff fa02 	bl	10006708 <vPortExitCritical>
10007304:	e7e6      	b.n	100072d4 <xQueueReceive+0x74>
10007306:	f7ff f9ff 	bl	10006708 <vPortExitCritical>
1000730a:	4620      	mov	r0, r4
1000730c:	f7ff fe20 	bl	10006f50 <prvUnlockQueue>
10007310:	f000 fbb2 	bl	10007a78 <xTaskResumeAll>
10007314:	e7de      	b.n	100072d4 <xQueueReceive+0x74>
10007316:	f7ff f9dd 	bl	100066d4 <vPortYield>
1000731a:	e7db      	b.n	100072d4 <xQueueReceive+0x74>
1000731c:	6c22      	ldr	r2, [r4, #64]	@ 0x40
1000731e:	b15a      	cbz	r2, 10007338 <xQueueReceive+0xd8>
10007320:	68e1      	ldr	r1, [r4, #12]
10007322:	68a3      	ldr	r3, [r4, #8]
10007324:	4411      	add	r1, r2
10007326:	4299      	cmp	r1, r3
10007328:	60e1      	str	r1, [r4, #12]
1000732a:	bf28      	it	cs
1000732c:	6821      	ldrcs	r1, [r4, #0]
1000732e:	4638      	mov	r0, r7
10007330:	bf28      	it	cs
10007332:	60e1      	strcs	r1, [r4, #12]
10007334:	f003 fc6a 	bl	1000ac0c <memcpy>
10007338:	6923      	ldr	r3, [r4, #16]
1000733a:	3d01      	subs	r5, #1
1000733c:	63a5      	str	r5, [r4, #56]	@ 0x38
1000733e:	b923      	cbnz	r3, 1000734a <xQueueReceive+0xea>
10007340:	f7ff f9e2 	bl	10006708 <vPortExitCritical>
10007344:	2001      	movs	r0, #1
10007346:	b005      	add	sp, #20
10007348:	bdf0      	pop	{r4, r5, r6, r7, pc}
1000734a:	f104 0010 	add.w	r0, r4, #16
1000734e:	f000 fef7 	bl	10008140 <xTaskRemoveFromEventList>
10007352:	2800      	cmp	r0, #0
10007354:	d0f4      	beq.n	10007340 <xQueueReceive+0xe0>
10007356:	f7ff f9bd 	bl	100066d4 <vPortYield>
1000735a:	e7f1      	b.n	10007340 <xQueueReceive+0xe0>

1000735c <vQueueAddToRegistry>:
1000735c:	2900      	cmp	r1, #0
1000735e:	d055      	beq.n	1000740c <vQueueAddToRegistry+0xb0>
10007360:	4b44      	ldr	r3, [pc, #272]	@ (10007474 <vQueueAddToRegistry+0x118>)
10007362:	685a      	ldr	r2, [r3, #4]
10007364:	4290      	cmp	r0, r2
10007366:	d072      	beq.n	1000744e <vQueueAddToRegistry+0xf2>
10007368:	681a      	ldr	r2, [r3, #0]
1000736a:	b410      	push	{r4}
1000736c:	2a00      	cmp	r2, #0
1000736e:	d02c      	beq.n	100073ca <vQueueAddToRegistry+0x6e>
10007370:	68da      	ldr	r2, [r3, #12]
10007372:	4290      	cmp	r0, r2
10007374:	d07b      	beq.n	1000746e <vQueueAddToRegistry+0x112>
10007376:	689a      	ldr	r2, [r3, #8]
10007378:	2a00      	cmp	r2, #0
1000737a:	d041      	beq.n	10007400 <vQueueAddToRegistry+0xa4>
1000737c:	695a      	ldr	r2, [r3, #20]
1000737e:	4290      	cmp	r0, r2
10007380:	d073      	beq.n	1000746a <vQueueAddToRegistry+0x10e>
10007382:	691a      	ldr	r2, [r3, #16]
10007384:	2a00      	cmp	r2, #0
10007386:	d042      	beq.n	1000740e <vQueueAddToRegistry+0xb2>
10007388:	69da      	ldr	r2, [r3, #28]
1000738a:	4290      	cmp	r0, r2
1000738c:	d065      	beq.n	1000745a <vQueueAddToRegistry+0xfe>
1000738e:	699a      	ldr	r2, [r3, #24]
10007390:	2a00      	cmp	r2, #0
10007392:	d042      	beq.n	1000741a <vQueueAddToRegistry+0xbe>
10007394:	6a5a      	ldr	r2, [r3, #36]	@ 0x24
10007396:	4290      	cmp	r0, r2
10007398:	d044      	beq.n	10007424 <vQueueAddToRegistry+0xc8>
1000739a:	6a1a      	ldr	r2, [r3, #32]
1000739c:	2a00      	cmp	r2, #0
1000739e:	d045      	beq.n	1000742c <vQueueAddToRegistry+0xd0>
100073a0:	6ada      	ldr	r2, [r3, #44]	@ 0x2c
100073a2:	4290      	cmp	r0, r2
100073a4:	d05b      	beq.n	1000745e <vQueueAddToRegistry+0x102>
100073a6:	6a9a      	ldr	r2, [r3, #40]	@ 0x28
100073a8:	2a00      	cmp	r2, #0
100073aa:	d044      	beq.n	10007436 <vQueueAddToRegistry+0xda>
100073ac:	6b5a      	ldr	r2, [r3, #52]	@ 0x34
100073ae:	4290      	cmp	r0, r2
100073b0:	d057      	beq.n	10007462 <vQueueAddToRegistry+0x106>
100073b2:	6b1a      	ldr	r2, [r3, #48]	@ 0x30
100073b4:	2a00      	cmp	r2, #0
100073b6:	d043      	beq.n	10007440 <vQueueAddToRegistry+0xe4>
100073b8:	6bda      	ldr	r2, [r3, #60]	@ 0x3c
100073ba:	4290      	cmp	r0, r2
100073bc:	d053      	beq.n	10007466 <vQueueAddToRegistry+0x10a>
100073be:	6b9b      	ldr	r3, [r3, #56]	@ 0x38
100073c0:	2b00      	cmp	r3, #0
100073c2:	d042      	beq.n	1000744a <vQueueAddToRegistry+0xee>
100073c4:	f85d 4b04 	ldr.w	r4, [sp], #4
100073c8:	4770      	bx	lr
100073ca:	68da      	ldr	r2, [r3, #12]
100073cc:	4290      	cmp	r0, r2
100073ce:	d04e      	beq.n	1000746e <vQueueAddToRegistry+0x112>
100073d0:	695a      	ldr	r2, [r3, #20]
100073d2:	4290      	cmp	r0, r2
100073d4:	d049      	beq.n	1000746a <vQueueAddToRegistry+0x10e>
100073d6:	461a      	mov	r2, r3
100073d8:	69dc      	ldr	r4, [r3, #28]
100073da:	42a0      	cmp	r0, r4
100073dc:	d03d      	beq.n	1000745a <vQueueAddToRegistry+0xfe>
100073de:	6a5c      	ldr	r4, [r3, #36]	@ 0x24
100073e0:	42a0      	cmp	r0, r4
100073e2:	d01f      	beq.n	10007424 <vQueueAddToRegistry+0xc8>
100073e4:	6adc      	ldr	r4, [r3, #44]	@ 0x2c
100073e6:	42a0      	cmp	r0, r4
100073e8:	d039      	beq.n	1000745e <vQueueAddToRegistry+0x102>
100073ea:	6b5c      	ldr	r4, [r3, #52]	@ 0x34
100073ec:	42a0      	cmp	r0, r4
100073ee:	d038      	beq.n	10007462 <vQueueAddToRegistry+0x106>
100073f0:	6bdc      	ldr	r4, [r3, #60]	@ 0x3c
100073f2:	42a0      	cmp	r0, r4
100073f4:	d037      	beq.n	10007466 <vQueueAddToRegistry+0x10a>
100073f6:	e9c2 1000 	strd	r1, r0, [r2]
100073fa:	f85d 4b04 	ldr.w	r4, [sp], #4
100073fe:	4770      	bx	lr
10007400:	695a      	ldr	r2, [r3, #20]
10007402:	4290      	cmp	r0, r2
10007404:	d031      	beq.n	1000746a <vQueueAddToRegistry+0x10e>
10007406:	f103 0208 	add.w	r2, r3, #8
1000740a:	e7e5      	b.n	100073d8 <vQueueAddToRegistry+0x7c>
1000740c:	4770      	bx	lr
1000740e:	69da      	ldr	r2, [r3, #28]
10007410:	4290      	cmp	r0, r2
10007412:	d022      	beq.n	1000745a <vQueueAddToRegistry+0xfe>
10007414:	f103 0210 	add.w	r2, r3, #16
10007418:	e7e1      	b.n	100073de <vQueueAddToRegistry+0x82>
1000741a:	6a5a      	ldr	r2, [r3, #36]	@ 0x24
1000741c:	4290      	cmp	r0, r2
1000741e:	d001      	beq.n	10007424 <vQueueAddToRegistry+0xc8>
10007420:	4a15      	ldr	r2, [pc, #84]	@ (10007478 <vQueueAddToRegistry+0x11c>)
10007422:	e7df      	b.n	100073e4 <vQueueAddToRegistry+0x88>
10007424:	2204      	movs	r2, #4
10007426:	eb03 02c2 	add.w	r2, r3, r2, lsl #3
1000742a:	e7e4      	b.n	100073f6 <vQueueAddToRegistry+0x9a>
1000742c:	6ada      	ldr	r2, [r3, #44]	@ 0x2c
1000742e:	4290      	cmp	r0, r2
10007430:	d015      	beq.n	1000745e <vQueueAddToRegistry+0x102>
10007432:	4a12      	ldr	r2, [pc, #72]	@ (1000747c <vQueueAddToRegistry+0x120>)
10007434:	e7d9      	b.n	100073ea <vQueueAddToRegistry+0x8e>
10007436:	6b5a      	ldr	r2, [r3, #52]	@ 0x34
10007438:	4290      	cmp	r0, r2
1000743a:	d012      	beq.n	10007462 <vQueueAddToRegistry+0x106>
1000743c:	4a10      	ldr	r2, [pc, #64]	@ (10007480 <vQueueAddToRegistry+0x124>)
1000743e:	e7d7      	b.n	100073f0 <vQueueAddToRegistry+0x94>
10007440:	6bda      	ldr	r2, [r3, #60]	@ 0x3c
10007442:	4290      	cmp	r0, r2
10007444:	d00f      	beq.n	10007466 <vQueueAddToRegistry+0x10a>
10007446:	4a0f      	ldr	r2, [pc, #60]	@ (10007484 <vQueueAddToRegistry+0x128>)
10007448:	e7d5      	b.n	100073f6 <vQueueAddToRegistry+0x9a>
1000744a:	4a0f      	ldr	r2, [pc, #60]	@ (10007488 <vQueueAddToRegistry+0x12c>)
1000744c:	e7d3      	b.n	100073f6 <vQueueAddToRegistry+0x9a>
1000744e:	2200      	movs	r2, #0
10007450:	eb03 02c2 	add.w	r2, r3, r2, lsl #3
10007454:	e9c2 1000 	strd	r1, r0, [r2]
10007458:	4770      	bx	lr
1000745a:	2203      	movs	r2, #3
1000745c:	e7e3      	b.n	10007426 <vQueueAddToRegistry+0xca>
1000745e:	2205      	movs	r2, #5
10007460:	e7e1      	b.n	10007426 <vQueueAddToRegistry+0xca>
10007462:	2206      	movs	r2, #6
10007464:	e7df      	b.n	10007426 <vQueueAddToRegistry+0xca>
10007466:	2207      	movs	r2, #7
10007468:	e7dd      	b.n	10007426 <vQueueAddToRegistry+0xca>
1000746a:	2202      	movs	r2, #2
1000746c:	e7db      	b.n	10007426 <vQueueAddToRegistry+0xca>
1000746e:	2201      	movs	r2, #1
10007470:	e7d9      	b.n	10007426 <vQueueAddToRegistry+0xca>
10007472:	bf00      	nop
10007474:	20002c98 	.word	0x20002c98
10007478:	20002cb0 	.word	0x20002cb0
1000747c:	20002cb8 	.word	0x20002cb8
10007480:	20002cc0 	.word	0x20002cc0
10007484:	20002cc8 	.word	0x20002cc8
10007488:	20002cd0 	.word	0x20002cd0

1000748c <vQueueWaitForMessageRestricted>:
1000748c:	b570      	push	{r4, r5, r6, lr}
1000748e:	4604      	mov	r4, r0
10007490:	460e      	mov	r6, r1
10007492:	4615      	mov	r5, r2
10007494:	f7ff f92a 	bl	100066ec <vPortEnterCritical>
10007498:	f894 3044 	ldrb.w	r3, [r4, #68]	@ 0x44
1000749c:	2bff      	cmp	r3, #255	@ 0xff
1000749e:	bf04      	itt	eq
100074a0:	2300      	moveq	r3, #0
100074a2:	f884 3044 	strbeq.w	r3, [r4, #68]	@ 0x44
100074a6:	f894 3045 	ldrb.w	r3, [r4, #69]	@ 0x45
100074aa:	2bff      	cmp	r3, #255	@ 0xff
100074ac:	bf04      	itt	eq
100074ae:	2300      	moveq	r3, #0
100074b0:	f884 3045 	strbeq.w	r3, [r4, #69]	@ 0x45
100074b4:	f7ff f928 	bl	10006708 <vPortExitCritical>
100074b8:	6ba3      	ldr	r3, [r4, #56]	@ 0x38
100074ba:	b123      	cbz	r3, 100074c6 <vQueueWaitForMessageRestricted+0x3a>
100074bc:	4620      	mov	r0, r4
100074be:	e8bd 4070 	ldmia.w	sp!, {r4, r5, r6, lr}
100074c2:	f7ff bd45 	b.w	10006f50 <prvUnlockQueue>
100074c6:	f104 0024 	add.w	r0, r4, #36	@ 0x24
100074ca:	462a      	mov	r2, r5
100074cc:	4631      	mov	r1, r6
100074ce:	f000 fd9d 	bl	1000800c <vTaskPlaceOnEventListRestricted>
100074d2:	4620      	mov	r0, r4
100074d4:	e8bd 4070 	ldmia.w	sp!, {r4, r5, r6, lr}
100074d8:	f7ff bd3a 	b.w	10006f50 <prvUnlockQueue>

100074dc <prvAddNewTaskToReadyList>:
100074dc:	e92d 41f0 	stmdb	sp!, {r4, r5, r6, r7, r8, lr}
100074e0:	4604      	mov	r4, r0
100074e2:	f7ff f903 	bl	100066ec <vPortEnterCritical>
100074e6:	4a3a      	ldr	r2, [pc, #232]	@ (100075d0 <prvAddNewTaskToReadyList+0xf4>)
100074e8:	4e3a      	ldr	r6, [pc, #232]	@ (100075d4 <prvAddNewTaskToReadyList+0xf8>)
100074ea:	6813      	ldr	r3, [r2, #0]
100074ec:	3301      	adds	r3, #1
100074ee:	6013      	str	r3, [r2, #0]
100074f0:	6833      	ldr	r3, [r6, #0]
100074f2:	2b00      	cmp	r3, #0
100074f4:	d03c      	beq.n	10007570 <prvAddNewTaskToReadyList+0x94>
100074f6:	4d38      	ldr	r5, [pc, #224]	@ (100075d8 <prvAddNewTaskToReadyList+0xfc>)
100074f8:	6ae2      	ldr	r2, [r4, #44]	@ 0x2c
100074fa:	682b      	ldr	r3, [r5, #0]
100074fc:	b38b      	cbz	r3, 10007562 <prvAddNewTaskToReadyList+0x86>
100074fe:	4f37      	ldr	r7, [pc, #220]	@ (100075dc <prvAddNewTaskToReadyList+0x100>)
10007500:	2101      	movs	r1, #1
10007502:	f8df e0f4 	ldr.w	lr, [pc, #244]	@ 100075f8 <prvAddNewTaskToReadyList+0x11c>
10007506:	eb02 0382 	add.w	r3, r2, r2, lsl #2
1000750a:	4091      	lsls	r1, r2
1000750c:	f8de 2000 	ldr.w	r2, [lr]
10007510:	f8df 80e8 	ldr.w	r8, [pc, #232]	@ 100075fc <prvAddNewTaskToReadyList+0x120>
10007514:	eb07 0c83 	add.w	ip, r7, r3, lsl #2
10007518:	3201      	adds	r2, #1
1000751a:	f8dc 0004 	ldr.w	r0, [ip, #4]
1000751e:	f8ce 2000 	str.w	r2, [lr]
10007522:	6462      	str	r2, [r4, #68]	@ 0x44
10007524:	f8d8 2000 	ldr.w	r2, [r8]
10007528:	009b      	lsls	r3, r3, #2
1000752a:	430a      	orrs	r2, r1
1000752c:	f8d0 e008 	ldr.w	lr, [r0, #8]
10007530:	f8c8 2000 	str.w	r2, [r8]
10007534:	58fa      	ldr	r2, [r7, r3]
10007536:	1d21      	adds	r1, r4, #4
10007538:	60a0      	str	r0, [r4, #8]
1000753a:	f8c4 e00c 	str.w	lr, [r4, #12]
1000753e:	3201      	adds	r2, #1
10007540:	f8ce 1004 	str.w	r1, [lr, #4]
10007544:	6081      	str	r1, [r0, #8]
10007546:	f8c4 c014 	str.w	ip, [r4, #20]
1000754a:	50fa      	str	r2, [r7, r3]
1000754c:	f7ff f8dc 	bl	10006708 <vPortExitCritical>
10007550:	682b      	ldr	r3, [r5, #0]
10007552:	b123      	cbz	r3, 1000755e <prvAddNewTaskToReadyList+0x82>
10007554:	6832      	ldr	r2, [r6, #0]
10007556:	6ae3      	ldr	r3, [r4, #44]	@ 0x2c
10007558:	6ad2      	ldr	r2, [r2, #44]	@ 0x2c
1000755a:	429a      	cmp	r2, r3
1000755c:	d310      	bcc.n	10007580 <prvAddNewTaskToReadyList+0xa4>
1000755e:	e8bd 81f0 	ldmia.w	sp!, {r4, r5, r6, r7, r8, pc}
10007562:	6833      	ldr	r3, [r6, #0]
10007564:	4f1d      	ldr	r7, [pc, #116]	@ (100075dc <prvAddNewTaskToReadyList+0x100>)
10007566:	6adb      	ldr	r3, [r3, #44]	@ 0x2c
10007568:	4293      	cmp	r3, r2
1000756a:	bf98      	it	ls
1000756c:	6034      	strls	r4, [r6, #0]
1000756e:	e7c7      	b.n	10007500 <prvAddNewTaskToReadyList+0x24>
10007570:	6034      	str	r4, [r6, #0]
10007572:	6813      	ldr	r3, [r2, #0]
10007574:	2b01      	cmp	r3, #1
10007576:	d007      	beq.n	10007588 <prvAddNewTaskToReadyList+0xac>
10007578:	6ae2      	ldr	r2, [r4, #44]	@ 0x2c
1000757a:	4f18      	ldr	r7, [pc, #96]	@ (100075dc <prvAddNewTaskToReadyList+0x100>)
1000757c:	4d16      	ldr	r5, [pc, #88]	@ (100075d8 <prvAddNewTaskToReadyList+0xfc>)
1000757e:	e7bf      	b.n	10007500 <prvAddNewTaskToReadyList+0x24>
10007580:	e8bd 41f0 	ldmia.w	sp!, {r4, r5, r6, r7, r8, lr}
10007584:	f7ff b8a6 	b.w	100066d4 <vPortYield>
10007588:	4f14      	ldr	r7, [pc, #80]	@ (100075dc <prvAddNewTaskToReadyList+0x100>)
1000758a:	463d      	mov	r5, r7
1000758c:	f507 7820 	add.w	r8, r7, #640	@ 0x280
10007590:	4628      	mov	r0, r5
10007592:	3514      	adds	r5, #20
10007594:	f7ff fc56 	bl	10006e44 <vListInitialise>
10007598:	4545      	cmp	r5, r8
1000759a:	d1f9      	bne.n	10007590 <prvAddNewTaskToReadyList+0xb4>
1000759c:	f8df 8060 	ldr.w	r8, [pc, #96]	@ 10007600 <prvAddNewTaskToReadyList+0x124>
100075a0:	4d0f      	ldr	r5, [pc, #60]	@ (100075e0 <prvAddNewTaskToReadyList+0x104>)
100075a2:	4640      	mov	r0, r8
100075a4:	f7ff fc4e 	bl	10006e44 <vListInitialise>
100075a8:	4628      	mov	r0, r5
100075aa:	f7ff fc4b 	bl	10006e44 <vListInitialise>
100075ae:	480d      	ldr	r0, [pc, #52]	@ (100075e4 <prvAddNewTaskToReadyList+0x108>)
100075b0:	f7ff fc48 	bl	10006e44 <vListInitialise>
100075b4:	480c      	ldr	r0, [pc, #48]	@ (100075e8 <prvAddNewTaskToReadyList+0x10c>)
100075b6:	f7ff fc45 	bl	10006e44 <vListInitialise>
100075ba:	480c      	ldr	r0, [pc, #48]	@ (100075ec <prvAddNewTaskToReadyList+0x110>)
100075bc:	f7ff fc42 	bl	10006e44 <vListInitialise>
100075c0:	4b0b      	ldr	r3, [pc, #44]	@ (100075f0 <prvAddNewTaskToReadyList+0x114>)
100075c2:	6ae2      	ldr	r2, [r4, #44]	@ 0x2c
100075c4:	f8c3 8000 	str.w	r8, [r3]
100075c8:	4b0a      	ldr	r3, [pc, #40]	@ (100075f4 <prvAddNewTaskToReadyList+0x118>)
100075ca:	601d      	str	r5, [r3, #0]
100075cc:	4d02      	ldr	r5, [pc, #8]	@ (100075d8 <prvAddNewTaskToReadyList+0xfc>)
100075ce:	e797      	b.n	10007500 <prvAddNewTaskToReadyList+0x24>
100075d0:	20023c04 	.word	0x20023c04
100075d4:	2000392c 	.word	0x2000392c
100075d8:	20023ca8 	.word	0x20023ca8
100075dc:	20003944 	.word	0x20003944
100075e0:	20023c54 	.word	0x20023c54
100075e4:	20023c94 	.word	0x20023c94
100075e8:	20023cc8 	.word	0x20023cc8
100075ec:	20023cb4 	.word	0x20023cb4
100075f0:	20003934 	.word	0x20003934
100075f4:	2000393c 	.word	0x2000393c
100075f8:	20023c10 	.word	0x20023c10
100075fc:	20023c14 	.word	0x20023c14
10007600:	20023c40 	.word	0x20023c40

10007604 <xTaskIncrementTick.part.0>:
10007604:	e92d 4ff0 	stmdb	sp!, {r4, r5, r6, r7, r8, r9, sl, fp, lr}
10007608:	4b56      	ldr	r3, [pc, #344]	@ (10007764 <xTaskIncrementTick.part.0+0x160>)
1000760a:	b083      	sub	sp, #12
1000760c:	681d      	ldr	r5, [r3, #0]
1000760e:	3501      	adds	r5, #1
10007610:	601d      	str	r5, [r3, #0]
10007612:	2d00      	cmp	r5, #0
10007614:	d06c      	beq.n	100076f0 <xTaskIncrementTick.part.0+0xec>
10007616:	4954      	ldr	r1, [pc, #336]	@ (10007768 <xTaskIncrementTick.part.0+0x164>)
10007618:	680b      	ldr	r3, [r1, #0]
1000761a:	429d      	cmp	r5, r3
1000761c:	d37c      	bcc.n	10007718 <xTaskIncrementTick.part.0+0x114>
1000761e:	4e53      	ldr	r6, [pc, #332]	@ (1000776c <xTaskIncrementTick.part.0+0x168>)
10007620:	6833      	ldr	r3, [r6, #0]
10007622:	6818      	ldr	r0, [r3, #0]
10007624:	2800      	cmp	r0, #0
10007626:	f000 8099 	beq.w	1000775c <xTaskIncrementTick.part.0+0x158>
1000762a:	2000      	movs	r0, #0
1000762c:	4b50      	ldr	r3, [pc, #320]	@ (10007770 <xTaskIncrementTick.part.0+0x16c>)
1000762e:	4686      	mov	lr, r0
10007630:	46aa      	mov	sl, r5
10007632:	4681      	mov	r9, r0
10007634:	4c4f      	ldr	r4, [pc, #316]	@ (10007774 <xTaskIncrementTick.part.0+0x170>)
10007636:	4f50      	ldr	r7, [pc, #320]	@ (10007778 <xTaskIncrementTick.part.0+0x174>)
10007638:	9300      	str	r3, [sp, #0]
1000763a:	9101      	str	r1, [sp, #4]
1000763c:	e04b      	b.n	100076d6 <xTaskIncrementTick.part.0+0xd2>
1000763e:	6958      	ldr	r0, [r3, #20]
10007640:	e9d3 2c02 	ldrd	r2, ip, [r3, #8]
10007644:	f8c2 c008 	str.w	ip, [r2, #8]
10007648:	f8cc 2004 	str.w	r2, [ip, #4]
1000764c:	6842      	ldr	r2, [r0, #4]
1000764e:	428a      	cmp	r2, r1
10007650:	6802      	ldr	r2, [r0, #0]
10007652:	bf08      	it	eq
10007654:	f8c0 c004 	streq.w	ip, [r0, #4]
10007658:	3a01      	subs	r2, #1
1000765a:	f8c3 e014 	str.w	lr, [r3, #20]
1000765e:	6002      	str	r2, [r0, #0]
10007660:	6a98      	ldr	r0, [r3, #40]	@ 0x28
10007662:	b178      	cbz	r0, 10007684 <xTaskIncrementTick.part.0+0x80>
10007664:	e9d3 2c07 	ldrd	r2, ip, [r3, #28]
10007668:	f8c2 c008 	str.w	ip, [r2, #8]
1000766c:	f8cc 2004 	str.w	r2, [ip, #4]
10007670:	6842      	ldr	r2, [r0, #4]
10007672:	42aa      	cmp	r2, r5
10007674:	6802      	ldr	r2, [r0, #0]
10007676:	bf08      	it	eq
10007678:	f8c0 c004 	streq.w	ip, [r0, #4]
1000767c:	3a01      	subs	r2, #1
1000767e:	f8c3 e028 	str.w	lr, [r3, #40]	@ 0x28
10007682:	6002      	str	r2, [r0, #0]
10007684:	f04f 0801 	mov.w	r8, #1
10007688:	6ada      	ldr	r2, [r3, #44]	@ 0x2c
1000768a:	f8d7 b000 	ldr.w	fp, [r7]
1000768e:	eb02 0c82 	add.w	ip, r2, r2, lsl #2
10007692:	eb04 008c 	add.w	r0, r4, ip, lsl #2
10007696:	6845      	ldr	r5, [r0, #4]
10007698:	fa08 f802 	lsl.w	r8, r8, r2
1000769c:	ea48 080b 	orr.w	r8, r8, fp
100076a0:	f8c7 8000 	str.w	r8, [r7]
100076a4:	f8d5 8008 	ldr.w	r8, [r5, #8]
100076a8:	609d      	str	r5, [r3, #8]
100076aa:	f8c3 800c 	str.w	r8, [r3, #12]
100076ae:	f8c8 1004 	str.w	r1, [r8, #4]
100076b2:	60a9      	str	r1, [r5, #8]
100076b4:	6158      	str	r0, [r3, #20]
100076b6:	f854 302c 	ldr.w	r3, [r4, ip, lsl #2]
100076ba:	9900      	ldr	r1, [sp, #0]
100076bc:	3301      	adds	r3, #1
100076be:	6809      	ldr	r1, [r1, #0]
100076c0:	f844 302c 	str.w	r3, [r4, ip, lsl #2]
100076c4:	6833      	ldr	r3, [r6, #0]
100076c6:	6ac9      	ldr	r1, [r1, #44]	@ 0x2c
100076c8:	681b      	ldr	r3, [r3, #0]
100076ca:	428a      	cmp	r2, r1
100076cc:	bf88      	it	hi
100076ce:	f04f 0901 	movhi.w	r9, #1
100076d2:	2b00      	cmp	r3, #0
100076d4:	d03c      	beq.n	10007750 <xTaskIncrementTick.part.0+0x14c>
100076d6:	6833      	ldr	r3, [r6, #0]
100076d8:	68db      	ldr	r3, [r3, #12]
100076da:	68db      	ldr	r3, [r3, #12]
100076dc:	685a      	ldr	r2, [r3, #4]
100076de:	1d19      	adds	r1, r3, #4
100076e0:	4592      	cmp	sl, r2
100076e2:	f103 0518 	add.w	r5, r3, #24
100076e6:	d2aa      	bcs.n	1000763e <xTaskIncrementTick.part.0+0x3a>
100076e8:	9901      	ldr	r1, [sp, #4]
100076ea:	4648      	mov	r0, r9
100076ec:	600a      	str	r2, [r1, #0]
100076ee:	e017      	b.n	10007720 <xTaskIncrementTick.part.0+0x11c>
100076f0:	4b1e      	ldr	r3, [pc, #120]	@ (1000776c <xTaskIncrementTick.part.0+0x168>)
100076f2:	4a22      	ldr	r2, [pc, #136]	@ (1000777c <xTaskIncrementTick.part.0+0x178>)
100076f4:	6818      	ldr	r0, [r3, #0]
100076f6:	6811      	ldr	r1, [r2, #0]
100076f8:	6019      	str	r1, [r3, #0]
100076fa:	4921      	ldr	r1, [pc, #132]	@ (10007780 <xTaskIncrementTick.part.0+0x17c>)
100076fc:	6010      	str	r0, [r2, #0]
100076fe:	680a      	ldr	r2, [r1, #0]
10007700:	3201      	adds	r2, #1
10007702:	600a      	str	r2, [r1, #0]
10007704:	681a      	ldr	r2, [r3, #0]
10007706:	6812      	ldr	r2, [r2, #0]
10007708:	b9e2      	cbnz	r2, 10007744 <xTaskIncrementTick.part.0+0x140>
1000770a:	f04f 33ff 	mov.w	r3, #4294967295	@ 0xffffffff
1000770e:	4916      	ldr	r1, [pc, #88]	@ (10007768 <xTaskIncrementTick.part.0+0x164>)
10007710:	600b      	str	r3, [r1, #0]
10007712:	680b      	ldr	r3, [r1, #0]
10007714:	429d      	cmp	r5, r3
10007716:	d282      	bcs.n	1000761e <xTaskIncrementTick.part.0+0x1a>
10007718:	2000      	movs	r0, #0
1000771a:	4b15      	ldr	r3, [pc, #84]	@ (10007770 <xTaskIncrementTick.part.0+0x16c>)
1000771c:	4c15      	ldr	r4, [pc, #84]	@ (10007774 <xTaskIncrementTick.part.0+0x170>)
1000771e:	9300      	str	r3, [sp, #0]
10007720:	9b00      	ldr	r3, [sp, #0]
10007722:	4a18      	ldr	r2, [pc, #96]	@ (10007784 <xTaskIncrementTick.part.0+0x180>)
10007724:	681b      	ldr	r3, [r3, #0]
10007726:	6812      	ldr	r2, [r2, #0]
10007728:	6adb      	ldr	r3, [r3, #44]	@ 0x2c
1000772a:	eb03 0383 	add.w	r3, r3, r3, lsl #2
1000772e:	f854 3023 	ldr.w	r3, [r4, r3, lsl #2]
10007732:	2b02      	cmp	r3, #2
10007734:	bf28      	it	cs
10007736:	2001      	movcs	r0, #1
10007738:	2a00      	cmp	r2, #0
1000773a:	bf18      	it	ne
1000773c:	2001      	movne	r0, #1
1000773e:	b003      	add	sp, #12
10007740:	e8bd 8ff0 	ldmia.w	sp!, {r4, r5, r6, r7, r8, r9, sl, fp, pc}
10007744:	681b      	ldr	r3, [r3, #0]
10007746:	4908      	ldr	r1, [pc, #32]	@ (10007768 <xTaskIncrementTick.part.0+0x164>)
10007748:	68db      	ldr	r3, [r3, #12]
1000774a:	681b      	ldr	r3, [r3, #0]
1000774c:	600b      	str	r3, [r1, #0]
1000774e:	e763      	b.n	10007618 <xTaskIncrementTick.part.0+0x14>
10007750:	4648      	mov	r0, r9
10007752:	9901      	ldr	r1, [sp, #4]
10007754:	f04f 33ff 	mov.w	r3, #4294967295	@ 0xffffffff
10007758:	600b      	str	r3, [r1, #0]
1000775a:	e7e1      	b.n	10007720 <xTaskIncrementTick.part.0+0x11c>
1000775c:	4b04      	ldr	r3, [pc, #16]	@ (10007770 <xTaskIncrementTick.part.0+0x16c>)
1000775e:	4c05      	ldr	r4, [pc, #20]	@ (10007774 <xTaskIncrementTick.part.0+0x170>)
10007760:	9300      	str	r3, [sp, #0]
10007762:	e7f7      	b.n	10007754 <xTaskIncrementTick.part.0+0x150>
10007764:	20023cdc 	.word	0x20023cdc
10007768:	20023c80 	.word	0x20023c80
1000776c:	20003934 	.word	0x20003934
10007770:	2000392c 	.word	0x2000392c
10007774:	20003944 	.word	0x20003944
10007778:	20023c14 	.word	0x20023c14
1000777c:	2000393c 	.word	0x2000393c
10007780:	20023c84 	.word	0x20023c84
10007784:	20023ce8 	.word	0x20023ce8

10007788 <xTaskCreate>:
10007788:	e92d 43f8 	stmdb	sp!, {r3, r4, r5, r6, r7, r8, r9, lr}
1000778c:	0096      	lsls	r6, r2, #2
1000778e:	4680      	mov	r8, r0
10007790:	4630      	mov	r0, r6
10007792:	460d      	mov	r5, r1
10007794:	4699      	mov	r9, r3
10007796:	f7fe fd71 	bl	1000627c <pvPortMalloc>
1000779a:	2800      	cmp	r0, #0
1000779c:	d07b      	beq.n	10007896 <xTaskCreate+0x10e>
1000779e:	4607      	mov	r7, r0
100077a0:	2070      	movs	r0, #112	@ 0x70
100077a2:	f7fe fd6b 	bl	1000627c <pvPortMalloc>
100077a6:	4604      	mov	r4, r0
100077a8:	2800      	cmp	r0, #0
100077aa:	d071      	beq.n	10007890 <xTaskCreate+0x108>
100077ac:	2270      	movs	r2, #112	@ 0x70
100077ae:	2100      	movs	r1, #0
100077b0:	f002 fb9e 	bl	10009ef0 <memset>
100077b4:	4632      	mov	r2, r6
100077b6:	21a5      	movs	r1, #165	@ 0xa5
100077b8:	4638      	mov	r0, r7
100077ba:	6327      	str	r7, [r4, #48]	@ 0x30
100077bc:	f002 fb98 	bl	10009ef0 <memset>
100077c0:	6b23      	ldr	r3, [r4, #48]	@ 0x30
100077c2:	3e04      	subs	r6, #4
100077c4:	441e      	add	r6, r3
100077c6:	f026 0607 	bic.w	r6, r6, #7
100077ca:	2d00      	cmp	r5, #0
100077cc:	d03e      	beq.n	1000784c <xTaskCreate+0xc4>
100077ce:	782b      	ldrb	r3, [r5, #0]
100077d0:	f884 3034 	strb.w	r3, [r4, #52]	@ 0x34
100077d4:	2b00      	cmp	r3, #0
100077d6:	d036      	beq.n	10007846 <xTaskCreate+0xbe>
100077d8:	786b      	ldrb	r3, [r5, #1]
100077da:	f884 3035 	strb.w	r3, [r4, #53]	@ 0x35
100077de:	b393      	cbz	r3, 10007846 <xTaskCreate+0xbe>
100077e0:	78ab      	ldrb	r3, [r5, #2]
100077e2:	f884 3036 	strb.w	r3, [r4, #54]	@ 0x36
100077e6:	b373      	cbz	r3, 10007846 <xTaskCreate+0xbe>
100077e8:	78eb      	ldrb	r3, [r5, #3]
100077ea:	f884 3037 	strb.w	r3, [r4, #55]	@ 0x37
100077ee:	b353      	cbz	r3, 10007846 <xTaskCreate+0xbe>
100077f0:	792b      	ldrb	r3, [r5, #4]
100077f2:	f884 3038 	strb.w	r3, [r4, #56]	@ 0x38
100077f6:	b333      	cbz	r3, 10007846 <xTaskCreate+0xbe>
100077f8:	796b      	ldrb	r3, [r5, #5]
100077fa:	f884 3039 	strb.w	r3, [r4, #57]	@ 0x39
100077fe:	b313      	cbz	r3, 10007846 <xTaskCreate+0xbe>
10007800:	79ab      	ldrb	r3, [r5, #6]
10007802:	f884 303a 	strb.w	r3, [r4, #58]	@ 0x3a
10007806:	b1f3      	cbz	r3, 10007846 <xTaskCreate+0xbe>
10007808:	79eb      	ldrb	r3, [r5, #7]
1000780a:	f884 303b 	strb.w	r3, [r4, #59]	@ 0x3b
1000780e:	b1d3      	cbz	r3, 10007846 <xTaskCreate+0xbe>
10007810:	7a2b      	ldrb	r3, [r5, #8]
10007812:	f884 303c 	strb.w	r3, [r4, #60]	@ 0x3c
10007816:	b1b3      	cbz	r3, 10007846 <xTaskCreate+0xbe>
10007818:	7a6b      	ldrb	r3, [r5, #9]
1000781a:	f884 303d 	strb.w	r3, [r4, #61]	@ 0x3d
1000781e:	b193      	cbz	r3, 10007846 <xTaskCreate+0xbe>
10007820:	7aab      	ldrb	r3, [r5, #10]
10007822:	f884 303e 	strb.w	r3, [r4, #62]	@ 0x3e
10007826:	b173      	cbz	r3, 10007846 <xTaskCreate+0xbe>
10007828:	7aeb      	ldrb	r3, [r5, #11]
1000782a:	f884 303f 	strb.w	r3, [r4, #63]	@ 0x3f
1000782e:	b153      	cbz	r3, 10007846 <xTaskCreate+0xbe>
10007830:	7b2b      	ldrb	r3, [r5, #12]
10007832:	f884 3040 	strb.w	r3, [r4, #64]	@ 0x40
10007836:	b133      	cbz	r3, 10007846 <xTaskCreate+0xbe>
10007838:	7b6b      	ldrb	r3, [r5, #13]
1000783a:	f884 3041 	strb.w	r3, [r4, #65]	@ 0x41
1000783e:	b113      	cbz	r3, 10007846 <xTaskCreate+0xbe>
10007840:	7bab      	ldrb	r3, [r5, #14]
10007842:	f884 3042 	strb.w	r3, [r4, #66]	@ 0x42
10007846:	2300      	movs	r3, #0
10007848:	f884 3043 	strb.w	r3, [r4, #67]	@ 0x43
1000784c:	9d08      	ldr	r5, [sp, #32]
1000784e:	1d20      	adds	r0, r4, #4
10007850:	2d1f      	cmp	r5, #31
10007852:	bf28      	it	cs
10007854:	251f      	movcs	r5, #31
10007856:	62e5      	str	r5, [r4, #44]	@ 0x2c
10007858:	64e5      	str	r5, [r4, #76]	@ 0x4c
1000785a:	f7ff faff 	bl	10006e5c <vListInitialiseItem>
1000785e:	f1c5 0520 	rsb	r5, r5, #32
10007862:	f104 0018 	add.w	r0, r4, #24
10007866:	f7ff faf9 	bl	10006e5c <vListInitialiseItem>
1000786a:	464b      	mov	r3, r9
1000786c:	4642      	mov	r2, r8
1000786e:	4630      	mov	r0, r6
10007870:	6b21      	ldr	r1, [r4, #48]	@ 0x30
10007872:	61a5      	str	r5, [r4, #24]
10007874:	6124      	str	r4, [r4, #16]
10007876:	6264      	str	r4, [r4, #36]	@ 0x24
10007878:	f7fe ff68 	bl	1000674c <pxPortInitialiseStack>
1000787c:	9b09      	ldr	r3, [sp, #36]	@ 0x24
1000787e:	6020      	str	r0, [r4, #0]
10007880:	b103      	cbz	r3, 10007884 <xTaskCreate+0xfc>
10007882:	601c      	str	r4, [r3, #0]
10007884:	4620      	mov	r0, r4
10007886:	f7ff fe29 	bl	100074dc <prvAddNewTaskToReadyList>
1000788a:	2001      	movs	r0, #1
1000788c:	e8bd 83f8 	ldmia.w	sp!, {r3, r4, r5, r6, r7, r8, r9, pc}
10007890:	4638      	mov	r0, r7
10007892:	f7fe fd7d 	bl	10006390 <vPortFree>
10007896:	f04f 30ff 	mov.w	r0, #4294967295	@ 0xffffffff
1000789a:	e8bd 83f8 	ldmia.w	sp!, {r3, r4, r5, r6, r7, r8, r9, pc}
1000789e:	bf00      	nop

100078a0 <vTaskDelete>:
100078a0:	b5f8      	push	{r3, r4, r5, r6, r7, lr}
100078a2:	4604      	mov	r4, r0
100078a4:	4e2d      	ldr	r6, [pc, #180]	@ (1000795c <vTaskDelete+0xbc>)
100078a6:	f7fe ff21 	bl	100066ec <vPortEnterCritical>
100078aa:	2c00      	cmp	r4, #0
100078ac:	d050      	beq.n	10007950 <vTaskDelete+0xb0>
100078ae:	1d27      	adds	r7, r4, #4
100078b0:	4638      	mov	r0, r7
100078b2:	f7ff fafd 	bl	10006eb0 <uxListRemove>
100078b6:	b938      	cbnz	r0, 100078c8 <vTaskDelete+0x28>
100078b8:	6ae3      	ldr	r3, [r4, #44]	@ 0x2c
100078ba:	4a29      	ldr	r2, [pc, #164]	@ (10007960 <vTaskDelete+0xc0>)
100078bc:	eb03 0183 	add.w	r1, r3, r3, lsl #2
100078c0:	f852 2021 	ldr.w	r2, [r2, r1, lsl #2]
100078c4:	2a00      	cmp	r2, #0
100078c6:	d02e      	beq.n	10007926 <vTaskDelete+0x86>
100078c8:	6aa3      	ldr	r3, [r4, #40]	@ 0x28
100078ca:	b11b      	cbz	r3, 100078d4 <vTaskDelete+0x34>
100078cc:	f104 0018 	add.w	r0, r4, #24
100078d0:	f7ff faee 	bl	10006eb0 <uxListRemove>
100078d4:	4a23      	ldr	r2, [pc, #140]	@ (10007964 <vTaskDelete+0xc4>)
100078d6:	4d24      	ldr	r5, [pc, #144]	@ (10007968 <vTaskDelete+0xc8>)
100078d8:	6813      	ldr	r3, [r2, #0]
100078da:	3301      	adds	r3, #1
100078dc:	6013      	str	r3, [r2, #0]
100078de:	6833      	ldr	r3, [r6, #0]
100078e0:	42a3      	cmp	r3, r4
100078e2:	682b      	ldr	r3, [r5, #0]
100078e4:	d027      	beq.n	10007936 <vTaskDelete+0x96>
100078e6:	4a21      	ldr	r2, [pc, #132]	@ (1000796c <vTaskDelete+0xcc>)
100078e8:	6813      	ldr	r3, [r2, #0]
100078ea:	3b01      	subs	r3, #1
100078ec:	6013      	str	r3, [r2, #0]
100078ee:	4b20      	ldr	r3, [pc, #128]	@ (10007970 <vTaskDelete+0xd0>)
100078f0:	681a      	ldr	r2, [r3, #0]
100078f2:	6812      	ldr	r2, [r2, #0]
100078f4:	b192      	cbz	r2, 1000791c <vTaskDelete+0x7c>
100078f6:	681a      	ldr	r2, [r3, #0]
100078f8:	4b1e      	ldr	r3, [pc, #120]	@ (10007974 <vTaskDelete+0xd4>)
100078fa:	68d2      	ldr	r2, [r2, #12]
100078fc:	6812      	ldr	r2, [r2, #0]
100078fe:	601a      	str	r2, [r3, #0]
10007900:	f7fe ff02 	bl	10006708 <vPortExitCritical>
10007904:	6b20      	ldr	r0, [r4, #48]	@ 0x30
10007906:	f7fe fd43 	bl	10006390 <vPortFree>
1000790a:	4620      	mov	r0, r4
1000790c:	f7fe fd40 	bl	10006390 <vPortFree>
10007910:	682b      	ldr	r3, [r5, #0]
10007912:	b113      	cbz	r3, 1000791a <vTaskDelete+0x7a>
10007914:	6833      	ldr	r3, [r6, #0]
10007916:	42a3      	cmp	r3, r4
10007918:	d01c      	beq.n	10007954 <vTaskDelete+0xb4>
1000791a:	bdf8      	pop	{r3, r4, r5, r6, r7, pc}
1000791c:	f04f 32ff 	mov.w	r2, #4294967295	@ 0xffffffff
10007920:	4b14      	ldr	r3, [pc, #80]	@ (10007974 <vTaskDelete+0xd4>)
10007922:	601a      	str	r2, [r3, #0]
10007924:	e7ec      	b.n	10007900 <vTaskDelete+0x60>
10007926:	2201      	movs	r2, #1
10007928:	4913      	ldr	r1, [pc, #76]	@ (10007978 <vTaskDelete+0xd8>)
1000792a:	409a      	lsls	r2, r3
1000792c:	680b      	ldr	r3, [r1, #0]
1000792e:	ea23 0302 	bic.w	r3, r3, r2
10007932:	600b      	str	r3, [r1, #0]
10007934:	e7c8      	b.n	100078c8 <vTaskDelete+0x28>
10007936:	2b00      	cmp	r3, #0
10007938:	d0d5      	beq.n	100078e6 <vTaskDelete+0x46>
1000793a:	4639      	mov	r1, r7
1000793c:	480f      	ldr	r0, [pc, #60]	@ (1000797c <vTaskDelete+0xdc>)
1000793e:	f7ff fa91 	bl	10006e64 <vListInsertEnd>
10007942:	4a0f      	ldr	r2, [pc, #60]	@ (10007980 <vTaskDelete+0xe0>)
10007944:	6813      	ldr	r3, [r2, #0]
10007946:	3301      	adds	r3, #1
10007948:	6013      	str	r3, [r2, #0]
1000794a:	f7fe fedd 	bl	10006708 <vPortExitCritical>
1000794e:	e7df      	b.n	10007910 <vTaskDelete+0x70>
10007950:	6834      	ldr	r4, [r6, #0]
10007952:	e7ac      	b.n	100078ae <vTaskDelete+0xe>
10007954:	e8bd 40f8 	ldmia.w	sp!, {r3, r4, r5, r6, r7, lr}
10007958:	f7fe bebc 	b.w	100066d4 <vPortYield>
1000795c:	2000392c 	.word	0x2000392c
10007960:	20003944 	.word	0x20003944
10007964:	20023c10 	.word	0x20023c10
10007968:	20023ca8 	.word	0x20023ca8
1000796c:	20023c04 	.word	0x20023c04
10007970:	20003934 	.word	0x20003934
10007974:	20023c80 	.word	0x20023c80
10007978:	20023c14 	.word	0x20023c14
1000797c:	20023cc8 	.word	0x20023cc8
10007980:	20023c08 	.word	0x20023c08

10007984 <vTaskStartScheduler>:
10007984:	e92d 43f8 	stmdb	sp!, {r3, r4, r5, r6, r7, r8, r9, lr}
10007988:	f44f 6080 	mov.w	r0, #1024	@ 0x400
1000798c:	f7fe fc76 	bl	1000627c <pvPortMalloc>
10007990:	2800      	cmp	r0, #0
10007992:	d042      	beq.n	10007a1a <vTaskStartScheduler+0x96>
10007994:	4606      	mov	r6, r0
10007996:	2070      	movs	r0, #112	@ 0x70
10007998:	f7fe fc70 	bl	1000627c <pvPortMalloc>
1000799c:	4604      	mov	r4, r0
1000799e:	2800      	cmp	r0, #0
100079a0:	d03f      	beq.n	10007a22 <vTaskStartScheduler+0x9e>
100079a2:	2500      	movs	r5, #0
100079a4:	2270      	movs	r2, #112	@ 0x70
100079a6:	4629      	mov	r1, r5
100079a8:	f8df 90b4 	ldr.w	r9, [pc, #180]	@ 10007a60 <vTaskStartScheduler+0xdc>
100079ac:	f002 faa0 	bl	10009ef0 <memset>
100079b0:	f44f 6280 	mov.w	r2, #1024	@ 0x400
100079b4:	21a5      	movs	r1, #165	@ 0xa5
100079b6:	4630      	mov	r0, r6
100079b8:	6326      	str	r6, [r4, #48]	@ 0x30
100079ba:	f002 fa99 	bl	10009ef0 <memset>
100079be:	f884 5038 	strb.w	r5, [r4, #56]	@ 0x38
100079c2:	f884 5043 	strb.w	r5, [r4, #67]	@ 0x43
100079c6:	62e5      	str	r5, [r4, #44]	@ 0x2c
100079c8:	64e5      	str	r5, [r4, #76]	@ 0x4c
100079ca:	1d20      	adds	r0, r4, #4
100079cc:	f8c4 9034 	str.w	r9, [r4, #52]	@ 0x34
100079d0:	6b26      	ldr	r6, [r4, #48]	@ 0x30
100079d2:	f7ff fa43 	bl	10006e5c <vListInitialiseItem>
100079d6:	f104 0018 	add.w	r0, r4, #24
100079da:	f7ff fa3f 	bl	10006e5c <vListInitialiseItem>
100079de:	f04f 0c20 	mov.w	ip, #32
100079e2:	f8df 8080 	ldr.w	r8, [pc, #128]	@ 10007a64 <vTaskStartScheduler+0xe0>
100079e6:	f506 767f 	add.w	r6, r6, #1020	@ 0x3fc
100079ea:	f026 0607 	bic.w	r6, r6, #7
100079ee:	462b      	mov	r3, r5
100079f0:	4642      	mov	r2, r8
100079f2:	6b21      	ldr	r1, [r4, #48]	@ 0x30
100079f4:	f8c4 c018 	str.w	ip, [r4, #24]
100079f8:	4630      	mov	r0, r6
100079fa:	6124      	str	r4, [r4, #16]
100079fc:	6264      	str	r4, [r4, #36]	@ 0x24
100079fe:	f7fe fea5 	bl	1000674c <pxPortInitialiseStack>
10007a02:	4603      	mov	r3, r0
10007a04:	4f11      	ldr	r7, [pc, #68]	@ (10007a4c <vTaskStartScheduler+0xc8>)
10007a06:	6023      	str	r3, [r4, #0]
10007a08:	4620      	mov	r0, r4
10007a0a:	2501      	movs	r5, #1
10007a0c:	603c      	str	r4, [r7, #0]
10007a0e:	f7ff fd65 	bl	100074dc <prvAddNewTaskToReadyList>
10007a12:	f001 f98b 	bl	10008d2c <xTimerCreateTimerTask>
10007a16:	42a8      	cmp	r0, r5
10007a18:	d00a      	beq.n	10007a30 <vTaskStartScheduler+0xac>
10007a1a:	4b0d      	ldr	r3, [pc, #52]	@ (10007a50 <vTaskStartScheduler+0xcc>)
10007a1c:	681b      	ldr	r3, [r3, #0]
10007a1e:	e8bd 83f8 	ldmia.w	sp!, {r3, r4, r5, r6, r7, r8, r9, pc}
10007a22:	4630      	mov	r0, r6
10007a24:	f7fe fcb4 	bl	10006390 <vPortFree>
10007a28:	4b09      	ldr	r3, [pc, #36]	@ (10007a50 <vTaskStartScheduler+0xcc>)
10007a2a:	681b      	ldr	r3, [r3, #0]
10007a2c:	e8bd 83f8 	ldmia.w	sp!, {r3, r4, r5, r6, r7, r8, r9, pc}
10007a30:	f7ff f8cc 	bl	10006bcc <ulSetInterruptMask>
10007a34:	f04f 34ff 	mov.w	r4, #4294967295	@ 0xffffffff
10007a38:	2200      	movs	r2, #0
10007a3a:	4906      	ldr	r1, [pc, #24]	@ (10007a54 <vTaskStartScheduler+0xd0>)
10007a3c:	4b06      	ldr	r3, [pc, #24]	@ (10007a58 <vTaskStartScheduler+0xd4>)
10007a3e:	4807      	ldr	r0, [pc, #28]	@ (10007a5c <vTaskStartScheduler+0xd8>)
10007a40:	6004      	str	r4, [r0, #0]
10007a42:	600d      	str	r5, [r1, #0]
10007a44:	601a      	str	r2, [r3, #0]
10007a46:	f7fe febd 	bl	100067c4 <xPortStartScheduler>
10007a4a:	e7e6      	b.n	10007a1a <vTaskStartScheduler+0x96>
10007a4c:	20023c70 	.word	0x20023c70
10007a50:	1000b918 	.word	0x1000b918
10007a54:	20023ca8 	.word	0x20023ca8
10007a58:	20023cdc 	.word	0x20023cdc
10007a5c:	20023c80 	.word	0x20023c80
10007a60:	454c4449 	.word	0x454c4449
10007a64:	10007c9d 	.word	0x10007c9d

10007a68 <vTaskSuspendAll>:
10007a68:	4a02      	ldr	r2, [pc, #8]	@ (10007a74 <vTaskSuspendAll+0xc>)
10007a6a:	6813      	ldr	r3, [r2, #0]
10007a6c:	3301      	adds	r3, #1
10007a6e:	6013      	str	r3, [r2, #0]
10007a70:	4770      	bx	lr
10007a72:	bf00      	nop
10007a74:	20023c0c 	.word	0x20023c0c

10007a78 <xTaskResumeAll>:
10007a78:	e92d 4ff0 	stmdb	sp!, {r4, r5, r6, r7, r8, r9, sl, fp, lr}
10007a7c:	f8df 816c 	ldr.w	r8, [pc, #364]	@ 10007bec <xTaskResumeAll+0x174>
10007a80:	b083      	sub	sp, #12
10007a82:	f7fe fe33 	bl	100066ec <vPortEnterCritical>
10007a86:	f8d8 3000 	ldr.w	r3, [r8]
10007a8a:	3b01      	subs	r3, #1
10007a8c:	f8c8 3000 	str.w	r3, [r8]
10007a90:	f8d8 9000 	ldr.w	r9, [r8]
10007a94:	f1b9 0f00 	cmp.w	r9, #0
10007a98:	f040 8082 	bne.w	10007ba0 <xTaskResumeAll+0x128>
10007a9c:	4b4c      	ldr	r3, [pc, #304]	@ (10007bd0 <xTaskResumeAll+0x158>)
10007a9e:	681b      	ldr	r3, [r3, #0]
10007aa0:	2b00      	cmp	r3, #0
10007aa2:	d07d      	beq.n	10007ba0 <xTaskResumeAll+0x128>
10007aa4:	f8df c148 	ldr.w	ip, [pc, #328]	@ 10007bf0 <xTaskResumeAll+0x178>
10007aa8:	f8dc 3000 	ldr.w	r3, [ip]
10007aac:	2b00      	cmp	r3, #0
10007aae:	f000 808c 	beq.w	10007bca <xTaskResumeAll+0x152>
10007ab2:	4b48      	ldr	r3, [pc, #288]	@ (10007bd4 <xTaskResumeAll+0x15c>)
10007ab4:	f8df e13c 	ldr.w	lr, [pc, #316]	@ 10007bf4 <xTaskResumeAll+0x17c>
10007ab8:	4e47      	ldr	r6, [pc, #284]	@ (10007bd8 <xTaskResumeAll+0x160>)
10007aba:	9301      	str	r3, [sp, #4]
10007abc:	f8dc 300c 	ldr.w	r3, [ip, #12]
10007ac0:	68db      	ldr	r3, [r3, #12]
10007ac2:	6a9a      	ldr	r2, [r3, #40]	@ 0x28
10007ac4:	e9d3 0107 	ldrd	r0, r1, [r3, #28]
10007ac8:	6854      	ldr	r4, [r2, #4]
10007aca:	6081      	str	r1, [r0, #8]
10007acc:	6048      	str	r0, [r1, #4]
10007ace:	f103 0018 	add.w	r0, r3, #24
10007ad2:	4284      	cmp	r4, r0
10007ad4:	bf08      	it	eq
10007ad6:	6051      	streq	r1, [r2, #4]
10007ad8:	6811      	ldr	r1, [r2, #0]
10007ada:	f8c3 9028 	str.w	r9, [r3, #40]	@ 0x28
10007ade:	3901      	subs	r1, #1
10007ae0:	6011      	str	r1, [r2, #0]
10007ae2:	6959      	ldr	r1, [r3, #20]
10007ae4:	e9d3 0202 	ldrd	r0, r2, [r3, #8]
10007ae8:	6082      	str	r2, [r0, #8]
10007aea:	6050      	str	r0, [r2, #4]
10007aec:	6848      	ldr	r0, [r1, #4]
10007aee:	1d1d      	adds	r5, r3, #4
10007af0:	42a8      	cmp	r0, r5
10007af2:	6808      	ldr	r0, [r1, #0]
10007af4:	bf08      	it	eq
10007af6:	604a      	streq	r2, [r1, #4]
10007af8:	3801      	subs	r0, #1
10007afa:	6ada      	ldr	r2, [r3, #44]	@ 0x2c
10007afc:	6008      	str	r0, [r1, #0]
10007afe:	2101      	movs	r1, #1
10007b00:	f8de 4000 	ldr.w	r4, [lr]
10007b04:	4091      	lsls	r1, r2
10007b06:	4321      	orrs	r1, r4
10007b08:	4834      	ldr	r0, [pc, #208]	@ (10007bdc <xTaskResumeAll+0x164>)
10007b0a:	f8ce 1000 	str.w	r1, [lr]
10007b0e:	eb02 0182 	add.w	r1, r2, r2, lsl #2
10007b12:	6800      	ldr	r0, [r0, #0]
10007b14:	eb06 0781 	add.w	r7, r6, r1, lsl #2
10007b18:	687c      	ldr	r4, [r7, #4]
10007b1a:	f8d0 a02c 	ldr.w	sl, [r0, #44]	@ 0x2c
10007b1e:	f856 0021 	ldr.w	r0, [r6, r1, lsl #2]
10007b22:	f8d4 b008 	ldr.w	fp, [r4, #8]
10007b26:	3001      	adds	r0, #1
10007b28:	4552      	cmp	r2, sl
10007b2a:	609c      	str	r4, [r3, #8]
10007b2c:	f8c3 b00c 	str.w	fp, [r3, #12]
10007b30:	f8cb 5004 	str.w	r5, [fp, #4]
10007b34:	60a5      	str	r5, [r4, #8]
10007b36:	615f      	str	r7, [r3, #20]
10007b38:	f846 0021 	str.w	r0, [r6, r1, lsl #2]
10007b3c:	d937      	bls.n	10007bae <xTaskResumeAll+0x136>
10007b3e:	2201      	movs	r2, #1
10007b40:	9b01      	ldr	r3, [sp, #4]
10007b42:	601a      	str	r2, [r3, #0]
10007b44:	f8dc 3000 	ldr.w	r3, [ip]
10007b48:	2b00      	cmp	r3, #0
10007b4a:	d1b7      	bne.n	10007abc <xTaskResumeAll+0x44>
10007b4c:	4b24      	ldr	r3, [pc, #144]	@ (10007be0 <xTaskResumeAll+0x168>)
10007b4e:	681a      	ldr	r2, [r3, #0]
10007b50:	6812      	ldr	r2, [r2, #0]
10007b52:	2a00      	cmp	r2, #0
10007b54:	d034      	beq.n	10007bc0 <xTaskResumeAll+0x148>
10007b56:	681a      	ldr	r2, [r3, #0]
10007b58:	4b22      	ldr	r3, [pc, #136]	@ (10007be4 <xTaskResumeAll+0x16c>)
10007b5a:	68d2      	ldr	r2, [r2, #12]
10007b5c:	6812      	ldr	r2, [r2, #0]
10007b5e:	601a      	str	r2, [r3, #0]
10007b60:	4d21      	ldr	r5, [pc, #132]	@ (10007be8 <xTaskResumeAll+0x170>)
10007b62:	682c      	ldr	r4, [r5, #0]
10007b64:	b19c      	cbz	r4, 10007b8e <xTaskResumeAll+0x116>
10007b66:	2601      	movs	r6, #1
10007b68:	9f01      	ldr	r7, [sp, #4]
10007b6a:	e005      	b.n	10007b78 <xTaskResumeAll+0x100>
10007b6c:	f7ff fd4a 	bl	10007604 <xTaskIncrementTick.part.0>
10007b70:	b100      	cbz	r0, 10007b74 <xTaskResumeAll+0xfc>
10007b72:	603e      	str	r6, [r7, #0]
10007b74:	3c01      	subs	r4, #1
10007b76:	d009      	beq.n	10007b8c <xTaskResumeAll+0x114>
10007b78:	f8d8 3000 	ldr.w	r3, [r8]
10007b7c:	2b00      	cmp	r3, #0
10007b7e:	d0f5      	beq.n	10007b6c <xTaskResumeAll+0xf4>
10007b80:	682b      	ldr	r3, [r5, #0]
10007b82:	3c01      	subs	r4, #1
10007b84:	f103 0301 	add.w	r3, r3, #1
10007b88:	602b      	str	r3, [r5, #0]
10007b8a:	d1f5      	bne.n	10007b78 <xTaskResumeAll+0x100>
10007b8c:	602c      	str	r4, [r5, #0]
10007b8e:	9b01      	ldr	r3, [sp, #4]
10007b90:	681b      	ldr	r3, [r3, #0]
10007b92:	b12b      	cbz	r3, 10007ba0 <xTaskResumeAll+0x128>
10007b94:	4b11      	ldr	r3, [pc, #68]	@ (10007bdc <xTaskResumeAll+0x164>)
10007b96:	2401      	movs	r4, #1
10007b98:	681b      	ldr	r3, [r3, #0]
10007b9a:	f7fe fd9b 	bl	100066d4 <vPortYield>
10007b9e:	e000      	b.n	10007ba2 <xTaskResumeAll+0x12a>
10007ba0:	2400      	movs	r4, #0
10007ba2:	f7fe fdb1 	bl	10006708 <vPortExitCritical>
10007ba6:	4620      	mov	r0, r4
10007ba8:	b003      	add	sp, #12
10007baa:	e8bd 8ff0 	ldmia.w	sp!, {r4, r5, r6, r7, r8, r9, sl, fp, pc}
10007bae:	f8dc 3000 	ldr.w	r3, [ip]
10007bb2:	2b00      	cmp	r3, #0
10007bb4:	d182      	bne.n	10007abc <xTaskResumeAll+0x44>
10007bb6:	4b0a      	ldr	r3, [pc, #40]	@ (10007be0 <xTaskResumeAll+0x168>)
10007bb8:	681a      	ldr	r2, [r3, #0]
10007bba:	6812      	ldr	r2, [r2, #0]
10007bbc:	2a00      	cmp	r2, #0
10007bbe:	d1ca      	bne.n	10007b56 <xTaskResumeAll+0xde>
10007bc0:	f04f 32ff 	mov.w	r2, #4294967295	@ 0xffffffff
10007bc4:	4b07      	ldr	r3, [pc, #28]	@ (10007be4 <xTaskResumeAll+0x16c>)
10007bc6:	601a      	str	r2, [r3, #0]
10007bc8:	e7ca      	b.n	10007b60 <xTaskResumeAll+0xe8>
10007bca:	4b02      	ldr	r3, [pc, #8]	@ (10007bd4 <xTaskResumeAll+0x15c>)
10007bcc:	9301      	str	r3, [sp, #4]
10007bce:	e7c7      	b.n	10007b60 <xTaskResumeAll+0xe8>
10007bd0:	20023c04 	.word	0x20023c04
10007bd4:	20023ce8 	.word	0x20023ce8
10007bd8:	20003944 	.word	0x20003944
10007bdc:	2000392c 	.word	0x2000392c
10007be0:	20003934 	.word	0x20003934
10007be4:	20023c80 	.word	0x20023c80
10007be8:	20023c90 	.word	0x20023c90
10007bec:	20023c0c 	.word	0x20023c0c
10007bf0:	20023c94 	.word	0x20023c94
10007bf4:	20023c14 	.word	0x20023c14

10007bf8 <vTaskDelay>:
10007bf8:	b908      	cbnz	r0, 10007bfe <vTaskDelay+0x6>
10007bfa:	f7fe bd6b 	b.w	100066d4 <vPortYield>
10007bfe:	4a20      	ldr	r2, [pc, #128]	@ (10007c80 <vTaskDelay+0x88>)
10007c00:	e92d 41f0 	stmdb	sp!, {r4, r5, r6, r7, r8, lr}
10007c04:	6813      	ldr	r3, [r2, #0]
10007c06:	4604      	mov	r4, r0
10007c08:	3301      	adds	r3, #1
10007c0a:	6013      	str	r3, [r2, #0]
10007c0c:	2200      	movs	r2, #0
10007c0e:	4b1d      	ldr	r3, [pc, #116]	@ (10007c84 <vTaskDelay+0x8c>)
10007c10:	491d      	ldr	r1, [pc, #116]	@ (10007c88 <vTaskDelay+0x90>)
10007c12:	4d1e      	ldr	r5, [pc, #120]	@ (10007c8c <vTaskDelay+0x94>)
10007c14:	680e      	ldr	r6, [r1, #0]
10007c16:	681f      	ldr	r7, [r3, #0]
10007c18:	4b1d      	ldr	r3, [pc, #116]	@ (10007c90 <vTaskDelay+0x98>)
10007c1a:	f8d3 8000 	ldr.w	r8, [r3]
10007c1e:	682b      	ldr	r3, [r5, #0]
10007c20:	6828      	ldr	r0, [r5, #0]
10007c22:	f883 206d 	strb.w	r2, [r3, #109]	@ 0x6d
10007c26:	3004      	adds	r0, #4
10007c28:	f7ff f942 	bl	10006eb0 <uxListRemove>
10007c2c:	b940      	cbnz	r0, 10007c40 <vTaskDelay+0x48>
10007c2e:	2201      	movs	r2, #1
10007c30:	682b      	ldr	r3, [r5, #0]
10007c32:	4918      	ldr	r1, [pc, #96]	@ (10007c94 <vTaskDelay+0x9c>)
10007c34:	6adb      	ldr	r3, [r3, #44]	@ 0x2c
10007c36:	409a      	lsls	r2, r3
10007c38:	680b      	ldr	r3, [r1, #0]
10007c3a:	ea23 0302 	bic.w	r3, r3, r2
10007c3e:	600b      	str	r3, [r1, #0]
10007c40:	682b      	ldr	r3, [r5, #0]
10007c42:	19a4      	adds	r4, r4, r6
10007c44:	6829      	ldr	r1, [r5, #0]
10007c46:	605c      	str	r4, [r3, #4]
10007c48:	d20d      	bcs.n	10007c66 <vTaskDelay+0x6e>
10007c4a:	4638      	mov	r0, r7
10007c4c:	3104      	adds	r1, #4
10007c4e:	f7ff f917 	bl	10006e80 <vListInsert>
10007c52:	4b11      	ldr	r3, [pc, #68]	@ (10007c98 <vTaskDelay+0xa0>)
10007c54:	681a      	ldr	r2, [r3, #0]
10007c56:	4294      	cmp	r4, r2
10007c58:	bf38      	it	cc
10007c5a:	601c      	strcc	r4, [r3, #0]
10007c5c:	f7ff ff0c 	bl	10007a78 <xTaskResumeAll>
10007c60:	b148      	cbz	r0, 10007c76 <vTaskDelay+0x7e>
10007c62:	e8bd 81f0 	ldmia.w	sp!, {r4, r5, r6, r7, r8, pc}
10007c66:	4640      	mov	r0, r8
10007c68:	3104      	adds	r1, #4
10007c6a:	f7ff f909 	bl	10006e80 <vListInsert>
10007c6e:	f7ff ff03 	bl	10007a78 <xTaskResumeAll>
10007c72:	2800      	cmp	r0, #0
10007c74:	d1f5      	bne.n	10007c62 <vTaskDelay+0x6a>
10007c76:	e8bd 41f0 	ldmia.w	sp!, {r4, r5, r6, r7, r8, lr}
10007c7a:	f7fe bd2b 	b.w	100066d4 <vPortYield>
10007c7e:	bf00      	nop
10007c80:	20023c0c 	.word	0x20023c0c
10007c84:	20003934 	.word	0x20003934
10007c88:	20023cdc 	.word	0x20023cdc
10007c8c:	2000392c 	.word	0x2000392c
10007c90:	2000393c 	.word	0x2000393c
10007c94:	20023c14 	.word	0x20023c14
10007c98:	20023c80 	.word	0x20023c80

10007c9c <prvIdleTask>:
10007c9c:	e92d 4ff8 	stmdb	sp!, {r3, r4, r5, r6, r7, r8, r9, sl, fp, lr}
10007ca0:	4d2e      	ldr	r5, [pc, #184]	@ (10007d5c <prvIdleTask+0xc0>)
10007ca2:	4f2f      	ldr	r7, [pc, #188]	@ (10007d60 <prvIdleTask+0xc4>)
10007ca4:	4e2f      	ldr	r6, [pc, #188]	@ (10007d64 <prvIdleTask+0xc8>)
10007ca6:	f8df 80c8 	ldr.w	r8, [pc, #200]	@ 10007d70 <prvIdleTask+0xd4>
10007caa:	f8df 90c8 	ldr.w	r9, [pc, #200]	@ 10007d74 <prvIdleTask+0xd8>
10007cae:	f8df a0c8 	ldr.w	sl, [pc, #200]	@ 10007d78 <prvIdleTask+0xdc>
10007cb2:	f8df b0c8 	ldr.w	fp, [pc, #200]	@ 10007d7c <prvIdleTask+0xe0>
10007cb6:	e014      	b.n	10007ce2 <prvIdleTask+0x46>
10007cb8:	f7fe fd18 	bl	100066ec <vPortEnterCritical>
10007cbc:	68fb      	ldr	r3, [r7, #12]
10007cbe:	68dc      	ldr	r4, [r3, #12]
10007cc0:	1d20      	adds	r0, r4, #4
10007cc2:	f7ff f8f5 	bl	10006eb0 <uxListRemove>
10007cc6:	6833      	ldr	r3, [r6, #0]
10007cc8:	3b01      	subs	r3, #1
10007cca:	6033      	str	r3, [r6, #0]
10007ccc:	682b      	ldr	r3, [r5, #0]
10007cce:	3b01      	subs	r3, #1
10007cd0:	602b      	str	r3, [r5, #0]
10007cd2:	f7fe fd19 	bl	10006708 <vPortExitCritical>
10007cd6:	6b20      	ldr	r0, [r4, #48]	@ 0x30
10007cd8:	f7fe fb5a 	bl	10006390 <vPortFree>
10007cdc:	4620      	mov	r0, r4
10007cde:	f7fe fb57 	bl	10006390 <vPortFree>
10007ce2:	682b      	ldr	r3, [r5, #0]
10007ce4:	2b00      	cmp	r3, #0
10007ce6:	d1e7      	bne.n	10007cb8 <prvIdleTask+0x1c>
10007ce8:	f8d8 3000 	ldr.w	r3, [r8]
10007cec:	2b01      	cmp	r3, #1
10007cee:	d901      	bls.n	10007cf4 <prvIdleTask+0x58>
10007cf0:	f7fe fcf0 	bl	100066d4 <vPortYield>
10007cf4:	f8d9 3000 	ldr.w	r3, [r9]
10007cf8:	2b01      	cmp	r3, #1
10007cfa:	f8da 3000 	ldr.w	r3, [sl]
10007cfe:	d8f0      	bhi.n	10007ce2 <prvIdleTask+0x46>
10007d00:	6adb      	ldr	r3, [r3, #44]	@ 0x2c
10007d02:	2b00      	cmp	r3, #0
10007d04:	d1ed      	bne.n	10007ce2 <prvIdleTask+0x46>
10007d06:	f8d8 3000 	ldr.w	r3, [r8]
10007d0a:	2b01      	cmp	r3, #1
10007d0c:	d8e9      	bhi.n	10007ce2 <prvIdleTask+0x46>
10007d0e:	4b16      	ldr	r3, [pc, #88]	@ (10007d68 <prvIdleTask+0xcc>)
10007d10:	4a16      	ldr	r2, [pc, #88]	@ (10007d6c <prvIdleTask+0xd0>)
10007d12:	681b      	ldr	r3, [r3, #0]
10007d14:	6812      	ldr	r2, [r2, #0]
10007d16:	1a9b      	subs	r3, r3, r2
10007d18:	2b01      	cmp	r3, #1
10007d1a:	d9e2      	bls.n	10007ce2 <prvIdleTask+0x46>
10007d1c:	f8db 3000 	ldr.w	r3, [fp]
10007d20:	3301      	adds	r3, #1
10007d22:	f8cb 3000 	str.w	r3, [fp]
10007d26:	f8d9 3000 	ldr.w	r3, [r9]
10007d2a:	2b01      	cmp	r3, #1
10007d2c:	f8da 3000 	ldr.w	r3, [sl]
10007d30:	d902      	bls.n	10007d38 <prvIdleTask+0x9c>
10007d32:	f7ff fea1 	bl	10007a78 <xTaskResumeAll>
10007d36:	e7d4      	b.n	10007ce2 <prvIdleTask+0x46>
10007d38:	6adb      	ldr	r3, [r3, #44]	@ 0x2c
10007d3a:	2b00      	cmp	r3, #0
10007d3c:	d1f9      	bne.n	10007d32 <prvIdleTask+0x96>
10007d3e:	f8d8 3000 	ldr.w	r3, [r8]
10007d42:	2b01      	cmp	r3, #1
10007d44:	d8f5      	bhi.n	10007d32 <prvIdleTask+0x96>
10007d46:	4b08      	ldr	r3, [pc, #32]	@ (10007d68 <prvIdleTask+0xcc>)
10007d48:	6818      	ldr	r0, [r3, #0]
10007d4a:	4b08      	ldr	r3, [pc, #32]	@ (10007d6c <prvIdleTask+0xd0>)
10007d4c:	681b      	ldr	r3, [r3, #0]
10007d4e:	1ac0      	subs	r0, r0, r3
10007d50:	2801      	cmp	r0, #1
10007d52:	d9ee      	bls.n	10007d32 <prvIdleTask+0x96>
10007d54:	f7fe fc18 	bl	10006588 <vPortSuppressTicksAndSleep>
10007d58:	e7eb      	b.n	10007d32 <prvIdleTask+0x96>
10007d5a:	bf00      	nop
10007d5c:	20023c08 	.word	0x20023c08
10007d60:	20023cc8 	.word	0x20023cc8
10007d64:	20023c04 	.word	0x20023c04
10007d68:	20023c80 	.word	0x20023c80
10007d6c:	20023cdc 	.word	0x20023cdc
10007d70:	20003944 	.word	0x20003944
10007d74:	20023c14 	.word	0x20023c14
10007d78:	2000392c 	.word	0x2000392c
10007d7c:	20023c0c 	.word	0x20023c0c

10007d80 <xTaskGetTickCount>:
10007d80:	4b01      	ldr	r3, [pc, #4]	@ (10007d88 <xTaskGetTickCount+0x8>)
10007d82:	6818      	ldr	r0, [r3, #0]
10007d84:	4770      	bx	lr
10007d86:	bf00      	nop
10007d88:	20023cdc 	.word	0x20023cdc

10007d8c <uxTaskGetNumberOfTasks>:
10007d8c:	4b01      	ldr	r3, [pc, #4]	@ (10007d94 <uxTaskGetNumberOfTasks+0x8>)
10007d8e:	6818      	ldr	r0, [r3, #0]
10007d90:	4770      	bx	lr
10007d92:	bf00      	nop
10007d94:	20023c04 	.word	0x20023c04

10007d98 <vTaskStepTick>:
10007d98:	b538      	push	{r3, r4, r5, lr}
10007d9a:	4d0c      	ldr	r5, [pc, #48]	@ (10007dcc <vTaskStepTick+0x34>)
10007d9c:	4a0c      	ldr	r2, [pc, #48]	@ (10007dd0 <vTaskStepTick+0x38>)
10007d9e:	682b      	ldr	r3, [r5, #0]
10007da0:	6812      	ldr	r2, [r2, #0]
10007da2:	4403      	add	r3, r0
10007da4:	429a      	cmp	r2, r3
10007da6:	4604      	mov	r4, r0
10007da8:	d003      	beq.n	10007db2 <vTaskStepTick+0x1a>
10007daa:	682b      	ldr	r3, [r5, #0]
10007dac:	4423      	add	r3, r4
10007dae:	602b      	str	r3, [r5, #0]
10007db0:	bd38      	pop	{r3, r4, r5, pc}
10007db2:	f7fe fc9b 	bl	100066ec <vPortEnterCritical>
10007db6:	4a07      	ldr	r2, [pc, #28]	@ (10007dd4 <vTaskStepTick+0x3c>)
10007db8:	3c01      	subs	r4, #1
10007dba:	6813      	ldr	r3, [r2, #0]
10007dbc:	3301      	adds	r3, #1
10007dbe:	6013      	str	r3, [r2, #0]
10007dc0:	f7fe fca2 	bl	10006708 <vPortExitCritical>
10007dc4:	682b      	ldr	r3, [r5, #0]
10007dc6:	4423      	add	r3, r4
10007dc8:	602b      	str	r3, [r5, #0]
10007dca:	bd38      	pop	{r3, r4, r5, pc}
10007dcc:	20023cdc 	.word	0x20023cdc
10007dd0:	20023c80 	.word	0x20023c80
10007dd4:	20023c90 	.word	0x20023c90

10007dd8 <xTaskIncrementTick>:
10007dd8:	4b05      	ldr	r3, [pc, #20]	@ (10007df0 <xTaskIncrementTick+0x18>)
10007dda:	681b      	ldr	r3, [r3, #0]
10007ddc:	b90b      	cbnz	r3, 10007de2 <xTaskIncrementTick+0xa>
10007dde:	f7ff bc11 	b.w	10007604 <xTaskIncrementTick.part.0>
10007de2:	4a04      	ldr	r2, [pc, #16]	@ (10007df4 <xTaskIncrementTick+0x1c>)
10007de4:	2000      	movs	r0, #0
10007de6:	6813      	ldr	r3, [r2, #0]
10007de8:	3301      	adds	r3, #1
10007dea:	6013      	str	r3, [r2, #0]
10007dec:	4770      	bx	lr
10007dee:	bf00      	nop
10007df0:	20023c0c 	.word	0x20023c0c
10007df4:	20023c90 	.word	0x20023c90

10007df8 <vTaskSwitchContext>:
10007df8:	4b11      	ldr	r3, [pc, #68]	@ (10007e40 <vTaskSwitchContext+0x48>)
10007dfa:	681b      	ldr	r3, [r3, #0]
10007dfc:	b11b      	cbz	r3, 10007e06 <vTaskSwitchContext+0xe>
10007dfe:	2201      	movs	r2, #1
10007e00:	4b10      	ldr	r3, [pc, #64]	@ (10007e44 <vTaskSwitchContext+0x4c>)
10007e02:	601a      	str	r2, [r3, #0]
10007e04:	4770      	bx	lr
10007e06:	490f      	ldr	r1, [pc, #60]	@ (10007e44 <vTaskSwitchContext+0x4c>)
10007e08:	4a0f      	ldr	r2, [pc, #60]	@ (10007e48 <vTaskSwitchContext+0x50>)
10007e0a:	600b      	str	r3, [r1, #0]
10007e0c:	6813      	ldr	r3, [r2, #0]
10007e0e:	fab3 f383 	clz	r3, r3
10007e12:	4a0e      	ldr	r2, [pc, #56]	@ (10007e4c <vTaskSwitchContext+0x54>)
10007e14:	f1c3 031f 	rsb	r3, r3, #31
10007e18:	eb03 0383 	add.w	r3, r3, r3, lsl #2
10007e1c:	eb02 0183 	add.w	r1, r2, r3, lsl #2
10007e20:	460a      	mov	r2, r1
10007e22:	6848      	ldr	r0, [r1, #4]
10007e24:	3208      	adds	r2, #8
10007e26:	6843      	ldr	r3, [r0, #4]
10007e28:	4293      	cmp	r3, r2
10007e2a:	604b      	str	r3, [r1, #4]
10007e2c:	bf08      	it	eq
10007e2e:	68cb      	ldreq	r3, [r1, #12]
10007e30:	4a07      	ldr	r2, [pc, #28]	@ (10007e50 <vTaskSwitchContext+0x58>)
10007e32:	bf08      	it	eq
10007e34:	604b      	streq	r3, [r1, #4]
10007e36:	68db      	ldr	r3, [r3, #12]
10007e38:	6013      	str	r3, [r2, #0]
10007e3a:	6813      	ldr	r3, [r2, #0]
10007e3c:	4770      	bx	lr
10007e3e:	bf00      	nop
10007e40:	20023c0c 	.word	0x20023c0c
10007e44:	20023ce8 	.word	0x20023ce8
10007e48:	20023c14 	.word	0x20023c14
10007e4c:	20003944 	.word	0x20003944
10007e50:	2000392c 	.word	0x2000392c

10007e54 <vTaskPlaceOnEventList>:
10007e54:	e92d 41f0 	stmdb	sp!, {r4, r5, r6, r7, r8, lr}
10007e58:	4d25      	ldr	r5, [pc, #148]	@ (10007ef0 <vTaskPlaceOnEventList+0x9c>)
10007e5a:	460c      	mov	r4, r1
10007e5c:	6829      	ldr	r1, [r5, #0]
10007e5e:	3118      	adds	r1, #24
10007e60:	f7ff f80e 	bl	10006e80 <vListInsert>
10007e64:	4a23      	ldr	r2, [pc, #140]	@ (10007ef4 <vTaskPlaceOnEventList+0xa0>)
10007e66:	4924      	ldr	r1, [pc, #144]	@ (10007ef8 <vTaskPlaceOnEventList+0xa4>)
10007e68:	4b24      	ldr	r3, [pc, #144]	@ (10007efc <vTaskPlaceOnEventList+0xa8>)
10007e6a:	680e      	ldr	r6, [r1, #0]
10007e6c:	6817      	ldr	r7, [r2, #0]
10007e6e:	2200      	movs	r2, #0
10007e70:	f8d3 8000 	ldr.w	r8, [r3]
10007e74:	682b      	ldr	r3, [r5, #0]
10007e76:	6828      	ldr	r0, [r5, #0]
10007e78:	f883 206d 	strb.w	r2, [r3, #109]	@ 0x6d
10007e7c:	3004      	adds	r0, #4
10007e7e:	f7ff f817 	bl	10006eb0 <uxListRemove>
10007e82:	b940      	cbnz	r0, 10007e96 <vTaskPlaceOnEventList+0x42>
10007e84:	2201      	movs	r2, #1
10007e86:	682b      	ldr	r3, [r5, #0]
10007e88:	491d      	ldr	r1, [pc, #116]	@ (10007f00 <vTaskPlaceOnEventList+0xac>)
10007e8a:	6adb      	ldr	r3, [r3, #44]	@ 0x2c
10007e8c:	409a      	lsls	r2, r3
10007e8e:	680b      	ldr	r3, [r1, #0]
10007e90:	ea23 0302 	bic.w	r3, r3, r2
10007e94:	600b      	str	r3, [r1, #0]
10007e96:	1c63      	adds	r3, r4, #1
10007e98:	d015      	beq.n	10007ec6 <vTaskPlaceOnEventList+0x72>
10007e9a:	682b      	ldr	r3, [r5, #0]
10007e9c:	19a4      	adds	r4, r4, r6
10007e9e:	6829      	ldr	r1, [r5, #0]
10007ea0:	605c      	str	r4, [r3, #4]
10007ea2:	d20a      	bcs.n	10007eba <vTaskPlaceOnEventList+0x66>
10007ea4:	4638      	mov	r0, r7
10007ea6:	3104      	adds	r1, #4
10007ea8:	f7fe ffea 	bl	10006e80 <vListInsert>
10007eac:	4b15      	ldr	r3, [pc, #84]	@ (10007f04 <vTaskPlaceOnEventList+0xb0>)
10007eae:	681a      	ldr	r2, [r3, #0]
10007eb0:	4294      	cmp	r4, r2
10007eb2:	bf38      	it	cc
10007eb4:	601c      	strcc	r4, [r3, #0]
10007eb6:	e8bd 81f0 	ldmia.w	sp!, {r4, r5, r6, r7, r8, pc}
10007eba:	4640      	mov	r0, r8
10007ebc:	e8bd 41f0 	ldmia.w	sp!, {r4, r5, r6, r7, r8, lr}
10007ec0:	3104      	adds	r1, #4
10007ec2:	f7fe bfdd 	b.w	10006e80 <vListInsert>
10007ec6:	4b10      	ldr	r3, [pc, #64]	@ (10007f08 <vTaskPlaceOnEventList+0xb4>)
10007ec8:	6829      	ldr	r1, [r5, #0]
10007eca:	685a      	ldr	r2, [r3, #4]
10007ecc:	681c      	ldr	r4, [r3, #0]
10007ece:	608a      	str	r2, [r1, #8]
10007ed0:	682e      	ldr	r6, [r5, #0]
10007ed2:	3401      	adds	r4, #1
10007ed4:	6828      	ldr	r0, [r5, #0]
10007ed6:	6829      	ldr	r1, [r5, #0]
10007ed8:	601c      	str	r4, [r3, #0]
10007eda:	682d      	ldr	r5, [r5, #0]
10007edc:	6894      	ldr	r4, [r2, #8]
10007ede:	3004      	adds	r0, #4
10007ee0:	3104      	adds	r1, #4
10007ee2:	60f4      	str	r4, [r6, #12]
10007ee4:	6060      	str	r0, [r4, #4]
10007ee6:	6091      	str	r1, [r2, #8]
10007ee8:	616b      	str	r3, [r5, #20]
10007eea:	e8bd 81f0 	ldmia.w	sp!, {r4, r5, r6, r7, r8, pc}
10007eee:	bf00      	nop
10007ef0:	2000392c 	.word	0x2000392c
10007ef4:	20003934 	.word	0x20003934
10007ef8:	20023cdc 	.word	0x20023cdc
10007efc:	2000393c 	.word	0x2000393c
10007f00:	20023c14 	.word	0x20023c14
10007f04:	20023c80 	.word	0x20023c80
10007f08:	20023cb4 	.word	0x20023cb4

10007f0c <vTaskPlaceOnUnorderedEventList>:
10007f0c:	e92d 4ff0 	stmdb	sp!, {r4, r5, r6, r7, r8, r9, sl, fp, lr}
10007f10:	4c37      	ldr	r4, [pc, #220]	@ (10007ff0 <vTaskPlaceOnUnorderedEventList+0xe4>)
10007f12:	f04f 0800 	mov.w	r8, #0
10007f16:	6826      	ldr	r6, [r4, #0]
10007f18:	f8d4 b000 	ldr.w	fp, [r4]
10007f1c:	f8d4 a000 	ldr.w	sl, [r4]
10007f20:	6823      	ldr	r3, [r4, #0]
10007f22:	4615      	mov	r5, r2
10007f24:	f103 0c18 	add.w	ip, r3, #24
10007f28:	4603      	mov	r3, r0
10007f2a:	4f32      	ldr	r7, [pc, #200]	@ (10007ff4 <vTaskPlaceOnUnorderedEventList+0xe8>)
10007f2c:	4a32      	ldr	r2, [pc, #200]	@ (10007ff8 <vTaskPlaceOnUnorderedEventList+0xec>)
10007f2e:	f041 4100 	orr.w	r1, r1, #2147483648	@ 0x80000000
10007f32:	61b1      	str	r1, [r6, #24]
10007f34:	f8df e0d0 	ldr.w	lr, [pc, #208]	@ 10008008 <vTaskPlaceOnUnorderedEventList+0xfc>
10007f38:	6826      	ldr	r6, [r4, #0]
10007f3a:	f8d4 9000 	ldr.w	r9, [r4]
10007f3e:	683f      	ldr	r7, [r7, #0]
10007f40:	6812      	ldr	r2, [r2, #0]
10007f42:	b083      	sub	sp, #12
10007f44:	9200      	str	r2, [sp, #0]
10007f46:	f8de 2000 	ldr.w	r2, [lr]
10007f4a:	6859      	ldr	r1, [r3, #4]
10007f4c:	9201      	str	r2, [sp, #4]
10007f4e:	681a      	ldr	r2, [r3, #0]
10007f50:	f8cb 101c 	str.w	r1, [fp, #28]
10007f54:	f8d4 e000 	ldr.w	lr, [r4]
10007f58:	f8d1 b008 	ldr.w	fp, [r1, #8]
10007f5c:	6820      	ldr	r0, [r4, #0]
10007f5e:	3618      	adds	r6, #24
10007f60:	3201      	adds	r2, #1
10007f62:	f8ca b020 	str.w	fp, [sl, #32]
10007f66:	3004      	adds	r0, #4
10007f68:	f8cb c004 	str.w	ip, [fp, #4]
10007f6c:	608e      	str	r6, [r1, #8]
10007f6e:	f8c9 3028 	str.w	r3, [r9, #40]	@ 0x28
10007f72:	601a      	str	r2, [r3, #0]
10007f74:	f88e 806d 	strb.w	r8, [lr, #109]	@ 0x6d
10007f78:	f7fe ff9a 	bl	10006eb0 <uxListRemove>
10007f7c:	b940      	cbnz	r0, 10007f90 <vTaskPlaceOnUnorderedEventList+0x84>
10007f7e:	2201      	movs	r2, #1
10007f80:	6823      	ldr	r3, [r4, #0]
10007f82:	491e      	ldr	r1, [pc, #120]	@ (10007ffc <vTaskPlaceOnUnorderedEventList+0xf0>)
10007f84:	6adb      	ldr	r3, [r3, #44]	@ 0x2c
10007f86:	409a      	lsls	r2, r3
10007f88:	680b      	ldr	r3, [r1, #0]
10007f8a:	ea23 0302 	bic.w	r3, r3, r2
10007f8e:	600b      	str	r3, [r1, #0]
10007f90:	1c6b      	adds	r3, r5, #1
10007f92:	d017      	beq.n	10007fc4 <vTaskPlaceOnUnorderedEventList+0xb8>
10007f94:	6823      	ldr	r3, [r4, #0]
10007f96:	19ed      	adds	r5, r5, r7
10007f98:	6821      	ldr	r1, [r4, #0]
10007f9a:	605d      	str	r5, [r3, #4]
10007f9c:	d20b      	bcs.n	10007fb6 <vTaskPlaceOnUnorderedEventList+0xaa>
10007f9e:	9800      	ldr	r0, [sp, #0]
10007fa0:	3104      	adds	r1, #4
10007fa2:	f7fe ff6d 	bl	10006e80 <vListInsert>
10007fa6:	4b16      	ldr	r3, [pc, #88]	@ (10008000 <vTaskPlaceOnUnorderedEventList+0xf4>)
10007fa8:	681a      	ldr	r2, [r3, #0]
10007faa:	4295      	cmp	r5, r2
10007fac:	bf38      	it	cc
10007fae:	601d      	strcc	r5, [r3, #0]
10007fb0:	b003      	add	sp, #12
10007fb2:	e8bd 8ff0 	ldmia.w	sp!, {r4, r5, r6, r7, r8, r9, sl, fp, pc}
10007fb6:	9801      	ldr	r0, [sp, #4]
10007fb8:	3104      	adds	r1, #4
10007fba:	b003      	add	sp, #12
10007fbc:	e8bd 4ff0 	ldmia.w	sp!, {r4, r5, r6, r7, r8, r9, sl, fp, lr}
10007fc0:	f7fe bf5e 	b.w	10006e80 <vListInsert>
10007fc4:	4b0f      	ldr	r3, [pc, #60]	@ (10008004 <vTaskPlaceOnUnorderedEventList+0xf8>)
10007fc6:	6821      	ldr	r1, [r4, #0]
10007fc8:	685a      	ldr	r2, [r3, #4]
10007fca:	6826      	ldr	r6, [r4, #0]
10007fcc:	608a      	str	r2, [r1, #8]
10007fce:	6820      	ldr	r0, [r4, #0]
10007fd0:	6821      	ldr	r1, [r4, #0]
10007fd2:	6825      	ldr	r5, [r4, #0]
10007fd4:	681c      	ldr	r4, [r3, #0]
10007fd6:	3004      	adds	r0, #4
10007fd8:	3401      	adds	r4, #1
10007fda:	601c      	str	r4, [r3, #0]
10007fdc:	6894      	ldr	r4, [r2, #8]
10007fde:	3104      	adds	r1, #4
10007fe0:	60f4      	str	r4, [r6, #12]
10007fe2:	6060      	str	r0, [r4, #4]
10007fe4:	6091      	str	r1, [r2, #8]
10007fe6:	616b      	str	r3, [r5, #20]
10007fe8:	b003      	add	sp, #12
10007fea:	e8bd 8ff0 	ldmia.w	sp!, {r4, r5, r6, r7, r8, r9, sl, fp, pc}
10007fee:	bf00      	nop
10007ff0:	2000392c 	.word	0x2000392c
10007ff4:	20023cdc 	.word	0x20023cdc
10007ff8:	20003934 	.word	0x20003934
10007ffc:	20023c14 	.word	0x20023c14
10008000:	20023c80 	.word	0x20023c80
10008004:	20023cb4 	.word	0x20023cb4
10008008:	2000393c 	.word	0x2000393c

1000800c <vTaskPlaceOnEventListRestricted>:
1000800c:	e92d 4ff0 	stmdb	sp!, {r4, r5, r6, r7, r8, r9, sl, fp, lr}
10008010:	4615      	mov	r5, r2
10008012:	4603      	mov	r3, r0
10008014:	f04f 0e00 	mov.w	lr, #0
10008018:	4c42      	ldr	r4, [pc, #264]	@ (10008124 <vTaskPlaceOnEventListRestricted+0x118>)
1000801a:	f8df 811c 	ldr.w	r8, [pc, #284]	@ 10008138 <vTaskPlaceOnEventListRestricted+0x12c>
1000801e:	4a42      	ldr	r2, [pc, #264]	@ (10008128 <vTaskPlaceOnEventListRestricted+0x11c>)
10008020:	f8d4 b000 	ldr.w	fp, [r4]
10008024:	f8df c114 	ldr.w	ip, [pc, #276]	@ 1000813c <vTaskPlaceOnEventListRestricted+0x130>
10008028:	f8d4 9000 	ldr.w	r9, [r4]
1000802c:	6827      	ldr	r7, [r4, #0]
1000802e:	6826      	ldr	r6, [r4, #0]
10008030:	f8d4 a000 	ldr.w	sl, [r4]
10008034:	f8d8 8000 	ldr.w	r8, [r8]
10008038:	6812      	ldr	r2, [r2, #0]
1000803a:	b085      	sub	sp, #20
1000803c:	1e28      	subs	r0, r5, #0
1000803e:	9201      	str	r2, [sp, #4]
10008040:	f8dc 2000 	ldr.w	r2, [ip]
10008044:	bf08      	it	eq
10008046:	460d      	moveq	r5, r1
10008048:	6859      	ldr	r1, [r3, #4]
1000804a:	9202      	str	r2, [sp, #8]
1000804c:	681a      	ldr	r2, [r3, #0]
1000804e:	f8cb 101c 	str.w	r1, [fp, #28]
10008052:	f8d4 c000 	ldr.w	ip, [r4]
10008056:	f8d1 b008 	ldr.w	fp, [r1, #8]
1000805a:	9003      	str	r0, [sp, #12]
1000805c:	6820      	ldr	r0, [r4, #0]
1000805e:	f107 0718 	add.w	r7, r7, #24
10008062:	f106 0618 	add.w	r6, r6, #24
10008066:	f102 0201 	add.w	r2, r2, #1
1000806a:	f8c9 b020 	str.w	fp, [r9, #32]
1000806e:	f100 0004 	add.w	r0, r0, #4
10008072:	f8cb 7004 	str.w	r7, [fp, #4]
10008076:	608e      	str	r6, [r1, #8]
10008078:	f8ca 3028 	str.w	r3, [sl, #40]	@ 0x28
1000807c:	601a      	str	r2, [r3, #0]
1000807e:	f88c e06d 	strb.w	lr, [ip, #109]	@ 0x6d
10008082:	bf18      	it	ne
10008084:	f04f 35ff 	movne.w	r5, #4294967295	@ 0xffffffff
10008088:	f7fe ff12 	bl	10006eb0 <uxListRemove>
1000808c:	b940      	cbnz	r0, 100080a0 <vTaskPlaceOnEventListRestricted+0x94>
1000808e:	2201      	movs	r2, #1
10008090:	6823      	ldr	r3, [r4, #0]
10008092:	4926      	ldr	r1, [pc, #152]	@ (1000812c <vTaskPlaceOnEventListRestricted+0x120>)
10008094:	6adb      	ldr	r3, [r3, #44]	@ 0x2c
10008096:	409a      	lsls	r2, r3
10008098:	680b      	ldr	r3, [r1, #0]
1000809a:	ea23 0302 	bic.w	r3, r3, r2
1000809e:	600b      	str	r3, [r1, #0]
100080a0:	1c6b      	adds	r3, r5, #1
100080a2:	d019      	beq.n	100080d8 <vTaskPlaceOnEventListRestricted+0xcc>
100080a4:	6823      	ldr	r3, [r4, #0]
100080a6:	eb15 0508 	adds.w	r5, r5, r8
100080aa:	605d      	str	r5, [r3, #4]
100080ac:	d20c      	bcs.n	100080c8 <vTaskPlaceOnEventListRestricted+0xbc>
100080ae:	6821      	ldr	r1, [r4, #0]
100080b0:	9801      	ldr	r0, [sp, #4]
100080b2:	3104      	adds	r1, #4
100080b4:	f7fe fee4 	bl	10006e80 <vListInsert>
100080b8:	4b1d      	ldr	r3, [pc, #116]	@ (10008130 <vTaskPlaceOnEventListRestricted+0x124>)
100080ba:	681a      	ldr	r2, [r3, #0]
100080bc:	4295      	cmp	r5, r2
100080be:	d200      	bcs.n	100080c2 <vTaskPlaceOnEventListRestricted+0xb6>
100080c0:	601d      	str	r5, [r3, #0]
100080c2:	b005      	add	sp, #20
100080c4:	e8bd 8ff0 	ldmia.w	sp!, {r4, r5, r6, r7, r8, r9, sl, fp, pc}
100080c8:	6821      	ldr	r1, [r4, #0]
100080ca:	9802      	ldr	r0, [sp, #8]
100080cc:	3104      	adds	r1, #4
100080ce:	b005      	add	sp, #20
100080d0:	e8bd 4ff0 	ldmia.w	sp!, {r4, r5, r6, r7, r8, r9, sl, fp, lr}
100080d4:	f7fe bed4 	b.w	10006e80 <vListInsert>
100080d8:	9b03      	ldr	r3, [sp, #12]
100080da:	b973      	cbnz	r3, 100080fa <vTaskPlaceOnEventListRestricted+0xee>
100080dc:	6823      	ldr	r3, [r4, #0]
100080de:	f108 32ff 	add.w	r2, r8, #4294967295	@ 0xffffffff
100080e2:	605a      	str	r2, [r3, #4]
100080e4:	f1b8 0f00 	cmp.w	r8, #0
100080e8:	d1ee      	bne.n	100080c8 <vTaskPlaceOnEventListRestricted+0xbc>
100080ea:	6821      	ldr	r1, [r4, #0]
100080ec:	9801      	ldr	r0, [sp, #4]
100080ee:	3104      	adds	r1, #4
100080f0:	f7fe fec6 	bl	10006e80 <vListInsert>
100080f4:	4b0e      	ldr	r3, [pc, #56]	@ (10008130 <vTaskPlaceOnEventListRestricted+0x124>)
100080f6:	681b      	ldr	r3, [r3, #0]
100080f8:	e7e3      	b.n	100080c2 <vTaskPlaceOnEventListRestricted+0xb6>
100080fa:	4b0e      	ldr	r3, [pc, #56]	@ (10008134 <vTaskPlaceOnEventListRestricted+0x128>)
100080fc:	6821      	ldr	r1, [r4, #0]
100080fe:	685a      	ldr	r2, [r3, #4]
10008100:	6826      	ldr	r6, [r4, #0]
10008102:	608a      	str	r2, [r1, #8]
10008104:	6820      	ldr	r0, [r4, #0]
10008106:	6821      	ldr	r1, [r4, #0]
10008108:	6825      	ldr	r5, [r4, #0]
1000810a:	681c      	ldr	r4, [r3, #0]
1000810c:	3004      	adds	r0, #4
1000810e:	3401      	adds	r4, #1
10008110:	601c      	str	r4, [r3, #0]
10008112:	6894      	ldr	r4, [r2, #8]
10008114:	3104      	adds	r1, #4
10008116:	60f4      	str	r4, [r6, #12]
10008118:	6060      	str	r0, [r4, #4]
1000811a:	6091      	str	r1, [r2, #8]
1000811c:	616b      	str	r3, [r5, #20]
1000811e:	b005      	add	sp, #20
10008120:	e8bd 8ff0 	ldmia.w	sp!, {r4, r5, r6, r7, r8, r9, sl, fp, pc}
10008124:	2000392c 	.word	0x2000392c
10008128:	20003934 	.word	0x20003934
1000812c:	20023c14 	.word	0x20023c14
10008130:	20023c80 	.word	0x20023c80
10008134:	20023cb4 	.word	0x20023cb4
10008138:	20023cdc 	.word	0x20023cdc
1000813c:	2000393c 	.word	0x2000393c

10008140 <xTaskRemoveFromEventList>:
10008140:	e92d 47f0 	stmdb	sp!, {r4, r5, r6, r7, r8, r9, sl, lr}
10008144:	2600      	movs	r6, #0
10008146:	68c3      	ldr	r3, [r0, #12]
10008148:	68db      	ldr	r3, [r3, #12]
1000814a:	6a9a      	ldr	r2, [r3, #40]	@ 0x28
1000814c:	e9d3 0107 	ldrd	r0, r1, [r3, #28]
10008150:	6081      	str	r1, [r0, #8]
10008152:	6048      	str	r0, [r1, #4]
10008154:	6850      	ldr	r0, [r2, #4]
10008156:	f103 0418 	add.w	r4, r3, #24
1000815a:	42a0      	cmp	r0, r4
1000815c:	4833      	ldr	r0, [pc, #204]	@ (1000822c <xTaskRemoveFromEventList+0xec>)
1000815e:	bf08      	it	eq
10008160:	6051      	streq	r1, [r2, #4]
10008162:	6811      	ldr	r1, [r2, #0]
10008164:	6805      	ldr	r5, [r0, #0]
10008166:	3901      	subs	r1, #1
10008168:	6ad8      	ldr	r0, [r3, #44]	@ 0x2c
1000816a:	629e      	str	r6, [r3, #40]	@ 0x28
1000816c:	6011      	str	r1, [r2, #0]
1000816e:	2d00      	cmp	r5, #0
10008170:	d13e      	bne.n	100081f0 <xTaskRemoveFromEventList+0xb0>
10008172:	e9d3 4102 	ldrd	r4, r1, [r3, #8]
10008176:	695a      	ldr	r2, [r3, #20]
10008178:	60a1      	str	r1, [r4, #8]
1000817a:	604c      	str	r4, [r1, #4]
1000817c:	6854      	ldr	r4, [r2, #4]
1000817e:	1d1f      	adds	r7, r3, #4
10008180:	42bc      	cmp	r4, r7
10008182:	bf08      	it	eq
10008184:	6051      	streq	r1, [r2, #4]
10008186:	6811      	ldr	r1, [r2, #0]
10008188:	4c29      	ldr	r4, [pc, #164]	@ (10008230 <xTaskRemoveFromEventList+0xf0>)
1000818a:	3901      	subs	r1, #1
1000818c:	6011      	str	r1, [r2, #0]
1000818e:	2201      	movs	r2, #1
10008190:	eb00 0180 	add.w	r1, r0, r0, lsl #2
10008194:	eb04 0e81 	add.w	lr, r4, r1, lsl #2
10008198:	f8de 6004 	ldr.w	r6, [lr, #4]
1000819c:	f8df c0a4 	ldr.w	ip, [pc, #164]	@ 10008244 <xTaskRemoveFromEventList+0x104>
100081a0:	f8d6 a008 	ldr.w	sl, [r6, #8]
100081a4:	f8dc 8000 	ldr.w	r8, [ip]
100081a8:	0089      	lsls	r1, r1, #2
100081aa:	5865      	ldr	r5, [r4, r1]
100081ac:	609e      	str	r6, [r3, #8]
100081ae:	f8c3 a00c 	str.w	sl, [r3, #12]
100081b2:	f8ca 7004 	str.w	r7, [sl, #4]
100081b6:	60b7      	str	r7, [r6, #8]
100081b8:	f8c3 e014 	str.w	lr, [r3, #20]
100081bc:	fa02 f300 	lsl.w	r3, r2, r0
100081c0:	ea43 0308 	orr.w	r3, r3, r8
100081c4:	f8df 9080 	ldr.w	r9, [pc, #128]	@ 10008248 <xTaskRemoveFromEventList+0x108>
100081c8:	f8cc 3000 	str.w	r3, [ip]
100081cc:	f8d9 3000 	ldr.w	r3, [r9]
100081d0:	4415      	add	r5, r2
100081d2:	5065      	str	r5, [r4, r1]
100081d4:	681b      	ldr	r3, [r3, #0]
100081d6:	bb0b      	cbnz	r3, 1000821c <xTaskRemoveFromEventList+0xdc>
100081d8:	f04f 32ff 	mov.w	r2, #4294967295	@ 0xffffffff
100081dc:	4b15      	ldr	r3, [pc, #84]	@ (10008234 <xTaskRemoveFromEventList+0xf4>)
100081de:	601a      	str	r2, [r3, #0]
100081e0:	4b15      	ldr	r3, [pc, #84]	@ (10008238 <xTaskRemoveFromEventList+0xf8>)
100081e2:	681b      	ldr	r3, [r3, #0]
100081e4:	6adb      	ldr	r3, [r3, #44]	@ 0x2c
100081e6:	4283      	cmp	r3, r0
100081e8:	d312      	bcc.n	10008210 <xTaskRemoveFromEventList+0xd0>
100081ea:	2000      	movs	r0, #0
100081ec:	e8bd 87f0 	ldmia.w	sp!, {r4, r5, r6, r7, r8, r9, sl, pc}
100081f0:	4a12      	ldr	r2, [pc, #72]	@ (1000823c <xTaskRemoveFromEventList+0xfc>)
100081f2:	6815      	ldr	r5, [r2, #0]
100081f4:	6851      	ldr	r1, [r2, #4]
100081f6:	3501      	adds	r5, #1
100081f8:	6015      	str	r5, [r2, #0]
100081fa:	688d      	ldr	r5, [r1, #8]
100081fc:	61d9      	str	r1, [r3, #28]
100081fe:	621d      	str	r5, [r3, #32]
10008200:	606c      	str	r4, [r5, #4]
10008202:	608c      	str	r4, [r1, #8]
10008204:	629a      	str	r2, [r3, #40]	@ 0x28
10008206:	4b0c      	ldr	r3, [pc, #48]	@ (10008238 <xTaskRemoveFromEventList+0xf8>)
10008208:	681b      	ldr	r3, [r3, #0]
1000820a:	6adb      	ldr	r3, [r3, #44]	@ 0x2c
1000820c:	4283      	cmp	r3, r0
1000820e:	d2ec      	bcs.n	100081ea <xTaskRemoveFromEventList+0xaa>
10008210:	2301      	movs	r3, #1
10008212:	4a0b      	ldr	r2, [pc, #44]	@ (10008240 <xTaskRemoveFromEventList+0x100>)
10008214:	4618      	mov	r0, r3
10008216:	6013      	str	r3, [r2, #0]
10008218:	e8bd 87f0 	ldmia.w	sp!, {r4, r5, r6, r7, r8, r9, sl, pc}
1000821c:	f8d9 2000 	ldr.w	r2, [r9]
10008220:	4b04      	ldr	r3, [pc, #16]	@ (10008234 <xTaskRemoveFromEventList+0xf4>)
10008222:	68d2      	ldr	r2, [r2, #12]
10008224:	6812      	ldr	r2, [r2, #0]
10008226:	601a      	str	r2, [r3, #0]
10008228:	e7ed      	b.n	10008206 <xTaskRemoveFromEventList+0xc6>
1000822a:	bf00      	nop
1000822c:	20023c0c 	.word	0x20023c0c
10008230:	20003944 	.word	0x20003944
10008234:	20023c80 	.word	0x20023c80
10008238:	2000392c 	.word	0x2000392c
1000823c:	20023c94 	.word	0x20023c94
10008240:	20023ce8 	.word	0x20023ce8
10008244:	20023c14 	.word	0x20023c14
10008248:	20003934 	.word	0x20003934

1000824c <vTaskRemoveFromUnorderedEventList>:
1000824c:	e92d 47f0 	stmdb	sp!, {r4, r5, r6, r7, r8, r9, sl, lr}
10008250:	e9d0 5401 	ldrd	r5, r4, [r0, #4]
10008254:	2600      	movs	r6, #0
10008256:	6902      	ldr	r2, [r0, #16]
10008258:	f041 4100 	orr.w	r1, r1, #2147483648	@ 0x80000000
1000825c:	6001      	str	r1, [r0, #0]
1000825e:	6851      	ldr	r1, [r2, #4]
10008260:	68c3      	ldr	r3, [r0, #12]
10008262:	4281      	cmp	r1, r0
10008264:	60ac      	str	r4, [r5, #8]
10008266:	6811      	ldr	r1, [r2, #0]
10008268:	6065      	str	r5, [r4, #4]
1000826a:	bf08      	it	eq
1000826c:	6054      	streq	r4, [r2, #4]
1000826e:	4c25      	ldr	r4, [pc, #148]	@ (10008304 <vTaskRemoveFromUnorderedEventList+0xb8>)
10008270:	3901      	subs	r1, #1
10008272:	6825      	ldr	r5, [r4, #0]
10008274:	6106      	str	r6, [r0, #16]
10008276:	6011      	str	r1, [r2, #0]
10008278:	682a      	ldr	r2, [r5, #0]
1000827a:	2a00      	cmp	r2, #0
1000827c:	d13c      	bne.n	100082f8 <vTaskRemoveFromUnorderedEventList+0xac>
1000827e:	f04f 31ff 	mov.w	r1, #4294967295	@ 0xffffffff
10008282:	4a21      	ldr	r2, [pc, #132]	@ (10008308 <vTaskRemoveFromUnorderedEventList+0xbc>)
10008284:	6011      	str	r1, [r2, #0]
10008286:	f04f 0c01 	mov.w	ip, #1
1000828a:	e9d3 0102 	ldrd	r0, r1, [r3, #8]
1000828e:	695a      	ldr	r2, [r3, #20]
10008290:	6081      	str	r1, [r0, #8]
10008292:	6048      	str	r0, [r1, #4]
10008294:	6850      	ldr	r0, [r2, #4]
10008296:	1d1e      	adds	r6, r3, #4
10008298:	42b0      	cmp	r0, r6
1000829a:	6810      	ldr	r0, [r2, #0]
1000829c:	bf08      	it	eq
1000829e:	6051      	streq	r1, [r2, #4]
100082a0:	3801      	subs	r0, #1
100082a2:	6ad9      	ldr	r1, [r3, #44]	@ 0x2c
100082a4:	6010      	str	r0, [r2, #0]
100082a6:	4819      	ldr	r0, [pc, #100]	@ (1000830c <vTaskRemoveFromUnorderedEventList+0xc0>)
100082a8:	eb01 0281 	add.w	r2, r1, r1, lsl #2
100082ac:	eb00 0982 	add.w	r9, r0, r2, lsl #2
100082b0:	f8d9 5004 	ldr.w	r5, [r9, #4]
100082b4:	4f16      	ldr	r7, [pc, #88]	@ (10008310 <vTaskRemoveFromUnorderedEventList+0xc4>)
100082b6:	f8d5 a008 	ldr.w	sl, [r5, #8]
100082ba:	f8d7 8000 	ldr.w	r8, [r7]
100082be:	0092      	lsls	r2, r2, #2
100082c0:	5884      	ldr	r4, [r0, r2]
100082c2:	609d      	str	r5, [r3, #8]
100082c4:	f8c3 a00c 	str.w	sl, [r3, #12]
100082c8:	f8ca 6004 	str.w	r6, [sl, #4]
100082cc:	60ae      	str	r6, [r5, #8]
100082ce:	f8c3 9014 	str.w	r9, [r3, #20]
100082d2:	fa0c f301 	lsl.w	r3, ip, r1
100082d6:	ea43 0308 	orr.w	r3, r3, r8
100082da:	f8df e03c 	ldr.w	lr, [pc, #60]	@ 10008318 <vTaskRemoveFromUnorderedEventList+0xcc>
100082de:	603b      	str	r3, [r7, #0]
100082e0:	f8de 3000 	ldr.w	r3, [lr]
100082e4:	4464      	add	r4, ip
100082e6:	6adb      	ldr	r3, [r3, #44]	@ 0x2c
100082e8:	5084      	str	r4, [r0, r2]
100082ea:	4299      	cmp	r1, r3
100082ec:	bf84      	itt	hi
100082ee:	4b09      	ldrhi	r3, [pc, #36]	@ (10008314 <vTaskRemoveFromUnorderedEventList+0xc8>)
100082f0:	f8c3 c000 	strhi.w	ip, [r3]
100082f4:	e8bd 87f0 	ldmia.w	sp!, {r4, r5, r6, r7, r8, r9, sl, pc}
100082f8:	6821      	ldr	r1, [r4, #0]
100082fa:	4a03      	ldr	r2, [pc, #12]	@ (10008308 <vTaskRemoveFromUnorderedEventList+0xbc>)
100082fc:	68c9      	ldr	r1, [r1, #12]
100082fe:	6809      	ldr	r1, [r1, #0]
10008300:	6011      	str	r1, [r2, #0]
10008302:	e7c0      	b.n	10008286 <vTaskRemoveFromUnorderedEventList+0x3a>
10008304:	20003934 	.word	0x20003934
10008308:	20023c80 	.word	0x20023c80
1000830c:	20003944 	.word	0x20003944
10008310:	20023c14 	.word	0x20023c14
10008314:	20023ce8 	.word	0x20023ce8
10008318:	2000392c 	.word	0x2000392c

1000831c <vTaskInternalSetTimeOutState>:
1000831c:	4a03      	ldr	r2, [pc, #12]	@ (1000832c <vTaskInternalSetTimeOutState+0x10>)
1000831e:	4b04      	ldr	r3, [pc, #16]	@ (10008330 <vTaskInternalSetTimeOutState+0x14>)
10008320:	6812      	ldr	r2, [r2, #0]
10008322:	681b      	ldr	r3, [r3, #0]
10008324:	e9c0 2300 	strd	r2, r3, [r0]
10008328:	4770      	bx	lr
1000832a:	bf00      	nop
1000832c:	20023c84 	.word	0x20023c84
10008330:	20023cdc 	.word	0x20023cdc

10008334 <xTaskCheckForTimeOut>:
10008334:	b5f8      	push	{r3, r4, r5, r6, r7, lr}
10008336:	4604      	mov	r4, r0
10008338:	460d      	mov	r5, r1
1000833a:	f7fe f9d7 	bl	100066ec <vPortEnterCritical>
1000833e:	4a18      	ldr	r2, [pc, #96]	@ (100083a0 <xTaskCheckForTimeOut+0x6c>)
10008340:	4b18      	ldr	r3, [pc, #96]	@ (100083a4 <xTaskCheckForTimeOut+0x70>)
10008342:	6816      	ldr	r6, [r2, #0]
10008344:	6818      	ldr	r0, [r3, #0]
10008346:	6861      	ldr	r1, [r4, #4]
10008348:	f890 006d 	ldrb.w	r0, [r0, #109]	@ 0x6d
1000834c:	b140      	cbz	r0, 10008360 <xTaskCheckForTimeOut+0x2c>
1000834e:	2200      	movs	r2, #0
10008350:	681b      	ldr	r3, [r3, #0]
10008352:	f883 206d 	strb.w	r2, [r3, #109]	@ 0x6d
10008356:	2401      	movs	r4, #1
10008358:	f7fe f9d6 	bl	10006708 <vPortExitCritical>
1000835c:	4620      	mov	r0, r4
1000835e:	bdf8      	pop	{r3, r4, r5, r6, r7, pc}
10008360:	682b      	ldr	r3, [r5, #0]
10008362:	1c58      	adds	r0, r3, #1
10008364:	d016      	beq.n	10008394 <xTaskCheckForTimeOut+0x60>
10008366:	f8df c040 	ldr.w	ip, [pc, #64]	@ 100083a8 <xTaskCheckForTimeOut+0x74>
1000836a:	6820      	ldr	r0, [r4, #0]
1000836c:	f8dc 7000 	ldr.w	r7, [ip]
10008370:	42b8      	cmp	r0, r7
10008372:	d004      	beq.n	1000837e <xTaskCheckForTimeOut+0x4a>
10008374:	42b1      	cmp	r1, r6
10008376:	d802      	bhi.n	1000837e <xTaskCheckForTimeOut+0x4a>
10008378:	2300      	movs	r3, #0
1000837a:	602b      	str	r3, [r5, #0]
1000837c:	e7eb      	b.n	10008356 <xTaskCheckForTimeOut+0x22>
1000837e:	1a77      	subs	r7, r6, r1
10008380:	42bb      	cmp	r3, r7
10008382:	d9f9      	bls.n	10008378 <xTaskCheckForTimeOut+0x44>
10008384:	1b9b      	subs	r3, r3, r6
10008386:	440b      	add	r3, r1
10008388:	f8dc 1000 	ldr.w	r1, [ip]
1000838c:	6812      	ldr	r2, [r2, #0]
1000838e:	602b      	str	r3, [r5, #0]
10008390:	e9c4 1200 	strd	r1, r2, [r4]
10008394:	2400      	movs	r4, #0
10008396:	f7fe f9b7 	bl	10006708 <vPortExitCritical>
1000839a:	4620      	mov	r0, r4
1000839c:	bdf8      	pop	{r3, r4, r5, r6, r7, pc}
1000839e:	bf00      	nop
100083a0:	20023cdc 	.word	0x20023cdc
100083a4:	2000392c 	.word	0x2000392c
100083a8:	20023c84 	.word	0x20023c84

100083ac <vTaskMissedYield>:
100083ac:	2201      	movs	r2, #1
100083ae:	4b01      	ldr	r3, [pc, #4]	@ (100083b4 <vTaskMissedYield+0x8>)
100083b0:	601a      	str	r2, [r3, #0]
100083b2:	4770      	bx	lr
100083b4:	20023ce8 	.word	0x20023ce8

100083b8 <eTaskConfirmSleepModeStatus>:
100083b8:	4b0b      	ldr	r3, [pc, #44]	@ (100083e8 <eTaskConfirmSleepModeStatus+0x30>)
100083ba:	6818      	ldr	r0, [r3, #0]
100083bc:	b918      	cbnz	r0, 100083c6 <eTaskConfirmSleepModeStatus+0xe>
100083be:	4b0b      	ldr	r3, [pc, #44]	@ (100083ec <eTaskConfirmSleepModeStatus+0x34>)
100083c0:	681b      	ldr	r3, [r3, #0]
100083c2:	b113      	cbz	r3, 100083ca <eTaskConfirmSleepModeStatus+0x12>
100083c4:	4770      	bx	lr
100083c6:	2000      	movs	r0, #0
100083c8:	4770      	bx	lr
100083ca:	4a09      	ldr	r2, [pc, #36]	@ (100083f0 <eTaskConfirmSleepModeStatus+0x38>)
100083cc:	6812      	ldr	r2, [r2, #0]
100083ce:	b10a      	cbz	r2, 100083d4 <eTaskConfirmSleepModeStatus+0x1c>
100083d0:	4618      	mov	r0, r3
100083d2:	4770      	bx	lr
100083d4:	4b07      	ldr	r3, [pc, #28]	@ (100083f4 <eTaskConfirmSleepModeStatus+0x3c>)
100083d6:	4a08      	ldr	r2, [pc, #32]	@ (100083f8 <eTaskConfirmSleepModeStatus+0x40>)
100083d8:	681b      	ldr	r3, [r3, #0]
100083da:	6810      	ldr	r0, [r2, #0]
100083dc:	3b01      	subs	r3, #1
100083de:	4298      	cmp	r0, r3
100083e0:	bf0c      	ite	eq
100083e2:	2002      	moveq	r0, #2
100083e4:	2001      	movne	r0, #1
100083e6:	4770      	bx	lr
100083e8:	20023c94 	.word	0x20023c94
100083ec:	20023ce8 	.word	0x20023ce8
100083f0:	20023c90 	.word	0x20023c90
100083f4:	20023c04 	.word	0x20023c04
100083f8:	20023cb4 	.word	0x20023cb4

100083fc <vTaskGetInfo>:
100083fc:	e92d 47f0 	stmdb	sp!, {r4, r5, r6, r7, r8, r9, sl, lr}
10008400:	460d      	mov	r5, r1
10008402:	4616      	mov	r6, r2
10008404:	2800      	cmp	r0, #0
10008406:	d038      	beq.n	1000847a <vTaskGetInfo+0x7e>
10008408:	4604      	mov	r4, r0
1000840a:	4940      	ldr	r1, [pc, #256]	@ (1000850c <vTaskGetInfo+0x110>)
1000840c:	2200      	movs	r2, #0
1000840e:	6ae0      	ldr	r0, [r4, #44]	@ 0x2c
10008410:	2b05      	cmp	r3, #5
10008412:	6128      	str	r0, [r5, #16]
10008414:	6b20      	ldr	r0, [r4, #48]	@ 0x30
10008416:	602c      	str	r4, [r5, #0]
10008418:	61e8      	str	r0, [r5, #28]
1000841a:	6c60      	ldr	r0, [r4, #68]	@ 0x44
1000841c:	60a8      	str	r0, [r5, #8]
1000841e:	6ce0      	ldr	r0, [r4, #76]	@ 0x4c
10008420:	e9c5 0205 	strd	r0, r2, [r5, #20]
10008424:	f104 0034 	add.w	r0, r4, #52	@ 0x34
10008428:	6068      	str	r0, [r5, #4]
1000842a:	d021      	beq.n	10008470 <vTaskGetInfo+0x74>
1000842c:	6809      	ldr	r1, [r1, #0]
1000842e:	42a1      	cmp	r1, r4
10008430:	d021      	beq.n	10008476 <vTaskGetInfo+0x7a>
10008432:	2b03      	cmp	r3, #3
10008434:	732b      	strb	r3, [r5, #12]
10008436:	d023      	beq.n	10008480 <vTaskGetInfo+0x84>
10008438:	f7fe f958 	bl	100066ec <vPortEnterCritical>
1000843c:	4b34      	ldr	r3, [pc, #208]	@ (10008510 <vTaskGetInfo+0x114>)
1000843e:	6aa2      	ldr	r2, [r4, #40]	@ 0x28
10008440:	429a      	cmp	r2, r3
10008442:	bf04      	itt	eq
10008444:	2301      	moveq	r3, #1
10008446:	732b      	strbeq	r3, [r5, #12]
10008448:	f7fe f95e 	bl	10006708 <vPortExitCritical>
1000844c:	b16e      	cbz	r6, 1000846a <vTaskGetInfo+0x6e>
1000844e:	6b26      	ldr	r6, [r4, #48]	@ 0x30
10008450:	7833      	ldrb	r3, [r6, #0]
10008452:	2ba5      	cmp	r3, #165	@ 0xa5
10008454:	d13f      	bne.n	100084d6 <vTaskGetInfo+0xda>
10008456:	4633      	mov	r3, r6
10008458:	4619      	mov	r1, r3
1000845a:	f813 2f01 	ldrb.w	r2, [r3, #1]!
1000845e:	2aa5      	cmp	r2, #165	@ 0xa5
10008460:	d0fa      	beq.n	10008458 <vTaskGetInfo+0x5c>
10008462:	f1c6 0601 	rsb	r6, r6, #1
10008466:	440e      	add	r6, r1
10008468:	08b6      	lsrs	r6, r6, #2
1000846a:	622e      	str	r6, [r5, #32]
1000846c:	e8bd 87f0 	ldmia.w	sp!, {r4, r5, r6, r7, r8, r9, sl, pc}
10008470:	680b      	ldr	r3, [r1, #0]
10008472:	429c      	cmp	r4, r3
10008474:	d10f      	bne.n	10008496 <vTaskGetInfo+0x9a>
10008476:	732a      	strb	r2, [r5, #12]
10008478:	e7e8      	b.n	1000844c <vTaskGetInfo+0x50>
1000847a:	4924      	ldr	r1, [pc, #144]	@ (1000850c <vTaskGetInfo+0x110>)
1000847c:	680c      	ldr	r4, [r1, #0]
1000847e:	e7c5      	b.n	1000840c <vTaskGetInfo+0x10>
10008480:	4a24      	ldr	r2, [pc, #144]	@ (10008514 <vTaskGetInfo+0x118>)
10008482:	6813      	ldr	r3, [r2, #0]
10008484:	3301      	adds	r3, #1
10008486:	6013      	str	r3, [r2, #0]
10008488:	6aa3      	ldr	r3, [r4, #40]	@ 0x28
1000848a:	b373      	cbz	r3, 100084ea <vTaskGetInfo+0xee>
1000848c:	2302      	movs	r3, #2
1000848e:	732b      	strb	r3, [r5, #12]
10008490:	f7ff faf2 	bl	10007a78 <xTaskResumeAll>
10008494:	e7d0      	b.n	10008438 <vTaskGetInfo+0x3c>
10008496:	f7fe f929 	bl	100066ec <vPortEnterCritical>
1000849a:	4b1f      	ldr	r3, [pc, #124]	@ (10008518 <vTaskGetInfo+0x11c>)
1000849c:	4a1f      	ldr	r2, [pc, #124]	@ (1000851c <vTaskGetInfo+0x120>)
1000849e:	f8d4 8028 	ldr.w	r8, [r4, #40]	@ 0x28
100084a2:	f8d2 9000 	ldr.w	r9, [r2]
100084a6:	6967      	ldr	r7, [r4, #20]
100084a8:	f8d3 a000 	ldr.w	sl, [r3]
100084ac:	f7fe f92c 	bl	10006708 <vPortExitCritical>
100084b0:	4b17      	ldr	r3, [pc, #92]	@ (10008510 <vTaskGetInfo+0x114>)
100084b2:	4598      	cmp	r8, r3
100084b4:	d016      	beq.n	100084e4 <vTaskGetInfo+0xe8>
100084b6:	454f      	cmp	r7, r9
100084b8:	d011      	beq.n	100084de <vTaskGetInfo+0xe2>
100084ba:	4557      	cmp	r7, sl
100084bc:	d00f      	beq.n	100084de <vTaskGetInfo+0xe2>
100084be:	4b18      	ldr	r3, [pc, #96]	@ (10008520 <vTaskGetInfo+0x124>)
100084c0:	429f      	cmp	r7, r3
100084c2:	d00a      	beq.n	100084da <vTaskGetInfo+0xde>
100084c4:	4b17      	ldr	r3, [pc, #92]	@ (10008524 <vTaskGetInfo+0x128>)
100084c6:	429f      	cmp	r7, r3
100084c8:	d014      	beq.n	100084f4 <vTaskGetInfo+0xf8>
100084ca:	2f00      	cmp	r7, #0
100084cc:	bf0c      	ite	eq
100084ce:	2204      	moveq	r2, #4
100084d0:	2201      	movne	r2, #1
100084d2:	732a      	strb	r2, [r5, #12]
100084d4:	e7ba      	b.n	1000844c <vTaskGetInfo+0x50>
100084d6:	2600      	movs	r6, #0
100084d8:	e7c7      	b.n	1000846a <vTaskGetInfo+0x6e>
100084da:	6aa3      	ldr	r3, [r4, #40]	@ 0x28
100084dc:	b16b      	cbz	r3, 100084fa <vTaskGetInfo+0xfe>
100084de:	2202      	movs	r2, #2
100084e0:	732a      	strb	r2, [r5, #12]
100084e2:	e7b3      	b.n	1000844c <vTaskGetInfo+0x50>
100084e4:	2201      	movs	r2, #1
100084e6:	732a      	strb	r2, [r5, #12]
100084e8:	e7b0      	b.n	1000844c <vTaskGetInfo+0x50>
100084ea:	f894 306c 	ldrb.w	r3, [r4, #108]	@ 0x6c
100084ee:	2b01      	cmp	r3, #1
100084f0:	d0cc      	beq.n	1000848c <vTaskGetInfo+0x90>
100084f2:	e7cd      	b.n	10008490 <vTaskGetInfo+0x94>
100084f4:	2204      	movs	r2, #4
100084f6:	732a      	strb	r2, [r5, #12]
100084f8:	e7a8      	b.n	1000844c <vTaskGetInfo+0x50>
100084fa:	f894 306c 	ldrb.w	r3, [r4, #108]	@ 0x6c
100084fe:	2b01      	cmp	r3, #1
10008500:	bf0c      	ite	eq
10008502:	2202      	moveq	r2, #2
10008504:	2203      	movne	r2, #3
10008506:	732a      	strb	r2, [r5, #12]
10008508:	e7a0      	b.n	1000844c <vTaskGetInfo+0x50>
1000850a:	bf00      	nop
1000850c:	2000392c 	.word	0x2000392c
10008510:	20023c94 	.word	0x20023c94
10008514:	20023c0c 	.word	0x20023c0c
10008518:	2000393c 	.word	0x2000393c
1000851c:	20003934 	.word	0x20003934
10008520:	20023cb4 	.word	0x20023cb4
10008524:	20023cc8 	.word	0x20023cc8

10008528 <uxTaskGetSystemState>:
10008528:	e92d 4ff0 	stmdb	sp!, {r4, r5, r6, r7, r8, r9, sl, fp, lr}
1000852c:	4cc3      	ldr	r4, [pc, #780]	@ (1000883c <uxTaskGetSystemState+0x314>)
1000852e:	b085      	sub	sp, #20
10008530:	6823      	ldr	r3, [r4, #0]
10008532:	e9cd 0202 	strd	r0, r2, [sp, #8]
10008536:	3301      	adds	r3, #1
10008538:	6023      	str	r3, [r4, #0]
1000853a:	4bc1      	ldr	r3, [pc, #772]	@ (10008840 <uxTaskGetSystemState+0x318>)
1000853c:	f04f 0a00 	mov.w	sl, #0
10008540:	681b      	ldr	r3, [r3, #0]
10008542:	428b      	cmp	r3, r1
10008544:	f200 81a5 	bhi.w	10008892 <uxTaskGetSystemState+0x36a>
10008548:	4653      	mov	r3, sl
1000854a:	f8df 9314 	ldr.w	r9, [pc, #788]	@ 10008860 <uxTaskGetSystemState+0x338>
1000854e:	4ebd      	ldr	r6, [pc, #756]	@ (10008844 <uxTaskGetSystemState+0x31c>)
10008550:	f859 1c08 	ldr.w	r1, [r9, #-8]
10008554:	2900      	cmp	r1, #0
10008556:	d04b      	beq.n	100085f0 <uxTaskGetSystemState+0xc8>
10008558:	f8d9 7004 	ldr.w	r7, [r9, #4]
1000855c:	454f      	cmp	r7, r9
1000855e:	d047      	beq.n	100085f0 <uxTaskGetSystemState+0xc8>
10008560:	9a02      	ldr	r2, [sp, #8]
10008562:	eb03 04c3 	add.w	r4, r3, r3, lsl #3
10008566:	eb02 0484 	add.w	r4, r2, r4, lsl #2
1000856a:	4622      	mov	r2, r4
1000856c:	f04f 0a00 	mov.w	sl, #0
10008570:	463c      	mov	r4, r7
10008572:	f04f 0b01 	mov.w	fp, #1
10008576:	46d0      	mov	r8, sl
10008578:	4617      	mov	r7, r2
1000857a:	9301      	str	r3, [sp, #4]
1000857c:	68e5      	ldr	r5, [r4, #12]
1000857e:	2d00      	cmp	r5, #0
10008580:	f000 8195 	beq.w	100088ae <uxTaskGetSystemState+0x386>
10008584:	6ae9      	ldr	r1, [r5, #44]	@ 0x2c
10008586:	6b28      	ldr	r0, [r5, #48]	@ 0x30
10008588:	6139      	str	r1, [r7, #16]
1000858a:	6c69      	ldr	r1, [r5, #68]	@ 0x44
1000858c:	603d      	str	r5, [r7, #0]
1000858e:	60b9      	str	r1, [r7, #8]
10008590:	6ce9      	ldr	r1, [r5, #76]	@ 0x4c
10008592:	f105 0334 	add.w	r3, r5, #52	@ 0x34
10008596:	e9c7 1805 	strd	r1, r8, [r7, #20]
1000859a:	6831      	ldr	r1, [r6, #0]
1000859c:	61f8      	str	r0, [r7, #28]
1000859e:	428d      	cmp	r5, r1
100085a0:	607b      	str	r3, [r7, #4]
100085a2:	f000 817c 	beq.w	1000889e <uxTaskGetSystemState+0x376>
100085a6:	f887 b00c 	strb.w	fp, [r7, #12]
100085aa:	f7fe f89f 	bl	100066ec <vPortEnterCritical>
100085ae:	6aa9      	ldr	r1, [r5, #40]	@ 0x28
100085b0:	4ba5      	ldr	r3, [pc, #660]	@ (10008848 <uxTaskGetSystemState+0x320>)
100085b2:	4299      	cmp	r1, r3
100085b4:	bf08      	it	eq
100085b6:	f887 b00c 	strbeq.w	fp, [r7, #12]
100085ba:	f7fe f8a5 	bl	10006708 <vPortExitCritical>
100085be:	6b28      	ldr	r0, [r5, #48]	@ 0x30
100085c0:	7803      	ldrb	r3, [r0, #0]
100085c2:	2ba5      	cmp	r3, #165	@ 0xa5
100085c4:	f040 8171 	bne.w	100088aa <uxTaskGetSystemState+0x382>
100085c8:	4603      	mov	r3, r0
100085ca:	469c      	mov	ip, r3
100085cc:	f813 2f01 	ldrb.w	r2, [r3, #1]!
100085d0:	2aa5      	cmp	r2, #165	@ 0xa5
100085d2:	d0fa      	beq.n	100085ca <uxTaskGetSystemState+0xa2>
100085d4:	f1c0 0001 	rsb	r0, r0, #1
100085d8:	4460      	add	r0, ip
100085da:	0880      	lsrs	r0, r0, #2
100085dc:	6864      	ldr	r4, [r4, #4]
100085de:	f10a 0a01 	add.w	sl, sl, #1
100085e2:	454c      	cmp	r4, r9
100085e4:	6238      	str	r0, [r7, #32]
100085e6:	f107 0724 	add.w	r7, r7, #36	@ 0x24
100085ea:	d1c7      	bne.n	1000857c <uxTaskGetSystemState+0x54>
100085ec:	9b01      	ldr	r3, [sp, #4]
100085ee:	4453      	add	r3, sl
100085f0:	4a96      	ldr	r2, [pc, #600]	@ (1000884c <uxTaskGetSystemState+0x324>)
100085f2:	f1a9 0914 	sub.w	r9, r9, #20
100085f6:	4591      	cmp	r9, r2
100085f8:	d1aa      	bne.n	10008550 <uxTaskGetSystemState+0x28>
100085fa:	469a      	mov	sl, r3
100085fc:	4b94      	ldr	r3, [pc, #592]	@ (10008850 <uxTaskGetSystemState+0x328>)
100085fe:	681b      	ldr	r3, [r3, #0]
10008600:	681a      	ldr	r2, [r3, #0]
10008602:	2a00      	cmp	r2, #0
10008604:	d058      	beq.n	100086b8 <uxTaskGetSystemState+0x190>
10008606:	f8d3 b00c 	ldr.w	fp, [r3, #12]
1000860a:	f103 0708 	add.w	r7, r3, #8
1000860e:	455f      	cmp	r7, fp
10008610:	d052      	beq.n	100086b8 <uxTaskGetSystemState+0x190>
10008612:	2600      	movs	r6, #0
10008614:	4635      	mov	r5, r6
10008616:	9b02      	ldr	r3, [sp, #8]
10008618:	eb0a 08ca 	add.w	r8, sl, sl, lsl #3
1000861c:	4c89      	ldr	r4, [pc, #548]	@ (10008844 <uxTaskGetSystemState+0x31c>)
1000861e:	eb03 0888 	add.w	r8, r3, r8, lsl #2
10008622:	f8db 900c 	ldr.w	r9, [fp, #12]
10008626:	f1b9 0f00 	cmp.w	r9, #0
1000862a:	f000 814a 	beq.w	100088c2 <uxTaskGetSystemState+0x39a>
1000862e:	f8d9 302c 	ldr.w	r3, [r9, #44]	@ 0x2c
10008632:	f8d9 1030 	ldr.w	r1, [r9, #48]	@ 0x30
10008636:	f8c8 3010 	str.w	r3, [r8, #16]
1000863a:	f8d9 3044 	ldr.w	r3, [r9, #68]	@ 0x44
1000863e:	f8c8 9000 	str.w	r9, [r8]
10008642:	f8c8 3008 	str.w	r3, [r8, #8]
10008646:	f8d9 304c 	ldr.w	r3, [r9, #76]	@ 0x4c
1000864a:	f109 0234 	add.w	r2, r9, #52	@ 0x34
1000864e:	e9c8 3505 	strd	r3, r5, [r8, #20]
10008652:	6823      	ldr	r3, [r4, #0]
10008654:	f8c8 101c 	str.w	r1, [r8, #28]
10008658:	4599      	cmp	r9, r3
1000865a:	f8c8 2004 	str.w	r2, [r8, #4]
1000865e:	f000 8128 	beq.w	100088b2 <uxTaskGetSystemState+0x38a>
10008662:	f04f 0302 	mov.w	r3, #2
10008666:	f888 300c 	strb.w	r3, [r8, #12]
1000866a:	f7fe f83f 	bl	100066ec <vPortEnterCritical>
1000866e:	f8d9 3028 	ldr.w	r3, [r9, #40]	@ 0x28
10008672:	4a75      	ldr	r2, [pc, #468]	@ (10008848 <uxTaskGetSystemState+0x320>)
10008674:	4293      	cmp	r3, r2
10008676:	bf04      	itt	eq
10008678:	2301      	moveq	r3, #1
1000867a:	f888 300c 	strbeq.w	r3, [r8, #12]
1000867e:	f7fe f843 	bl	10006708 <vPortExitCritical>
10008682:	f8d9 1030 	ldr.w	r1, [r9, #48]	@ 0x30
10008686:	780b      	ldrb	r3, [r1, #0]
10008688:	2ba5      	cmp	r3, #165	@ 0xa5
1000868a:	f040 8118 	bne.w	100088be <uxTaskGetSystemState+0x396>
1000868e:	460b      	mov	r3, r1
10008690:	4618      	mov	r0, r3
10008692:	f813 2f01 	ldrb.w	r2, [r3, #1]!
10008696:	2aa5      	cmp	r2, #165	@ 0xa5
10008698:	d0fa      	beq.n	10008690 <uxTaskGetSystemState+0x168>
1000869a:	f1c1 0301 	rsb	r3, r1, #1
1000869e:	4403      	add	r3, r0
100086a0:	089b      	lsrs	r3, r3, #2
100086a2:	f8db b004 	ldr.w	fp, [fp, #4]
100086a6:	f8c8 3020 	str.w	r3, [r8, #32]
100086aa:	455f      	cmp	r7, fp
100086ac:	f106 0601 	add.w	r6, r6, #1
100086b0:	f108 0824 	add.w	r8, r8, #36	@ 0x24
100086b4:	d1b5      	bne.n	10008622 <uxTaskGetSystemState+0xfa>
100086b6:	44b2      	add	sl, r6
100086b8:	4b66      	ldr	r3, [pc, #408]	@ (10008854 <uxTaskGetSystemState+0x32c>)
100086ba:	681b      	ldr	r3, [r3, #0]
100086bc:	681a      	ldr	r2, [r3, #0]
100086be:	2a00      	cmp	r2, #0
100086c0:	d058      	beq.n	10008774 <uxTaskGetSystemState+0x24c>
100086c2:	f8d3 b00c 	ldr.w	fp, [r3, #12]
100086c6:	f103 0708 	add.w	r7, r3, #8
100086ca:	455f      	cmp	r7, fp
100086cc:	d052      	beq.n	10008774 <uxTaskGetSystemState+0x24c>
100086ce:	2600      	movs	r6, #0
100086d0:	4635      	mov	r5, r6
100086d2:	9b02      	ldr	r3, [sp, #8]
100086d4:	eb0a 08ca 	add.w	r8, sl, sl, lsl #3
100086d8:	4c5a      	ldr	r4, [pc, #360]	@ (10008844 <uxTaskGetSystemState+0x31c>)
100086da:	eb03 0888 	add.w	r8, r3, r8, lsl #2
100086de:	f8db 900c 	ldr.w	r9, [fp, #12]
100086e2:	f1b9 0f00 	cmp.w	r9, #0
100086e6:	f000 80f7 	beq.w	100088d8 <uxTaskGetSystemState+0x3b0>
100086ea:	f8d9 302c 	ldr.w	r3, [r9, #44]	@ 0x2c
100086ee:	f8d9 1030 	ldr.w	r1, [r9, #48]	@ 0x30
100086f2:	f8c8 3010 	str.w	r3, [r8, #16]
100086f6:	f8d9 3044 	ldr.w	r3, [r9, #68]	@ 0x44
100086fa:	f8c8 9000 	str.w	r9, [r8]
100086fe:	f8c8 3008 	str.w	r3, [r8, #8]
10008702:	f8d9 304c 	ldr.w	r3, [r9, #76]	@ 0x4c
10008706:	f109 0234 	add.w	r2, r9, #52	@ 0x34
1000870a:	e9c8 3505 	strd	r3, r5, [r8, #20]
1000870e:	6823      	ldr	r3, [r4, #0]
10008710:	f8c8 101c 	str.w	r1, [r8, #28]
10008714:	4599      	cmp	r9, r3
10008716:	f8c8 2004 	str.w	r2, [r8, #4]
1000871a:	f000 80d5 	beq.w	100088c8 <uxTaskGetSystemState+0x3a0>
1000871e:	f04f 0302 	mov.w	r3, #2
10008722:	f888 300c 	strb.w	r3, [r8, #12]
10008726:	f7fd ffe1 	bl	100066ec <vPortEnterCritical>
1000872a:	f8d9 3028 	ldr.w	r3, [r9, #40]	@ 0x28
1000872e:	4a46      	ldr	r2, [pc, #280]	@ (10008848 <uxTaskGetSystemState+0x320>)
10008730:	4293      	cmp	r3, r2
10008732:	bf04      	itt	eq
10008734:	2301      	moveq	r3, #1
10008736:	f888 300c 	strbeq.w	r3, [r8, #12]
1000873a:	f7fd ffe5 	bl	10006708 <vPortExitCritical>
1000873e:	f8d9 1030 	ldr.w	r1, [r9, #48]	@ 0x30
10008742:	780b      	ldrb	r3, [r1, #0]
10008744:	2ba5      	cmp	r3, #165	@ 0xa5
10008746:	f040 80c5 	bne.w	100088d4 <uxTaskGetSystemState+0x3ac>
1000874a:	460b      	mov	r3, r1
1000874c:	4618      	mov	r0, r3
1000874e:	f813 2f01 	ldrb.w	r2, [r3, #1]!
10008752:	2aa5      	cmp	r2, #165	@ 0xa5
10008754:	d0fa      	beq.n	1000874c <uxTaskGetSystemState+0x224>
10008756:	f1c1 0301 	rsb	r3, r1, #1
1000875a:	4403      	add	r3, r0
1000875c:	089b      	lsrs	r3, r3, #2
1000875e:	f8db b004 	ldr.w	fp, [fp, #4]
10008762:	f8c8 3020 	str.w	r3, [r8, #32]
10008766:	455f      	cmp	r7, fp
10008768:	f106 0601 	add.w	r6, r6, #1
1000876c:	f108 0824 	add.w	r8, r8, #36	@ 0x24
10008770:	d1b5      	bne.n	100086de <uxTaskGetSystemState+0x1b6>
10008772:	44b2      	add	sl, r6
10008774:	4d38      	ldr	r5, [pc, #224]	@ (10008858 <uxTaskGetSystemState+0x330>)
10008776:	682b      	ldr	r3, [r5, #0]
10008778:	2b00      	cmp	r3, #0
1000877a:	d056      	beq.n	1000882a <uxTaskGetSystemState+0x302>
1000877c:	f8d5 b00c 	ldr.w	fp, [r5, #12]
10008780:	3508      	adds	r5, #8
10008782:	45ab      	cmp	fp, r5
10008784:	d051      	beq.n	1000882a <uxTaskGetSystemState+0x302>
10008786:	2700      	movs	r7, #0
10008788:	4c2e      	ldr	r4, [pc, #184]	@ (10008844 <uxTaskGetSystemState+0x31c>)
1000878a:	eb0a 09ca 	add.w	r9, sl, sl, lsl #3
1000878e:	463e      	mov	r6, r7
10008790:	f8cd a004 	str.w	sl, [sp, #4]
10008794:	f04f 0804 	mov.w	r8, #4
10008798:	46ba      	mov	sl, r7
1000879a:	4627      	mov	r7, r4
1000879c:	9b02      	ldr	r3, [sp, #8]
1000879e:	eb03 0989 	add.w	r9, r3, r9, lsl #2
100087a2:	f8db 400c 	ldr.w	r4, [fp, #12]
100087a6:	2c00      	cmp	r4, #0
100087a8:	f000 80a0 	beq.w	100088ec <uxTaskGetSystemState+0x3c4>
100087ac:	6ae3      	ldr	r3, [r4, #44]	@ 0x2c
100087ae:	6b20      	ldr	r0, [r4, #48]	@ 0x30
100087b0:	f8c9 3010 	str.w	r3, [r9, #16]
100087b4:	6c63      	ldr	r3, [r4, #68]	@ 0x44
100087b6:	f8c9 4000 	str.w	r4, [r9]
100087ba:	f8c9 3008 	str.w	r3, [r9, #8]
100087be:	6ce3      	ldr	r3, [r4, #76]	@ 0x4c
100087c0:	f104 0134 	add.w	r1, r4, #52	@ 0x34
100087c4:	e9c9 3605 	strd	r3, r6, [r9, #20]
100087c8:	683b      	ldr	r3, [r7, #0]
100087ca:	f8c9 001c 	str.w	r0, [r9, #28]
100087ce:	429c      	cmp	r4, r3
100087d0:	f8c9 1004 	str.w	r1, [r9, #4]
100087d4:	f000 8083 	beq.w	100088de <uxTaskGetSystemState+0x3b6>
100087d8:	f889 800c 	strb.w	r8, [r9, #12]
100087dc:	f7fd ff86 	bl	100066ec <vPortEnterCritical>
100087e0:	6aa3      	ldr	r3, [r4, #40]	@ 0x28
100087e2:	4a19      	ldr	r2, [pc, #100]	@ (10008848 <uxTaskGetSystemState+0x320>)
100087e4:	4293      	cmp	r3, r2
100087e6:	bf04      	itt	eq
100087e8:	2301      	moveq	r3, #1
100087ea:	f889 300c 	strbeq.w	r3, [r9, #12]
100087ee:	f7fd ff8b 	bl	10006708 <vPortExitCritical>
100087f2:	6b20      	ldr	r0, [r4, #48]	@ 0x30
100087f4:	7803      	ldrb	r3, [r0, #0]
100087f6:	2ba5      	cmp	r3, #165	@ 0xa5
100087f8:	d176      	bne.n	100088e8 <uxTaskGetSystemState+0x3c0>
100087fa:	4603      	mov	r3, r0
100087fc:	461c      	mov	r4, r3
100087fe:	f813 2f01 	ldrb.w	r2, [r3, #1]!
10008802:	2aa5      	cmp	r2, #165	@ 0xa5
10008804:	d0fa      	beq.n	100087fc <uxTaskGetSystemState+0x2d4>
10008806:	f1c0 0301 	rsb	r3, r0, #1
1000880a:	4423      	add	r3, r4
1000880c:	089b      	lsrs	r3, r3, #2
1000880e:	f8db b004 	ldr.w	fp, [fp, #4]
10008812:	f8c9 3020 	str.w	r3, [r9, #32]
10008816:	45ab      	cmp	fp, r5
10008818:	f10a 0a01 	add.w	sl, sl, #1
1000881c:	f109 0924 	add.w	r9, r9, #36	@ 0x24
10008820:	d1bf      	bne.n	100087a2 <uxTaskGetSystemState+0x27a>
10008822:	4657      	mov	r7, sl
10008824:	f8dd a004 	ldr.w	sl, [sp, #4]
10008828:	44ba      	add	sl, r7
1000882a:	4e0c      	ldr	r6, [pc, #48]	@ (1000885c <uxTaskGetSystemState+0x334>)
1000882c:	6833      	ldr	r3, [r6, #0]
1000882e:	b363      	cbz	r3, 1000888a <uxTaskGetSystemState+0x362>
10008830:	68f5      	ldr	r5, [r6, #12]
10008832:	3608      	adds	r6, #8
10008834:	42b5      	cmp	r5, r6
10008836:	d028      	beq.n	1000888a <uxTaskGetSystemState+0x362>
10008838:	e014      	b.n	10008864 <uxTaskGetSystemState+0x33c>
1000883a:	bf00      	nop
1000883c:	20023c0c 	.word	0x20023c0c
10008840:	20023c04 	.word	0x20023c04
10008844:	2000392c 	.word	0x2000392c
10008848:	20023c94 	.word	0x20023c94
1000884c:	20003938 	.word	0x20003938
10008850:	20003934 	.word	0x20003934
10008854:	2000393c 	.word	0x2000393c
10008858:	20023cc8 	.word	0x20023cc8
1000885c:	20023cb4 	.word	0x20023cb4
10008860:	20003bb8 	.word	0x20003bb8
10008864:	2700      	movs	r7, #0
10008866:	9a02      	ldr	r2, [sp, #8]
10008868:	eb0a 03ca 	add.w	r3, sl, sl, lsl #3
1000886c:	eb02 0483 	add.w	r4, r2, r3, lsl #2
10008870:	4621      	mov	r1, r4
10008872:	68e8      	ldr	r0, [r5, #12]
10008874:	2303      	movs	r3, #3
10008876:	2201      	movs	r2, #1
10008878:	f7ff fdc0 	bl	100083fc <vTaskGetInfo>
1000887c:	686d      	ldr	r5, [r5, #4]
1000887e:	3701      	adds	r7, #1
10008880:	42b5      	cmp	r5, r6
10008882:	f104 0424 	add.w	r4, r4, #36	@ 0x24
10008886:	d1f3      	bne.n	10008870 <uxTaskGetSystemState+0x348>
10008888:	44ba      	add	sl, r7
1000888a:	9a03      	ldr	r2, [sp, #12]
1000888c:	b10a      	cbz	r2, 10008892 <uxTaskGetSystemState+0x36a>
1000888e:	2300      	movs	r3, #0
10008890:	6013      	str	r3, [r2, #0]
10008892:	f7ff f8f1 	bl	10007a78 <xTaskResumeAll>
10008896:	4650      	mov	r0, sl
10008898:	b005      	add	sp, #20
1000889a:	e8bd 8ff0 	ldmia.w	sp!, {r4, r5, r6, r7, r8, r9, sl, fp, pc}
1000889e:	f887 800c 	strb.w	r8, [r7, #12]
100088a2:	7803      	ldrb	r3, [r0, #0]
100088a4:	2ba5      	cmp	r3, #165	@ 0xa5
100088a6:	f43f ae8f 	beq.w	100085c8 <uxTaskGetSystemState+0xa0>
100088aa:	2000      	movs	r0, #0
100088ac:	e696      	b.n	100085dc <uxTaskGetSystemState+0xb4>
100088ae:	6835      	ldr	r5, [r6, #0]
100088b0:	e668      	b.n	10008584 <uxTaskGetSystemState+0x5c>
100088b2:	f888 500c 	strb.w	r5, [r8, #12]
100088b6:	780b      	ldrb	r3, [r1, #0]
100088b8:	2ba5      	cmp	r3, #165	@ 0xa5
100088ba:	f43f aee8 	beq.w	1000868e <uxTaskGetSystemState+0x166>
100088be:	2300      	movs	r3, #0
100088c0:	e6ef      	b.n	100086a2 <uxTaskGetSystemState+0x17a>
100088c2:	f8d4 9000 	ldr.w	r9, [r4]
100088c6:	e6b2      	b.n	1000862e <uxTaskGetSystemState+0x106>
100088c8:	f888 500c 	strb.w	r5, [r8, #12]
100088cc:	780b      	ldrb	r3, [r1, #0]
100088ce:	2ba5      	cmp	r3, #165	@ 0xa5
100088d0:	f43f af3b 	beq.w	1000874a <uxTaskGetSystemState+0x222>
100088d4:	2300      	movs	r3, #0
100088d6:	e742      	b.n	1000875e <uxTaskGetSystemState+0x236>
100088d8:	f8d4 9000 	ldr.w	r9, [r4]
100088dc:	e705      	b.n	100086ea <uxTaskGetSystemState+0x1c2>
100088de:	f889 600c 	strb.w	r6, [r9, #12]
100088e2:	7803      	ldrb	r3, [r0, #0]
100088e4:	2ba5      	cmp	r3, #165	@ 0xa5
100088e6:	d088      	beq.n	100087fa <uxTaskGetSystemState+0x2d2>
100088e8:	2300      	movs	r3, #0
100088ea:	e790      	b.n	1000880e <uxTaskGetSystemState+0x2e6>
100088ec:	683c      	ldr	r4, [r7, #0]
100088ee:	e75d      	b.n	100087ac <uxTaskGetSystemState+0x284>

100088f0 <uxTaskGetStackHighWaterMark>:
100088f0:	b170      	cbz	r0, 10008910 <uxTaskGetStackHighWaterMark+0x20>
100088f2:	6b00      	ldr	r0, [r0, #48]	@ 0x30
100088f4:	7803      	ldrb	r3, [r0, #0]
100088f6:	2ba5      	cmp	r3, #165	@ 0xa5
100088f8:	d110      	bne.n	1000891c <uxTaskGetStackHighWaterMark+0x2c>
100088fa:	4603      	mov	r3, r0
100088fc:	469c      	mov	ip, r3
100088fe:	f813 2f01 	ldrb.w	r2, [r3, #1]!
10008902:	2aa5      	cmp	r2, #165	@ 0xa5
10008904:	d0fa      	beq.n	100088fc <uxTaskGetStackHighWaterMark+0xc>
10008906:	f1c0 0001 	rsb	r0, r0, #1
1000890a:	4460      	add	r0, ip
1000890c:	0880      	lsrs	r0, r0, #2
1000890e:	4770      	bx	lr
10008910:	4b03      	ldr	r3, [pc, #12]	@ (10008920 <uxTaskGetStackHighWaterMark+0x30>)
10008912:	6818      	ldr	r0, [r3, #0]
10008914:	6b00      	ldr	r0, [r0, #48]	@ 0x30
10008916:	7803      	ldrb	r3, [r0, #0]
10008918:	2ba5      	cmp	r3, #165	@ 0xa5
1000891a:	d0ee      	beq.n	100088fa <uxTaskGetStackHighWaterMark+0xa>
1000891c:	2000      	movs	r0, #0
1000891e:	4770      	bx	lr
10008920:	2000392c 	.word	0x2000392c

10008924 <xTaskGetCurrentTaskHandle>:
10008924:	4b01      	ldr	r3, [pc, #4]	@ (1000892c <xTaskGetCurrentTaskHandle+0x8>)
10008926:	6818      	ldr	r0, [r3, #0]
10008928:	4770      	bx	lr
1000892a:	bf00      	nop
1000892c:	2000392c 	.word	0x2000392c

10008930 <xTaskPriorityDisinherit>:
10008930:	b168      	cbz	r0, 1000894e <xTaskPriorityDisinherit+0x1e>
10008932:	e92d 43f8 	stmdb	sp!, {r3, r4, r5, r6, r7, r8, r9, lr}
10008936:	6ac1      	ldr	r1, [r0, #44]	@ 0x2c
10008938:	6d03      	ldr	r3, [r0, #80]	@ 0x50
1000893a:	6cc2      	ldr	r2, [r0, #76]	@ 0x4c
1000893c:	3b01      	subs	r3, #1
1000893e:	4291      	cmp	r1, r2
10008940:	4604      	mov	r4, r0
10008942:	6503      	str	r3, [r0, #80]	@ 0x50
10008944:	d000      	beq.n	10008948 <xTaskPriorityDisinherit+0x18>
10008946:	b123      	cbz	r3, 10008952 <xTaskPriorityDisinherit+0x22>
10008948:	2000      	movs	r0, #0
1000894a:	e8bd 83f8 	ldmia.w	sp!, {r3, r4, r5, r6, r7, r8, r9, pc}
1000894e:	2000      	movs	r0, #0
10008950:	4770      	bx	lr
10008952:	f100 0804 	add.w	r8, r0, #4
10008956:	4640      	mov	r0, r8
10008958:	f7fe faaa 	bl	10006eb0 <uxListRemove>
1000895c:	b328      	cbz	r0, 100089aa <xTaskPriorityDisinherit+0x7a>
1000895e:	4d17      	ldr	r5, [pc, #92]	@ (100089bc <xTaskPriorityDisinherit+0x8c>)
10008960:	6ce2      	ldr	r2, [r4, #76]	@ 0x4c
10008962:	4817      	ldr	r0, [pc, #92]	@ (100089c0 <xTaskPriorityDisinherit+0x90>)
10008964:	f1c2 0320 	rsb	r3, r2, #32
10008968:	61a3      	str	r3, [r4, #24]
1000896a:	2301      	movs	r3, #1
1000896c:	eb02 0182 	add.w	r1, r2, r2, lsl #2
10008970:	eb00 0e81 	add.w	lr, r0, r1, lsl #2
10008974:	f8de 7004 	ldr.w	r7, [lr, #4]
10008978:	0089      	lsls	r1, r1, #2
1000897a:	5846      	ldr	r6, [r0, r1]
1000897c:	f8d7 9008 	ldr.w	r9, [r7, #8]
10008980:	f8d5 c000 	ldr.w	ip, [r5]
10008984:	441e      	add	r6, r3
10008986:	62e2      	str	r2, [r4, #44]	@ 0x2c
10008988:	60a7      	str	r7, [r4, #8]
1000898a:	f8c4 900c 	str.w	r9, [r4, #12]
1000898e:	f8c9 8004 	str.w	r8, [r9, #4]
10008992:	f8c7 8008 	str.w	r8, [r7, #8]
10008996:	f8c4 e014 	str.w	lr, [r4, #20]
1000899a:	5046      	str	r6, [r0, r1]
1000899c:	4618      	mov	r0, r3
1000899e:	4093      	lsls	r3, r2
100089a0:	ea43 030c 	orr.w	r3, r3, ip
100089a4:	602b      	str	r3, [r5, #0]
100089a6:	e8bd 83f8 	ldmia.w	sp!, {r3, r4, r5, r6, r7, r8, r9, pc}
100089aa:	2201      	movs	r2, #1
100089ac:	4d03      	ldr	r5, [pc, #12]	@ (100089bc <xTaskPriorityDisinherit+0x8c>)
100089ae:	6ae1      	ldr	r1, [r4, #44]	@ 0x2c
100089b0:	682b      	ldr	r3, [r5, #0]
100089b2:	408a      	lsls	r2, r1
100089b4:	ea23 0302 	bic.w	r3, r3, r2
100089b8:	602b      	str	r3, [r5, #0]
100089ba:	e7d1      	b.n	10008960 <xTaskPriorityDisinherit+0x30>
100089bc:	20023c14 	.word	0x20023c14
100089c0:	20003944 	.word	0x20003944

100089c4 <uxTaskResetEventItemValue>:
100089c4:	4a04      	ldr	r2, [pc, #16]	@ (100089d8 <uxTaskResetEventItemValue+0x14>)
100089c6:	6811      	ldr	r1, [r2, #0]
100089c8:	6813      	ldr	r3, [r2, #0]
100089ca:	6812      	ldr	r2, [r2, #0]
100089cc:	6adb      	ldr	r3, [r3, #44]	@ 0x2c
100089ce:	6988      	ldr	r0, [r1, #24]
100089d0:	f1c3 0320 	rsb	r3, r3, #32
100089d4:	6193      	str	r3, [r2, #24]
100089d6:	4770      	bx	lr
100089d8:	2000392c 	.word	0x2000392c

100089dc <prvTimerTask>:
100089dc:	e92d 4ff0 	stmdb	sp!, {r4, r5, r6, r7, r8, r9, sl, fp, lr}
100089e0:	4fb7      	ldr	r7, [pc, #732]	@ (10008cc0 <prvTimerTask+0x2e4>)
100089e2:	f8df b2e4 	ldr.w	fp, [pc, #740]	@ 10008cc8 <prvTimerTask+0x2ec>
100089e6:	f8df 82e4 	ldr.w	r8, [pc, #740]	@ 10008ccc <prvTimerTask+0x2f0>
100089ea:	4db6      	ldr	r5, [pc, #728]	@ (10008cc4 <prvTimerTask+0x2e8>)
100089ec:	b087      	sub	sp, #28
100089ee:	683b      	ldr	r3, [r7, #0]
100089f0:	681c      	ldr	r4, [r3, #0]
100089f2:	2c00      	cmp	r4, #0
100089f4:	f000 811d 	beq.w	10008c32 <prvTimerTask+0x256>
100089f8:	68db      	ldr	r3, [r3, #12]
100089fa:	681c      	ldr	r4, [r3, #0]
100089fc:	f7ff f834 	bl	10007a68 <vTaskSuspendAll>
10008a00:	f7ff f9be 	bl	10007d80 <xTaskGetTickCount>
10008a04:	f8db 3000 	ldr.w	r3, [fp]
10008a08:	4681      	mov	r9, r0
10008a0a:	4298      	cmp	r0, r3
10008a0c:	d346      	bcc.n	10008a9c <prvTimerTask+0xc0>
10008a0e:	4284      	cmp	r4, r0
10008a10:	f8cb 0000 	str.w	r0, [fp]
10008a14:	f240 813e 	bls.w	10008c94 <prvTimerTask+0x2b8>
10008a18:	2200      	movs	r2, #0
10008a1a:	6828      	ldr	r0, [r5, #0]
10008a1c:	eba4 0109 	sub.w	r1, r4, r9
10008a20:	f7fe fd34 	bl	1000748c <vQueueWaitForMessageRestricted>
10008a24:	f7ff f828 	bl	10007a78 <xTaskResumeAll>
10008a28:	2800      	cmp	r0, #0
10008a2a:	f000 8125 	beq.w	10008c78 <prvTimerTask+0x29c>
10008a2e:	2300      	movs	r3, #0
10008a30:	e9cd 3302 	strd	r3, r3, [sp, #8]
10008a34:	e9cd 3304 	strd	r3, r3, [sp, #16]
10008a38:	2200      	movs	r2, #0
10008a3a:	6828      	ldr	r0, [r5, #0]
10008a3c:	a902      	add	r1, sp, #8
10008a3e:	f7fe fc0f 	bl	10007260 <xQueueReceive>
10008a42:	2800      	cmp	r0, #0
10008a44:	d0d3      	beq.n	100089ee <prvTimerTask+0x12>
10008a46:	9b02      	ldr	r3, [sp, #8]
10008a48:	9804      	ldr	r0, [sp, #16]
10008a4a:	2b00      	cmp	r3, #0
10008a4c:	f2c0 80e9 	blt.w	10008c22 <prvTimerTask+0x246>
10008a50:	f8dd a010 	ldr.w	sl, [sp, #16]
10008a54:	f8da 3014 	ldr.w	r3, [sl, #20]
10008a58:	b11b      	cbz	r3, 10008a62 <prvTimerTask+0x86>
10008a5a:	f10a 0004 	add.w	r0, sl, #4
10008a5e:	f7fe fa27 	bl	10006eb0 <uxListRemove>
10008a62:	f7ff f98d 	bl	10007d80 <xTaskGetTickCount>
10008a66:	f8db 3000 	ldr.w	r3, [fp]
10008a6a:	9001      	str	r0, [sp, #4]
10008a6c:	4298      	cmp	r0, r3
10008a6e:	d343      	bcc.n	10008af8 <prvTimerTask+0x11c>
10008a70:	e9dd 2301 	ldrd	r2, r3, [sp, #4]
10008a74:	3b01      	subs	r3, #1
10008a76:	f8cb 2000 	str.w	r2, [fp]
10008a7a:	2b08      	cmp	r3, #8
10008a7c:	d8dc      	bhi.n	10008a38 <prvTimerTask+0x5c>
10008a7e:	e8df f003 	tbb	[pc, r3]
10008a82:	6161      	.short	0x6161
10008a84:	61c7a5c0 	.word	0x61c7a5c0
10008a88:	c061      	.short	0xc061
10008a8a:	a5          	.byte	0xa5
10008a8b:	00          	.byte	0x00
10008a8c:	f022 0201 	bic.w	r2, r2, #1
10008a90:	f88a 2028 	strb.w	r2, [sl, #40]	@ 0x28
10008a94:	4650      	mov	r0, sl
10008a96:	f8da 3020 	ldr.w	r3, [sl, #32]
10008a9a:	4798      	blx	r3
10008a9c:	683b      	ldr	r3, [r7, #0]
10008a9e:	681a      	ldr	r2, [r3, #0]
10008aa0:	2a00      	cmp	r2, #0
10008aa2:	f000 80d9 	beq.w	10008c58 <prvTimerTask+0x27c>
10008aa6:	68da      	ldr	r2, [r3, #12]
10008aa8:	f8d2 a00c 	ldr.w	sl, [r2, #12]
10008aac:	6814      	ldr	r4, [r2, #0]
10008aae:	f10a 0604 	add.w	r6, sl, #4
10008ab2:	4630      	mov	r0, r6
10008ab4:	f7fe f9fc 	bl	10006eb0 <uxListRemove>
10008ab8:	f89a 2028 	ldrb.w	r2, [sl, #40]	@ 0x28
10008abc:	0751      	lsls	r1, r2, #29
10008abe:	d5e5      	bpl.n	10008a8c <prvTimerTask+0xb0>
10008ac0:	e003      	b.n	10008aca <prvTimerTask+0xee>
10008ac2:	4650      	mov	r0, sl
10008ac4:	f8da 2020 	ldr.w	r2, [sl, #32]
10008ac8:	4790      	blx	r2
10008aca:	f8da 2018 	ldr.w	r2, [sl, #24]
10008ace:	f8ca a010 	str.w	sl, [sl, #16]
10008ad2:	18a1      	adds	r1, r4, r2
10008ad4:	18a4      	adds	r4, r4, r2
10008ad6:	f8ca 1004 	str.w	r1, [sl, #4]
10008ada:	d3f2      	bcc.n	10008ac2 <prvTimerTask+0xe6>
10008adc:	4631      	mov	r1, r6
10008ade:	f8d8 0000 	ldr.w	r0, [r8]
10008ae2:	f7fe f9cd 	bl	10006e80 <vListInsert>
10008ae6:	e7d5      	b.n	10008a94 <prvTimerTask+0xb8>
10008ae8:	f021 0101 	bic.w	r1, r1, #1
10008aec:	f889 1028 	strb.w	r1, [r9, #40]	@ 0x28
10008af0:	4648      	mov	r0, r9
10008af2:	f8d9 3020 	ldr.w	r3, [r9, #32]
10008af6:	4798      	blx	r3
10008af8:	683b      	ldr	r3, [r7, #0]
10008afa:	6819      	ldr	r1, [r3, #0]
10008afc:	2900      	cmp	r1, #0
10008afe:	f000 80b5 	beq.w	10008c6c <prvTimerTask+0x290>
10008b02:	68d9      	ldr	r1, [r3, #12]
10008b04:	f8d1 900c 	ldr.w	r9, [r1, #12]
10008b08:	680c      	ldr	r4, [r1, #0]
10008b0a:	f109 0604 	add.w	r6, r9, #4
10008b0e:	4630      	mov	r0, r6
10008b10:	f7fe f9ce 	bl	10006eb0 <uxListRemove>
10008b14:	f899 1028 	ldrb.w	r1, [r9, #40]	@ 0x28
10008b18:	0748      	lsls	r0, r1, #29
10008b1a:	d5e5      	bpl.n	10008ae8 <prvTimerTask+0x10c>
10008b1c:	e003      	b.n	10008b26 <prvTimerTask+0x14a>
10008b1e:	4648      	mov	r0, r9
10008b20:	f8d9 1020 	ldr.w	r1, [r9, #32]
10008b24:	4788      	blx	r1
10008b26:	f8d9 1018 	ldr.w	r1, [r9, #24]
10008b2a:	f8c9 9010 	str.w	r9, [r9, #16]
10008b2e:	1860      	adds	r0, r4, r1
10008b30:	1864      	adds	r4, r4, r1
10008b32:	f8c9 0004 	str.w	r0, [r9, #4]
10008b36:	d3f2      	bcc.n	10008b1e <prvTimerTask+0x142>
10008b38:	4631      	mov	r1, r6
10008b3a:	f8d8 0000 	ldr.w	r0, [r8]
10008b3e:	f7fe f99f 	bl	10006e80 <vListInsert>
10008b42:	e7d5      	b.n	10008af0 <prvTimerTask+0x114>
10008b44:	f89a 0028 	ldrb.w	r0, [sl, #40]	@ 0x28
10008b48:	9903      	ldr	r1, [sp, #12]
10008b4a:	f8da 4018 	ldr.w	r4, [sl, #24]
10008b4e:	9a01      	ldr	r2, [sp, #4]
10008b50:	190b      	adds	r3, r1, r4
10008b52:	f040 0601 	orr.w	r6, r0, #1
10008b56:	f88a 6028 	strb.w	r6, [sl, #40]	@ 0x28
10008b5a:	bf2c      	ite	cs
10008b5c:	2601      	movcs	r6, #1
10008b5e:	2600      	movcc	r6, #0
10008b60:	4293      	cmp	r3, r2
10008b62:	f8ca 3004 	str.w	r3, [sl, #4]
10008b66:	f8ca a010 	str.w	sl, [sl, #16]
10008b6a:	f200 8088 	bhi.w	10008c7e <prvTimerTask+0x2a2>
10008b6e:	1a51      	subs	r1, r2, r1
10008b70:	428c      	cmp	r4, r1
10008b72:	d83f      	bhi.n	10008bf4 <prvTimerTask+0x218>
10008b74:	0741      	lsls	r1, r0, #29
10008b76:	d412      	bmi.n	10008b9e <prvTimerTask+0x1c2>
10008b78:	f020 0001 	bic.w	r0, r0, #1
10008b7c:	f88a 0028 	strb.w	r0, [sl, #40]	@ 0x28
10008b80:	4650      	mov	r0, sl
10008b82:	f8da 3020 	ldr.w	r3, [sl, #32]
10008b86:	4798      	blx	r3
10008b88:	e756      	b.n	10008a38 <prvTimerTask+0x5c>
10008b8a:	428c      	cmp	r4, r1
10008b8c:	f200 80c6 	bhi.w	10008d1c <prvTimerTask+0x340>
10008b90:	f8da 3020 	ldr.w	r3, [sl, #32]
10008b94:	4650      	mov	r0, sl
10008b96:	4798      	blx	r3
10008b98:	4633      	mov	r3, r6
10008b9a:	f8da 4018 	ldr.w	r4, [sl, #24]
10008b9e:	9a01      	ldr	r2, [sp, #4]
10008ba0:	18e6      	adds	r6, r4, r3
10008ba2:	bf2c      	ite	cs
10008ba4:	2001      	movcs	r0, #1
10008ba6:	2000      	movcc	r0, #0
10008ba8:	42b2      	cmp	r2, r6
10008baa:	eba2 0103 	sub.w	r1, r2, r3
10008bae:	f8ca 6004 	str.w	r6, [sl, #4]
10008bb2:	f8ca a010 	str.w	sl, [sl, #16]
10008bb6:	d2e8      	bcs.n	10008b8a <prvTimerTask+0x1ae>
10008bb8:	429a      	cmp	r2, r3
10008bba:	d201      	bcs.n	10008bc0 <prvTimerTask+0x1e4>
10008bbc:	2800      	cmp	r0, #0
10008bbe:	d0e7      	beq.n	10008b90 <prvTimerTask+0x1b4>
10008bc0:	6838      	ldr	r0, [r7, #0]
10008bc2:	f10a 0104 	add.w	r1, sl, #4
10008bc6:	f7fe f95b 	bl	10006e80 <vListInsert>
10008bca:	e7d9      	b.n	10008b80 <prvTimerTask+0x1a4>
10008bcc:	9903      	ldr	r1, [sp, #12]
10008bce:	9a01      	ldr	r2, [sp, #4]
10008bd0:	f89a 3028 	ldrb.w	r3, [sl, #40]	@ 0x28
10008bd4:	1888      	adds	r0, r1, r2
10008bd6:	f043 0301 	orr.w	r3, r3, #1
10008bda:	4290      	cmp	r0, r2
10008bdc:	f88a 3028 	strb.w	r3, [sl, #40]	@ 0x28
10008be0:	f8ca 1018 	str.w	r1, [sl, #24]
10008be4:	f8ca 0004 	str.w	r0, [sl, #4]
10008be8:	f8ca a010 	str.w	sl, [sl, #16]
10008bec:	d84c      	bhi.n	10008c88 <prvTimerTask+0x2ac>
10008bee:	2900      	cmp	r1, #0
10008bf0:	f43f af22 	beq.w	10008a38 <prvTimerTask+0x5c>
10008bf4:	f8d8 0000 	ldr.w	r0, [r8]
10008bf8:	f10a 0104 	add.w	r1, sl, #4
10008bfc:	f7fe f940 	bl	10006e80 <vListInsert>
10008c00:	e71a      	b.n	10008a38 <prvTimerTask+0x5c>
10008c02:	f89a 3028 	ldrb.w	r3, [sl, #40]	@ 0x28
10008c06:	f023 0301 	bic.w	r3, r3, #1
10008c0a:	f88a 3028 	strb.w	r3, [sl, #40]	@ 0x28
10008c0e:	e713      	b.n	10008a38 <prvTimerTask+0x5c>
10008c10:	f89a 3028 	ldrb.w	r3, [sl, #40]	@ 0x28
10008c14:	079a      	lsls	r2, r3, #30
10008c16:	d577      	bpl.n	10008d08 <prvTimerTask+0x32c>
10008c18:	f023 0301 	bic.w	r3, r3, #1
10008c1c:	f88a 3028 	strb.w	r3, [sl, #40]	@ 0x28
10008c20:	e70a      	b.n	10008a38 <prvTimerTask+0x5c>
10008c22:	9b03      	ldr	r3, [sp, #12]
10008c24:	9905      	ldr	r1, [sp, #20]
10008c26:	4798      	blx	r3
10008c28:	9b02      	ldr	r3, [sp, #8]
10008c2a:	2b00      	cmp	r3, #0
10008c2c:	f6ff af04 	blt.w	10008a38 <prvTimerTask+0x5c>
10008c30:	e70e      	b.n	10008a50 <prvTimerTask+0x74>
10008c32:	f7fe ff19 	bl	10007a68 <vTaskSuspendAll>
10008c36:	f7ff f8a3 	bl	10007d80 <xTaskGetTickCount>
10008c3a:	f8db 3000 	ldr.w	r3, [fp]
10008c3e:	4681      	mov	r9, r0
10008c40:	4298      	cmp	r0, r3
10008c42:	f4ff af2b 	bcc.w	10008a9c <prvTimerTask+0xc0>
10008c46:	f8d8 3000 	ldr.w	r3, [r8]
10008c4a:	f8cb 9000 	str.w	r9, [fp]
10008c4e:	681a      	ldr	r2, [r3, #0]
10008c50:	fab2 f282 	clz	r2, r2
10008c54:	0952      	lsrs	r2, r2, #5
10008c56:	e6e0      	b.n	10008a1a <prvTimerTask+0x3e>
10008c58:	f8d8 2000 	ldr.w	r2, [r8]
10008c5c:	f8cb 9000 	str.w	r9, [fp]
10008c60:	603a      	str	r2, [r7, #0]
10008c62:	f8c8 3000 	str.w	r3, [r8]
10008c66:	f7fe ff07 	bl	10007a78 <xTaskResumeAll>
10008c6a:	e6e0      	b.n	10008a2e <prvTimerTask+0x52>
10008c6c:	f8d8 1000 	ldr.w	r1, [r8]
10008c70:	f8c8 3000 	str.w	r3, [r8]
10008c74:	6039      	str	r1, [r7, #0]
10008c76:	e6fb      	b.n	10008a70 <prvTimerTask+0x94>
10008c78:	f7fd fd2c 	bl	100066d4 <vPortYield>
10008c7c:	e6d7      	b.n	10008a2e <prvTimerTask+0x52>
10008c7e:	4291      	cmp	r1, r2
10008c80:	d902      	bls.n	10008c88 <prvTimerTask+0x2ac>
10008c82:	2e00      	cmp	r6, #0
10008c84:	f43f af76 	beq.w	10008b74 <prvTimerTask+0x198>
10008c88:	6838      	ldr	r0, [r7, #0]
10008c8a:	f10a 0104 	add.w	r1, sl, #4
10008c8e:	f7fe f8f7 	bl	10006e80 <vListInsert>
10008c92:	e6d1      	b.n	10008a38 <prvTimerTask+0x5c>
10008c94:	f7fe fef0 	bl	10007a78 <xTaskResumeAll>
10008c98:	683b      	ldr	r3, [r7, #0]
10008c9a:	68db      	ldr	r3, [r3, #12]
10008c9c:	68de      	ldr	r6, [r3, #12]
10008c9e:	1d33      	adds	r3, r6, #4
10008ca0:	4618      	mov	r0, r3
10008ca2:	9301      	str	r3, [sp, #4]
10008ca4:	f7fe f904 	bl	10006eb0 <uxListRemove>
10008ca8:	f896 2028 	ldrb.w	r2, [r6, #40]	@ 0x28
10008cac:	0753      	lsls	r3, r2, #29
10008cae:	d415      	bmi.n	10008cdc <prvTimerTask+0x300>
10008cb0:	f022 0201 	bic.w	r2, r2, #1
10008cb4:	f886 2028 	strb.w	r2, [r6, #40]	@ 0x28
10008cb8:	4630      	mov	r0, r6
10008cba:	6a33      	ldr	r3, [r6, #32]
10008cbc:	4798      	blx	r3
10008cbe:	e6b6      	b.n	10008a2e <prvTimerTask+0x52>
10008cc0:	20003930 	.word	0x20003930
10008cc4:	20023ce0 	.word	0x20023ce0
10008cc8:	20023c74 	.word	0x20023c74
10008ccc:	20003940 	.word	0x20003940
10008cd0:	4281      	cmp	r1, r0
10008cd2:	d81d      	bhi.n	10008d10 <prvTimerTask+0x334>
10008cd4:	4630      	mov	r0, r6
10008cd6:	6a31      	ldr	r1, [r6, #32]
10008cd8:	4788      	blx	r1
10008cda:	4654      	mov	r4, sl
10008cdc:	69b1      	ldr	r1, [r6, #24]
10008cde:	eba9 0004 	sub.w	r0, r9, r4
10008ce2:	eb14 0a01 	adds.w	sl, r4, r1
10008ce6:	bf2c      	ite	cs
10008ce8:	2301      	movcs	r3, #1
10008cea:	2300      	movcc	r3, #0
10008cec:	45d1      	cmp	r9, sl
10008cee:	f8c6 a004 	str.w	sl, [r6, #4]
10008cf2:	6136      	str	r6, [r6, #16]
10008cf4:	d2ec      	bcs.n	10008cd0 <prvTimerTask+0x2f4>
10008cf6:	45a1      	cmp	r9, r4
10008cf8:	d201      	bcs.n	10008cfe <prvTimerTask+0x322>
10008cfa:	2b00      	cmp	r3, #0
10008cfc:	d0ea      	beq.n	10008cd4 <prvTimerTask+0x2f8>
10008cfe:	9901      	ldr	r1, [sp, #4]
10008d00:	6838      	ldr	r0, [r7, #0]
10008d02:	f7fe f8bd 	bl	10006e80 <vListInsert>
10008d06:	e7d7      	b.n	10008cb8 <prvTimerTask+0x2dc>
10008d08:	4650      	mov	r0, sl
10008d0a:	f7fd fb41 	bl	10006390 <vPortFree>
10008d0e:	e693      	b.n	10008a38 <prvTimerTask+0x5c>
10008d10:	9901      	ldr	r1, [sp, #4]
10008d12:	f8d8 0000 	ldr.w	r0, [r8]
10008d16:	f7fe f8b3 	bl	10006e80 <vListInsert>
10008d1a:	e7cd      	b.n	10008cb8 <prvTimerTask+0x2dc>
10008d1c:	f8d8 0000 	ldr.w	r0, [r8]
10008d20:	f10a 0104 	add.w	r1, sl, #4
10008d24:	f7fe f8ac 	bl	10006e80 <vListInsert>
10008d28:	e72a      	b.n	10008b80 <prvTimerTask+0x1a4>
10008d2a:	bf00      	nop

10008d2c <xTimerCreateTimerTask>:
10008d2c:	b5f0      	push	{r4, r5, r6, r7, lr}
10008d2e:	4c17      	ldr	r4, [pc, #92]	@ (10008d8c <xTimerCreateTimerTask+0x60>)
10008d30:	b083      	sub	sp, #12
10008d32:	f7fd fcdb 	bl	100066ec <vPortEnterCritical>
10008d36:	6825      	ldr	r5, [r4, #0]
10008d38:	b185      	cbz	r5, 10008d5c <xTimerCreateTimerTask+0x30>
10008d3a:	f7fd fce5 	bl	10006708 <vPortExitCritical>
10008d3e:	6820      	ldr	r0, [r4, #0]
10008d40:	b150      	cbz	r0, 10008d58 <xTimerCreateTimerTask+0x2c>
10008d42:	241f      	movs	r4, #31
10008d44:	4812      	ldr	r0, [pc, #72]	@ (10008d90 <xTimerCreateTimerTask+0x64>)
10008d46:	2300      	movs	r3, #0
10008d48:	9001      	str	r0, [sp, #4]
10008d4a:	f44f 6280 	mov.w	r2, #1024	@ 0x400
10008d4e:	4911      	ldr	r1, [pc, #68]	@ (10008d94 <xTimerCreateTimerTask+0x68>)
10008d50:	4811      	ldr	r0, [pc, #68]	@ (10008d98 <xTimerCreateTimerTask+0x6c>)
10008d52:	9400      	str	r4, [sp, #0]
10008d54:	f7fe fd18 	bl	10007788 <xTaskCreate>
10008d58:	b003      	add	sp, #12
10008d5a:	bdf0      	pop	{r4, r5, r6, r7, pc}
10008d5c:	4e0f      	ldr	r6, [pc, #60]	@ (10008d9c <xTimerCreateTimerTask+0x70>)
10008d5e:	4f10      	ldr	r7, [pc, #64]	@ (10008da0 <xTimerCreateTimerTask+0x74>)
10008d60:	4630      	mov	r0, r6
10008d62:	f7fe f86f 	bl	10006e44 <vListInitialise>
10008d66:	4638      	mov	r0, r7
10008d68:	f7fe f86c 	bl	10006e44 <vListInitialise>
10008d6c:	4a0d      	ldr	r2, [pc, #52]	@ (10008da4 <xTimerCreateTimerTask+0x78>)
10008d6e:	4b0e      	ldr	r3, [pc, #56]	@ (10008da8 <xTimerCreateTimerTask+0x7c>)
10008d70:	6017      	str	r7, [r2, #0]
10008d72:	2110      	movs	r1, #16
10008d74:	462a      	mov	r2, r5
10008d76:	200a      	movs	r0, #10
10008d78:	601e      	str	r6, [r3, #0]
10008d7a:	f7fe f9e5 	bl	10007148 <xQueueGenericCreate>
10008d7e:	6020      	str	r0, [r4, #0]
10008d80:	2800      	cmp	r0, #0
10008d82:	d0da      	beq.n	10008d3a <xTimerCreateTimerTask+0xe>
10008d84:	4909      	ldr	r1, [pc, #36]	@ (10008dac <xTimerCreateTimerTask+0x80>)
10008d86:	f7fe fae9 	bl	1000735c <vQueueAddToRegistry>
10008d8a:	e7d6      	b.n	10008d3a <xTimerCreateTimerTask+0xe>
10008d8c:	20023ce0 	.word	0x20023ce0
10008d90:	20023ce4 	.word	0x20023ce4
10008d94:	1000b5dc 	.word	0x1000b5dc
10008d98:	100089dd 	.word	0x100089dd
10008d9c:	20023c18 	.word	0x20023c18
10008da0:	20023c2c 	.word	0x20023c2c
10008da4:	20003940 	.word	0x20003940
10008da8:	20003930 	.word	0x20003930
10008dac:	1000b5d4 	.word	0x1000b5d4

10008db0 <xTimerPendFunctionCallFromISR>:
10008db0:	469c      	mov	ip, r3
10008db2:	b5f0      	push	{r4, r5, r6, r7, lr}
10008db4:	4607      	mov	r7, r0
10008db6:	460e      	mov	r6, r1
10008db8:	4615      	mov	r5, r2
10008dba:	f06f 0401 	mvn.w	r4, #1
10008dbe:	4b07      	ldr	r3, [pc, #28]	@ (10008ddc <xTimerPendFunctionCallFromISR+0x2c>)
10008dc0:	b085      	sub	sp, #20
10008dc2:	4669      	mov	r1, sp
10008dc4:	4662      	mov	r2, ip
10008dc6:	6818      	ldr	r0, [r3, #0]
10008dc8:	2300      	movs	r3, #0
10008dca:	e9cd 7601 	strd	r7, r6, [sp, #4]
10008dce:	9503      	str	r5, [sp, #12]
10008dd0:	9400      	str	r4, [sp, #0]
10008dd2:	f7fe f9f9 	bl	100071c8 <xQueueGenericSendFromISR>
10008dd6:	b005      	add	sp, #20
10008dd8:	bdf0      	pop	{r4, r5, r6, r7, pc}
10008dda:	bf00      	nop
10008ddc:	20023ce0 	.word	0x20023ce0

10008de0 <exception_set_exclusive_handler>:
10008de0:	b5f8      	push	{r3, r4, r5, r6, r7, lr}
10008de2:	4604      	mov	r4, r0
10008de4:	460d      	mov	r5, r1
10008de6:	f3ef 8710 	mrs	r7, PRIMASK
10008dea:	b672      	cpsid	i
10008dec:	4b0c      	ldr	r3, [pc, #48]	@ (10008e20 <exception_set_exclusive_handler+0x40>)
10008dee:	689b      	ldr	r3, [r3, #8]
10008df0:	f853 6020 	ldr.w	r6, [r3, r0, lsl #2]
10008df4:	42b1      	cmp	r1, r6
10008df6:	d004      	beq.n	10008e02 <exception_set_exclusive_handler+0x22>
10008df8:	4b0a      	ldr	r3, [pc, #40]	@ (10008e24 <exception_set_exclusive_handler+0x44>)
10008dfa:	429e      	cmp	r6, r3
10008dfc:	d20b      	bcs.n	10008e16 <exception_set_exclusive_handler+0x36>
10008dfe:	f7f8 fe6d 	bl	10001adc <hard_assertion_failure>
10008e02:	4b07      	ldr	r3, [pc, #28]	@ (10008e20 <exception_set_exclusive_handler+0x40>)
10008e04:	689b      	ldr	r3, [r3, #8]
10008e06:	f843 5024 	str.w	r5, [r3, r4, lsl #2]
10008e0a:	f3bf 8f5f 	dmb	sy
10008e0e:	f387 8810 	msr	PRIMASK, r7
10008e12:	4630      	mov	r0, r6
10008e14:	bdf8      	pop	{r3, r4, r5, r6, r7, pc}
10008e16:	4b04      	ldr	r3, [pc, #16]	@ (10008e28 <exception_set_exclusive_handler+0x48>)
10008e18:	429e      	cmp	r6, r3
10008e1a:	d3f2      	bcc.n	10008e02 <exception_set_exclusive_handler+0x22>
10008e1c:	e7ef      	b.n	10008dfe <exception_set_exclusive_handler+0x1e>
10008e1e:	bf00      	nop
10008e20:	e000ed00 	.word	0xe000ed00
10008e24:	10000110 	.word	0x10000110
10008e28:	1000011c 	.word	0x1000011c

10008e2c <multicore_doorbell_claim_unused>:
10008e2c:	b570      	push	{r4, r5, r6, lr}
10008e2e:	4604      	mov	r4, r0
10008e30:	460e      	mov	r6, r1
10008e32:	f7f7 fbe7 	bl	10000604 <hw_claim_lock>
10008e36:	4b39      	ldr	r3, [pc, #228]	@ (10008f1c <multicore_doorbell_claim_unused+0xf0>)
10008e38:	789d      	ldrb	r5, [r3, #2]
10008e3a:	f993 2000 	ldrsb.w	r2, [r3]
10008e3e:	f005 0501 	and.w	r5, r5, #1
10008e42:	0fd2      	lsrs	r2, r2, #31
10008e44:	ea42 0245 	orr.w	r2, r2, r5, lsl #1
10008e48:	4222      	tst	r2, r4
10008e4a:	f893 c000 	ldrb.w	ip, [r3]
10008e4e:	d04e      	beq.n	10008eee <multicore_doorbell_claim_unused+0xc2>
10008e50:	f993 1001 	ldrsb.w	r1, [r3, #1]
10008e54:	f3cc 1280 	ubfx	r2, ip, #6, #1
10008e58:	0fc9      	lsrs	r1, r1, #31
10008e5a:	ea42 0241 	orr.w	r2, r2, r1, lsl #1
10008e5e:	4222      	tst	r2, r4
10008e60:	7859      	ldrb	r1, [r3, #1]
10008e62:	d033      	beq.n	10008ecc <multicore_doorbell_claim_unused+0xa0>
10008e64:	f3c1 1580 	ubfx	r5, r1, #6, #1
10008e68:	f3cc 1240 	ubfx	r2, ip, #5, #1
10008e6c:	ea42 0245 	orr.w	r2, r2, r5, lsl #1
10008e70:	4222      	tst	r2, r4
10008e72:	d042      	beq.n	10008efa <multicore_doorbell_claim_unused+0xce>
10008e74:	f3c1 1540 	ubfx	r5, r1, #5, #1
10008e78:	f3cc 1200 	ubfx	r2, ip, #4, #1
10008e7c:	ea42 0245 	orr.w	r2, r2, r5, lsl #1
10008e80:	4222      	tst	r2, r4
10008e82:	d03d      	beq.n	10008f00 <multicore_doorbell_claim_unused+0xd4>
10008e84:	f3c1 1500 	ubfx	r5, r1, #4, #1
10008e88:	f3cc 02c0 	ubfx	r2, ip, #3, #1
10008e8c:	ea42 0245 	orr.w	r2, r2, r5, lsl #1
10008e90:	4222      	tst	r2, r4
10008e92:	d02f      	beq.n	10008ef4 <multicore_doorbell_claim_unused+0xc8>
10008e94:	f3c1 05c0 	ubfx	r5, r1, #3, #1
10008e98:	f3cc 0280 	ubfx	r2, ip, #2, #1
10008e9c:	ea42 0245 	orr.w	r2, r2, r5, lsl #1
10008ea0:	4222      	tst	r2, r4
10008ea2:	d030      	beq.n	10008f06 <multicore_doorbell_claim_unused+0xda>
10008ea4:	f3c1 0580 	ubfx	r5, r1, #2, #1
10008ea8:	f3cc 0240 	ubfx	r2, ip, #1, #1
10008eac:	ea42 0245 	orr.w	r2, r2, r5, lsl #1
10008eb0:	4222      	tst	r2, r4
10008eb2:	d02e      	beq.n	10008f12 <multicore_doorbell_claim_unused+0xe6>
10008eb4:	f001 0202 	and.w	r2, r1, #2
10008eb8:	f00c 0101 	and.w	r1, ip, #1
10008ebc:	430a      	orrs	r2, r1
10008ebe:	ea12 0504 	ands.w	r5, r2, r4
10008ec2:	d029      	beq.n	10008f18 <multicore_doorbell_claim_unused+0xec>
10008ec4:	b316      	cbz	r6, 10008f0c <multicore_doorbell_claim_unused+0xe0>
10008ec6:	4816      	ldr	r0, [pc, #88]	@ (10008f20 <multicore_doorbell_claim_unused+0xf4>)
10008ec8:	f7f7 fb84 	bl	100005d4 <panic>
10008ecc:	2140      	movs	r1, #64	@ 0x40
10008ece:	2506      	movs	r5, #6
10008ed0:	07e6      	lsls	r6, r4, #31
10008ed2:	bf44      	itt	mi
10008ed4:	ea4c 0c01 	orrmi.w	ip, ip, r1
10008ed8:	f883 c000 	strbmi.w	ip, [r3]
10008edc:	07a2      	lsls	r2, r4, #30
10008ede:	d502      	bpl.n	10008ee6 <multicore_doorbell_claim_unused+0xba>
10008ee0:	785a      	ldrb	r2, [r3, #1]
10008ee2:	430a      	orrs	r2, r1
10008ee4:	705a      	strb	r2, [r3, #1]
10008ee6:	f7f7 fb9f 	bl	10000628 <hw_claim_unlock>
10008eea:	4628      	mov	r0, r5
10008eec:	bd70      	pop	{r4, r5, r6, pc}
10008eee:	2180      	movs	r1, #128	@ 0x80
10008ef0:	2507      	movs	r5, #7
10008ef2:	e7ed      	b.n	10008ed0 <multicore_doorbell_claim_unused+0xa4>
10008ef4:	2108      	movs	r1, #8
10008ef6:	2503      	movs	r5, #3
10008ef8:	e7ea      	b.n	10008ed0 <multicore_doorbell_claim_unused+0xa4>
10008efa:	2120      	movs	r1, #32
10008efc:	2505      	movs	r5, #5
10008efe:	e7e7      	b.n	10008ed0 <multicore_doorbell_claim_unused+0xa4>
10008f00:	2110      	movs	r1, #16
10008f02:	2504      	movs	r5, #4
10008f04:	e7e4      	b.n	10008ed0 <multicore_doorbell_claim_unused+0xa4>
10008f06:	2104      	movs	r1, #4
10008f08:	2502      	movs	r5, #2
10008f0a:	e7e1      	b.n	10008ed0 <multicore_doorbell_claim_unused+0xa4>
10008f0c:	f06f 0508 	mvn.w	r5, #8
10008f10:	e7e9      	b.n	10008ee6 <multicore_doorbell_claim_unused+0xba>
10008f12:	2102      	movs	r1, #2
10008f14:	2501      	movs	r5, #1
10008f16:	e7db      	b.n	10008ed0 <multicore_doorbell_claim_unused+0xa4>
10008f18:	2101      	movs	r1, #1
10008f1a:	e7d9      	b.n	10008ed0 <multicore_doorbell_claim_unused+0xa4>
10008f1c:	200034e0 	.word	0x200034e0
10008f20:	1000b5e4 	.word	0x1000b5e4

10008f24 <_ZdlPvj>:
10008f24:	f000 bd0a 	b.w	1000993c <_ZdlPv>

10008f28 <__cxa_end_cleanup>:
10008f28:	b41e      	push	{r1, r2, r3, r4}
10008f2a:	f000 f88d 	bl	10009048 <__gnu_end_cleanup>
10008f2e:	bc1e      	pop	{r1, r2, r3, r4}
10008f30:	f002 f992 	bl	1000b258 <___Unwind_Resume_veneer>

10008f34 <__cxa_type_match>:
10008f34:	b5f0      	push	{r4, r5, r6, r7, lr}
10008f36:	461d      	mov	r5, r3
10008f38:	7803      	ldrb	r3, [r0, #0]
10008f3a:	b083      	sub	sp, #12
10008f3c:	460c      	mov	r4, r1
10008f3e:	2b47      	cmp	r3, #71	@ 0x47
10008f40:	d019      	beq.n	10008f76 <__cxa_type_match+0x42>
10008f42:	2000      	movs	r0, #0
10008f44:	4e25      	ldr	r6, [pc, #148]	@ (10008fdc <__cxa_type_match+0xa8>)
10008f46:	6833      	ldr	r3, [r6, #0]
10008f48:	9001      	str	r0, [sp, #4]
10008f4a:	4630      	mov	r0, r6
10008f4c:	689b      	ldr	r3, [r3, #8]
10008f4e:	4798      	blx	r3
10008f50:	b178      	cbz	r0, 10008f72 <__cxa_type_match+0x3e>
10008f52:	9b01      	ldr	r3, [sp, #4]
10008f54:	2702      	movs	r7, #2
10008f56:	681b      	ldr	r3, [r3, #0]
10008f58:	9301      	str	r3, [sp, #4]
10008f5a:	6823      	ldr	r3, [r4, #0]
10008f5c:	4620      	mov	r0, r4
10008f5e:	4631      	mov	r1, r6
10008f60:	aa01      	add	r2, sp, #4
10008f62:	691c      	ldr	r4, [r3, #16]
10008f64:	2301      	movs	r3, #1
10008f66:	47a0      	blx	r4
10008f68:	bb20      	cbnz	r0, 10008fb4 <__cxa_type_match+0x80>
10008f6a:	4607      	mov	r7, r0
10008f6c:	4638      	mov	r0, r7
10008f6e:	b003      	add	sp, #12
10008f70:	bdf0      	pop	{r4, r5, r6, r7, pc}
10008f72:	2701      	movs	r7, #1
10008f74:	e7f1      	b.n	10008f5a <__cxa_type_match+0x26>
10008f76:	7843      	ldrb	r3, [r0, #1]
10008f78:	2b4e      	cmp	r3, #78	@ 0x4e
10008f7a:	d1e2      	bne.n	10008f42 <__cxa_type_match+0xe>
10008f7c:	7883      	ldrb	r3, [r0, #2]
10008f7e:	2b55      	cmp	r3, #85	@ 0x55
10008f80:	d1df      	bne.n	10008f42 <__cxa_type_match+0xe>
10008f82:	78c3      	ldrb	r3, [r0, #3]
10008f84:	2b43      	cmp	r3, #67	@ 0x43
10008f86:	d1dc      	bne.n	10008f42 <__cxa_type_match+0xe>
10008f88:	7903      	ldrb	r3, [r0, #4]
10008f8a:	2b46      	cmp	r3, #70	@ 0x46
10008f8c:	d01b      	beq.n	10008fc6 <__cxa_type_match+0x92>
10008f8e:	2b43      	cmp	r3, #67	@ 0x43
10008f90:	d1d7      	bne.n	10008f42 <__cxa_type_match+0xe>
10008f92:	7943      	ldrb	r3, [r0, #5]
10008f94:	2b2b      	cmp	r3, #43	@ 0x2b
10008f96:	d1d4      	bne.n	10008f42 <__cxa_type_match+0xe>
10008f98:	7983      	ldrb	r3, [r0, #6]
10008f9a:	2b2b      	cmp	r3, #43	@ 0x2b
10008f9c:	d1d1      	bne.n	10008f42 <__cxa_type_match+0xe>
10008f9e:	79c3      	ldrb	r3, [r0, #7]
10008fa0:	2b01      	cmp	r3, #1
10008fa2:	d8ce      	bhi.n	10008f42 <__cxa_type_match+0xe>
10008fa4:	f04f 0300 	mov.w	r3, #0
10008fa8:	f850 6c20 	ldr.w	r6, [r0, #-32]
10008fac:	9301      	str	r3, [sp, #4]
10008fae:	d006      	beq.n	10008fbe <__cxa_type_match+0x8a>
10008fb0:	3058      	adds	r0, #88	@ 0x58
10008fb2:	e7c8      	b.n	10008f46 <__cxa_type_match+0x12>
10008fb4:	9b01      	ldr	r3, [sp, #4]
10008fb6:	4638      	mov	r0, r7
10008fb8:	602b      	str	r3, [r5, #0]
10008fba:	b003      	add	sp, #12
10008fbc:	bdf0      	pop	{r4, r5, r6, r7, pc}
10008fbe:	4630      	mov	r0, r6
10008fc0:	f856 6c78 	ldr.w	r6, [r6, #-120]
10008fc4:	e7bf      	b.n	10008f46 <__cxa_type_match+0x12>
10008fc6:	7943      	ldrb	r3, [r0, #5]
10008fc8:	2b4f      	cmp	r3, #79	@ 0x4f
10008fca:	d1ba      	bne.n	10008f42 <__cxa_type_match+0xe>
10008fcc:	7983      	ldrb	r3, [r0, #6]
10008fce:	2b52      	cmp	r3, #82	@ 0x52
10008fd0:	d1b7      	bne.n	10008f42 <__cxa_type_match+0xe>
10008fd2:	79c0      	ldrb	r0, [r0, #7]
10008fd4:	2800      	cmp	r0, #0
10008fd6:	d1b4      	bne.n	10008f42 <__cxa_type_match+0xe>
10008fd8:	4e01      	ldr	r6, [pc, #4]	@ (10008fe0 <__cxa_type_match+0xac>)
10008fda:	e7b4      	b.n	10008f46 <__cxa_type_match+0x12>
10008fdc:	1000b9a0 	.word	0x1000b9a0
10008fe0:	1000b974 	.word	0x1000b974

10008fe4 <__cxa_begin_cleanup>:
10008fe4:	b510      	push	{r4, lr}
10008fe6:	4604      	mov	r4, r0
10008fe8:	f000 f878 	bl	100090dc <__cxa_get_globals>
10008fec:	4622      	mov	r2, r4
10008fee:	f812 3920 	ldrb.w	r3, [r2], #-32
10008ff2:	2b47      	cmp	r3, #71	@ 0x47
10008ff4:	d004      	beq.n	10009000 <__cxa_begin_cleanup+0x1c>
10008ff6:	6883      	ldr	r3, [r0, #8]
10008ff8:	bb23      	cbnz	r3, 10009044 <__cxa_begin_cleanup+0x60>
10008ffa:	6082      	str	r2, [r0, #8]
10008ffc:	2001      	movs	r0, #1
10008ffe:	bd10      	pop	{r4, pc}
10009000:	7863      	ldrb	r3, [r4, #1]
10009002:	2b4e      	cmp	r3, #78	@ 0x4e
10009004:	d1f7      	bne.n	10008ff6 <__cxa_begin_cleanup+0x12>
10009006:	78a3      	ldrb	r3, [r4, #2]
10009008:	2b55      	cmp	r3, #85	@ 0x55
1000900a:	d1f4      	bne.n	10008ff6 <__cxa_begin_cleanup+0x12>
1000900c:	78e3      	ldrb	r3, [r4, #3]
1000900e:	2b43      	cmp	r3, #67	@ 0x43
10009010:	d1f1      	bne.n	10008ff6 <__cxa_begin_cleanup+0x12>
10009012:	7923      	ldrb	r3, [r4, #4]
10009014:	2b43      	cmp	r3, #67	@ 0x43
10009016:	d1ee      	bne.n	10008ff6 <__cxa_begin_cleanup+0x12>
10009018:	7963      	ldrb	r3, [r4, #5]
1000901a:	2b2b      	cmp	r3, #43	@ 0x2b
1000901c:	d1eb      	bne.n	10008ff6 <__cxa_begin_cleanup+0x12>
1000901e:	79a3      	ldrb	r3, [r4, #6]
10009020:	2b2b      	cmp	r3, #43	@ 0x2b
10009022:	d1e8      	bne.n	10008ff6 <__cxa_begin_cleanup+0x12>
10009024:	79e3      	ldrb	r3, [r4, #7]
10009026:	2b01      	cmp	r3, #1
10009028:	d8e5      	bhi.n	10008ff6 <__cxa_begin_cleanup+0x12>
1000902a:	f854 3c04 	ldr.w	r3, [r4, #-4]
1000902e:	3301      	adds	r3, #1
10009030:	2b01      	cmp	r3, #1
10009032:	f844 3c04 	str.w	r3, [r4, #-4]
10009036:	d1e1      	bne.n	10008ffc <__cxa_begin_cleanup+0x18>
10009038:	6883      	ldr	r3, [r0, #8]
1000903a:	f844 3c08 	str.w	r3, [r4, #-8]
1000903e:	6082      	str	r2, [r0, #8]
10009040:	2001      	movs	r0, #1
10009042:	bd10      	pop	{r4, pc}
10009044:	f000 fb32 	bl	100096ac <_ZSt9terminatev>

10009048 <__gnu_end_cleanup>:
10009048:	b508      	push	{r3, lr}
1000904a:	f000 f847 	bl	100090dc <__cxa_get_globals>
1000904e:	6883      	ldr	r3, [r0, #8]
10009050:	b383      	cbz	r3, 100090b4 <__gnu_end_cleanup+0x6c>
10009052:	f893 2020 	ldrb.w	r2, [r3, #32]
10009056:	2a47      	cmp	r2, #71	@ 0x47
10009058:	d004      	beq.n	10009064 <__gnu_end_cleanup+0x1c>
1000905a:	2200      	movs	r2, #0
1000905c:	6082      	str	r2, [r0, #8]
1000905e:	f103 0020 	add.w	r0, r3, #32
10009062:	bd08      	pop	{r3, pc}
10009064:	f893 2021 	ldrb.w	r2, [r3, #33]	@ 0x21
10009068:	2a4e      	cmp	r2, #78	@ 0x4e
1000906a:	d1f6      	bne.n	1000905a <__gnu_end_cleanup+0x12>
1000906c:	f893 2022 	ldrb.w	r2, [r3, #34]	@ 0x22
10009070:	2a55      	cmp	r2, #85	@ 0x55
10009072:	d1f2      	bne.n	1000905a <__gnu_end_cleanup+0x12>
10009074:	f893 2023 	ldrb.w	r2, [r3, #35]	@ 0x23
10009078:	2a43      	cmp	r2, #67	@ 0x43
1000907a:	d1ee      	bne.n	1000905a <__gnu_end_cleanup+0x12>
1000907c:	f893 2024 	ldrb.w	r2, [r3, #36]	@ 0x24
10009080:	2a43      	cmp	r2, #67	@ 0x43
10009082:	d1ea      	bne.n	1000905a <__gnu_end_cleanup+0x12>
10009084:	f893 2025 	ldrb.w	r2, [r3, #37]	@ 0x25
10009088:	2a2b      	cmp	r2, #43	@ 0x2b
1000908a:	d1e6      	bne.n	1000905a <__gnu_end_cleanup+0x12>
1000908c:	f893 2026 	ldrb.w	r2, [r3, #38]	@ 0x26
10009090:	2a2b      	cmp	r2, #43	@ 0x2b
10009092:	d1e2      	bne.n	1000905a <__gnu_end_cleanup+0x12>
10009094:	f893 2027 	ldrb.w	r2, [r3, #39]	@ 0x27
10009098:	2a01      	cmp	r2, #1
1000909a:	d8de      	bhi.n	1000905a <__gnu_end_cleanup+0x12>
1000909c:	69da      	ldr	r2, [r3, #28]
1000909e:	3a01      	subs	r2, #1
100090a0:	61da      	str	r2, [r3, #28]
100090a2:	2a00      	cmp	r2, #0
100090a4:	d1db      	bne.n	1000905e <__gnu_end_cleanup+0x16>
100090a6:	6999      	ldr	r1, [r3, #24]
100090a8:	2200      	movs	r2, #0
100090aa:	6081      	str	r1, [r0, #8]
100090ac:	f103 0020 	add.w	r0, r3, #32
100090b0:	619a      	str	r2, [r3, #24]
100090b2:	bd08      	pop	{r3, pc}
100090b4:	f000 fafa 	bl	100096ac <_ZSt9terminatev>

100090b8 <_ZNSt13bad_exceptionD1Ev>:
100090b8:	4770      	bx	lr
100090ba:	bf00      	nop

100090bc <_ZGTtNKSt13bad_exception4whatEv>:
100090bc:	4800      	ldr	r0, [pc, #0]	@ (100090c0 <_ZGTtNKSt13bad_exception4whatEv+0x4>)
100090be:	4770      	bx	lr
100090c0:	1000b5f8 	.word	0x1000b5f8

100090c4 <_ZNSt13bad_exceptionD0Ev>:
100090c4:	b510      	push	{r4, lr}
100090c6:	4604      	mov	r4, r0
100090c8:	2104      	movs	r1, #4
100090ca:	f7ff ff2b 	bl	10008f24 <_ZdlPvj>
100090ce:	4620      	mov	r0, r4
100090d0:	bd10      	pop	{r4, pc}
100090d2:	bf00      	nop

100090d4 <__cxa_get_globals_fast>:
100090d4:	4800      	ldr	r0, [pc, #0]	@ (100090d8 <__cxa_get_globals_fast+0x4>)
100090d6:	4770      	bx	lr
100090d8:	20003000 	.word	0x20003000

100090dc <__cxa_get_globals>:
100090dc:	4800      	ldr	r0, [pc, #0]	@ (100090e0 <__cxa_get_globals+0x4>)
100090de:	4770      	bx	lr
100090e0:	20003000 	.word	0x20003000

100090e4 <_ZL28read_encoded_value_with_basehjPKhPj>:
100090e4:	2850      	cmp	r0, #80	@ 0x50
100090e6:	b570      	push	{r4, r5, r6, lr}
100090e8:	d01d      	beq.n	10009126 <_ZL28read_encoded_value_with_basehjPKhPj+0x42>
100090ea:	4684      	mov	ip, r0
100090ec:	f000 000f 	and.w	r0, r0, #15
100090f0:	280c      	cmp	r0, #12
100090f2:	d855      	bhi.n	100091a0 <_ZL28read_encoded_value_with_basehjPKhPj+0xbc>
100090f4:	e8df f000 	tbb	[pc, r0]
100090f8:	07264407 	.word	0x07264407
100090fc:	5454541e 	.word	0x5454541e
10009100:	07222a54 	.word	0x07222a54
10009104:	1e          	.byte	0x1e
10009105:	00          	.byte	0x00
10009106:	4610      	mov	r0, r2
10009108:	f850 6b04 	ldr.w	r6, [r0], #4
1000910c:	b14e      	cbz	r6, 10009122 <_ZL28read_encoded_value_with_basehjPKhPj+0x3e>
1000910e:	f00c 0470 	and.w	r4, ip, #112	@ 0x70
10009112:	2c10      	cmp	r4, #16
10009114:	bf08      	it	eq
10009116:	4611      	moveq	r1, r2
10009118:	f01c 0f80 	tst.w	ip, #128	@ 0x80
1000911c:	440e      	add	r6, r1
1000911e:	bf18      	it	ne
10009120:	6836      	ldrne	r6, [r6, #0]
10009122:	601e      	str	r6, [r3, #0]
10009124:	bd70      	pop	{r4, r5, r6, pc}
10009126:	1cd0      	adds	r0, r2, #3
10009128:	f020 0003 	bic.w	r0, r0, #3
1000912c:	f850 6b04 	ldr.w	r6, [r0], #4
10009130:	601e      	str	r6, [r3, #0]
10009132:	bd70      	pop	{r4, r5, r6, pc}
10009134:	4610      	mov	r0, r2
10009136:	f850 6b08 	ldr.w	r6, [r0], #8
1000913a:	e7e7      	b.n	1000910c <_ZL28read_encoded_value_with_basehjPKhPj+0x28>
1000913c:	4610      	mov	r0, r2
1000913e:	f930 6b02 	ldrsh.w	r6, [r0], #2
10009142:	e7e3      	b.n	1000910c <_ZL28read_encoded_value_with_basehjPKhPj+0x28>
10009144:	4610      	mov	r0, r2
10009146:	f830 6b02 	ldrh.w	r6, [r0], #2
1000914a:	e7df      	b.n	1000910c <_ZL28read_encoded_value_with_basehjPKhPj+0x28>
1000914c:	2600      	movs	r6, #0
1000914e:	4610      	mov	r0, r2
10009150:	4634      	mov	r4, r6
10009152:	f810 5b01 	ldrb.w	r5, [r0], #1
10009156:	f005 0e7f 	and.w	lr, r5, #127	@ 0x7f
1000915a:	f015 0f80 	tst.w	r5, #128	@ 0x80
1000915e:	fa0e fe04 	lsl.w	lr, lr, r4
10009162:	f104 0407 	add.w	r4, r4, #7
10009166:	ea46 060e 	orr.w	r6, r6, lr
1000916a:	d1f2      	bne.n	10009152 <_ZL28read_encoded_value_with_basehjPKhPj+0x6e>
1000916c:	2c1f      	cmp	r4, #31
1000916e:	d8cd      	bhi.n	1000910c <_ZL28read_encoded_value_with_basehjPKhPj+0x28>
10009170:	066d      	lsls	r5, r5, #25
10009172:	d5cb      	bpl.n	1000910c <_ZL28read_encoded_value_with_basehjPKhPj+0x28>
10009174:	f04f 35ff 	mov.w	r5, #4294967295	@ 0xffffffff
10009178:	fa05 f404 	lsl.w	r4, r5, r4
1000917c:	4326      	orrs	r6, r4
1000917e:	e7c6      	b.n	1000910e <_ZL28read_encoded_value_with_basehjPKhPj+0x2a>
10009180:	2600      	movs	r6, #0
10009182:	4610      	mov	r0, r2
10009184:	4634      	mov	r4, r6
10009186:	f810 5b01 	ldrb.w	r5, [r0], #1
1000918a:	f005 0e7f 	and.w	lr, r5, #127	@ 0x7f
1000918e:	062d      	lsls	r5, r5, #24
10009190:	fa0e fe04 	lsl.w	lr, lr, r4
10009194:	f104 0407 	add.w	r4, r4, #7
10009198:	ea46 060e 	orr.w	r6, r6, lr
1000919c:	d4f3      	bmi.n	10009186 <_ZL28read_encoded_value_with_basehjPKhPj+0xa2>
1000919e:	e7b5      	b.n	1000910c <_ZL28read_encoded_value_with_basehjPKhPj+0x28>
100091a0:	f001 f8f2 	bl	1000a388 <abort>

100091a4 <_ZL21base_of_encoded_valuehP15_Unwind_Context>:
100091a4:	28ff      	cmp	r0, #255	@ 0xff
100091a6:	b508      	push	{r3, lr}
100091a8:	4603      	mov	r3, r0
100091aa:	d012      	beq.n	100091d2 <_ZL21base_of_encoded_valuehP15_Unwind_Context+0x2e>
100091ac:	f003 0370 	and.w	r3, r3, #112	@ 0x70
100091b0:	4608      	mov	r0, r1
100091b2:	2b30      	cmp	r3, #48	@ 0x30
100091b4:	d013      	beq.n	100091de <_ZL21base_of_encoded_valuehP15_Unwind_Context+0x3a>
100091b6:	d805      	bhi.n	100091c4 <_ZL21base_of_encoded_valuehP15_Unwind_Context+0x20>
100091b8:	2b20      	cmp	r3, #32
100091ba:	d109      	bne.n	100091d0 <_ZL21base_of_encoded_valuehP15_Unwind_Context+0x2c>
100091bc:	e8bd 4008 	ldmia.w	sp!, {r3, lr}
100091c0:	f002 b84e 	b.w	1000b260 <___Unwind_GetTextRelBase_veneer>
100091c4:	2b40      	cmp	r3, #64	@ 0x40
100091c6:	d106      	bne.n	100091d6 <_ZL21base_of_encoded_valuehP15_Unwind_Context+0x32>
100091c8:	e8bd 4008 	ldmia.w	sp!, {r3, lr}
100091cc:	f002 b860 	b.w	1000b290 <___Unwind_GetRegionStart_veneer>
100091d0:	d803      	bhi.n	100091da <_ZL21base_of_encoded_valuehP15_Unwind_Context+0x36>
100091d2:	2000      	movs	r0, #0
100091d4:	bd08      	pop	{r3, pc}
100091d6:	2b50      	cmp	r3, #80	@ 0x50
100091d8:	d0fb      	beq.n	100091d2 <_ZL21base_of_encoded_valuehP15_Unwind_Context+0x2e>
100091da:	f001 f8d5 	bl	1000a388 <abort>
100091de:	e8bd 4008 	ldmia.w	sp!, {r3, lr}
100091e2:	f002 b865 	b.w	1000b2b0 <___Unwind_GetDataRelBase_veneer>
100091e6:	bf00      	nop

100091e8 <_ZL17parse_lsda_headerP15_Unwind_ContextPKhP16lsda_header_info>:
100091e8:	b5f8      	push	{r3, r4, r5, r6, r7, lr}
100091ea:	460c      	mov	r4, r1
100091ec:	4606      	mov	r6, r0
100091ee:	4615      	mov	r5, r2
100091f0:	b108      	cbz	r0, 100091f6 <_ZL17parse_lsda_headerP15_Unwind_ContextPKhP16lsda_header_info+0xe>
100091f2:	f002 f84d 	bl	1000b290 <___Unwind_GetRegionStart_veneer>
100091f6:	6028      	str	r0, [r5, #0]
100091f8:	f814 7b01 	ldrb.w	r7, [r4], #1
100091fc:	2fff      	cmp	r7, #255	@ 0xff
100091fe:	d128      	bne.n	10009252 <_ZL17parse_lsda_headerP15_Unwind_ContextPKhP16lsda_header_info+0x6a>
10009200:	6068      	str	r0, [r5, #4]
10009202:	4620      	mov	r0, r4
10009204:	f810 2b01 	ldrb.w	r2, [r0], #1
10009208:	2aff      	cmp	r2, #255	@ 0xff
1000920a:	d032      	beq.n	10009272 <_ZL17parse_lsda_headerP15_Unwind_ContextPKhP16lsda_header_info+0x8a>
1000920c:	2400      	movs	r4, #0
1000920e:	2310      	movs	r3, #16
10009210:	4622      	mov	r2, r4
10009212:	752b      	strb	r3, [r5, #20]
10009214:	f810 1b01 	ldrb.w	r1, [r0], #1
10009218:	f001 037f 	and.w	r3, r1, #127	@ 0x7f
1000921c:	0609      	lsls	r1, r1, #24
1000921e:	fa03 f302 	lsl.w	r3, r3, r2
10009222:	f102 0207 	add.w	r2, r2, #7
10009226:	ea44 0403 	orr.w	r4, r4, r3
1000922a:	d4f3      	bmi.n	10009214 <_ZL17parse_lsda_headerP15_Unwind_ContextPKhP16lsda_header_info+0x2c>
1000922c:	1903      	adds	r3, r0, r4
1000922e:	2400      	movs	r4, #0
10009230:	60eb      	str	r3, [r5, #12]
10009232:	f810 3b01 	ldrb.w	r3, [r0], #1
10009236:	4622      	mov	r2, r4
10009238:	756b      	strb	r3, [r5, #21]
1000923a:	f810 1b01 	ldrb.w	r1, [r0], #1
1000923e:	f001 037f 	and.w	r3, r1, #127	@ 0x7f
10009242:	4093      	lsls	r3, r2
10009244:	3207      	adds	r2, #7
10009246:	431c      	orrs	r4, r3
10009248:	060b      	lsls	r3, r1, #24
1000924a:	d4f6      	bmi.n	1000923a <_ZL17parse_lsda_headerP15_Unwind_ContextPKhP16lsda_header_info+0x52>
1000924c:	4404      	add	r4, r0
1000924e:	612c      	str	r4, [r5, #16]
10009250:	bdf8      	pop	{r3, r4, r5, r6, r7, pc}
10009252:	4631      	mov	r1, r6
10009254:	4638      	mov	r0, r7
10009256:	f7ff ffa5 	bl	100091a4 <_ZL21base_of_encoded_valuehP15_Unwind_Context>
1000925a:	4622      	mov	r2, r4
1000925c:	4601      	mov	r1, r0
1000925e:	1d2b      	adds	r3, r5, #4
10009260:	4638      	mov	r0, r7
10009262:	f7ff ff3f 	bl	100090e4 <_ZL28read_encoded_value_with_basehjPKhPj>
10009266:	4604      	mov	r4, r0
10009268:	4620      	mov	r0, r4
1000926a:	f810 2b01 	ldrb.w	r2, [r0], #1
1000926e:	2aff      	cmp	r2, #255	@ 0xff
10009270:	d1cc      	bne.n	1000920c <_ZL17parse_lsda_headerP15_Unwind_ContextPKhP16lsda_header_info+0x24>
10009272:	2300      	movs	r3, #0
10009274:	752a      	strb	r2, [r5, #20]
10009276:	e7da      	b.n	1000922e <_ZL17parse_lsda_headerP15_Unwind_ContextPKhP16lsda_header_info+0x46>

10009278 <__gxx_personality_v0>:
10009278:	e92d 4ff0 	stmdb	sp!, {r4, r5, r6, r7, r8, r9, sl, fp, lr}
1000927c:	2300      	movs	r3, #0
1000927e:	b095      	sub	sp, #84	@ 0x54
10009280:	460f      	mov	r7, r1
10009282:	4616      	mov	r6, r2
10009284:	930a      	str	r3, [sp, #40]	@ 0x28
10009286:	f000 0303 	and.w	r3, r0, #3
1000928a:	2b01      	cmp	r3, #1
1000928c:	f000 80a4 	beq.w	100093d8 <__gxx_personality_v0+0x160>
10009290:	2b02      	cmp	r3, #2
10009292:	d10a      	bne.n	100092aa <__gxx_personality_v0+0x32>
10009294:	4631      	mov	r1, r6
10009296:	4638      	mov	r0, r7
10009298:	f001 ffca 	bl	1000b230 <____gnu_unwind_frame_veneer>
1000929c:	2800      	cmp	r0, #0
1000929e:	f040 8090 	bne.w	100093c2 <__gxx_personality_v0+0x14a>
100092a2:	2008      	movs	r0, #8
100092a4:	b015      	add	sp, #84	@ 0x54
100092a6:	e8bd 8ff0 	ldmia.w	sp!, {r4, r5, r6, r7, r8, r9, sl, fp, pc}
100092aa:	2b00      	cmp	r3, #0
100092ac:	f040 81f0 	bne.w	10009690 <__gxx_personality_v0+0x418>
100092b0:	f010 0408 	ands.w	r4, r0, #8
100092b4:	d1ee      	bne.n	10009294 <__gxx_personality_v0+0x1c>
100092b6:	ab0e      	add	r3, sp, #56	@ 0x38
100092b8:	f04f 0801 	mov.w	r8, #1
100092bc:	9302      	str	r3, [sp, #8]
100092be:	9b02      	ldr	r3, [sp, #8]
100092c0:	220c      	movs	r2, #12
100092c2:	4630      	mov	r0, r6
100092c4:	970e      	str	r7, [sp, #56]	@ 0x38
100092c6:	9300      	str	r3, [sp, #0]
100092c8:	2300      	movs	r3, #0
100092ca:	4619      	mov	r1, r3
100092cc:	f001 fff8 	bl	1000b2c0 <___Unwind_VRS_Set_veneer>
100092d0:	4630      	mov	r0, r6
100092d2:	f001 ffa9 	bl	1000b228 <___Unwind_GetLanguageSpecificData_veneer>
100092d6:	9003      	str	r0, [sp, #12]
100092d8:	2800      	cmp	r0, #0
100092da:	d0db      	beq.n	10009294 <__gxx_personality_v0+0x1c>
100092dc:	ea44 0308 	orr.w	r3, r4, r8
100092e0:	4630      	mov	r0, r6
100092e2:	f10d 0834 	add.w	r8, sp, #52	@ 0x34
100092e6:	9304      	str	r3, [sp, #16]
100092e8:	e9dd 2102 	ldrd	r2, r1, [sp, #8]
100092ec:	f7ff ff7c 	bl	100091e8 <_ZL17parse_lsda_headerP15_Unwind_ContextPKhP16lsda_header_info>
100092f0:	f89d 304c 	ldrb.w	r3, [sp, #76]	@ 0x4c
100092f4:	4681      	mov	r9, r0
100092f6:	4631      	mov	r1, r6
100092f8:	4618      	mov	r0, r3
100092fa:	9306      	str	r3, [sp, #24]
100092fc:	f7ff ff52 	bl	100091a4 <_ZL21base_of_encoded_valuehP15_Unwind_Context>
10009300:	2300      	movs	r3, #0
10009302:	9005      	str	r0, [sp, #20]
10009304:	220f      	movs	r2, #15
10009306:	4619      	mov	r1, r3
10009308:	9010      	str	r0, [sp, #64]	@ 0x40
1000930a:	f8cd 8000 	str.w	r8, [sp]
1000930e:	4630      	mov	r0, r6
10009310:	f001 ff82 	bl	1000b218 <___Unwind_VRS_Get_veneer>
10009314:	9b0d      	ldr	r3, [sp, #52]	@ 0x34
10009316:	f8dd b048 	ldr.w	fp, [sp, #72]	@ 0x48
1000931a:	f023 0301 	bic.w	r3, r3, #1
1000931e:	45d9      	cmp	r9, fp
10009320:	f103 35ff 	add.w	r5, r3, #4294967295	@ 0xffffffff
10009324:	d232      	bcs.n	1000938c <__gxx_personality_v0+0x114>
10009326:	f89d a04d 	ldrb.w	sl, [sp, #77]	@ 0x4d
1000932a:	9c0e      	ldr	r4, [sp, #56]	@ 0x38
1000932c:	2100      	movs	r1, #0
1000932e:	4650      	mov	r0, sl
10009330:	f7ff ff38 	bl	100091a4 <_ZL21base_of_encoded_valuehP15_Unwind_Context>
10009334:	464a      	mov	r2, r9
10009336:	4601      	mov	r1, r0
10009338:	ab0b      	add	r3, sp, #44	@ 0x2c
1000933a:	4650      	mov	r0, sl
1000933c:	f7ff fed2 	bl	100090e4 <_ZL28read_encoded_value_with_basehjPKhPj>
10009340:	4681      	mov	r9, r0
10009342:	2100      	movs	r1, #0
10009344:	4650      	mov	r0, sl
10009346:	f7ff ff2d 	bl	100091a4 <_ZL21base_of_encoded_valuehP15_Unwind_Context>
1000934a:	464a      	mov	r2, r9
1000934c:	4601      	mov	r1, r0
1000934e:	ab0c      	add	r3, sp, #48	@ 0x30
10009350:	4650      	mov	r0, sl
10009352:	f7ff fec7 	bl	100090e4 <_ZL28read_encoded_value_with_basehjPKhPj>
10009356:	4681      	mov	r9, r0
10009358:	2100      	movs	r1, #0
1000935a:	4650      	mov	r0, sl
1000935c:	f7ff ff22 	bl	100091a4 <_ZL21base_of_encoded_valuehP15_Unwind_Context>
10009360:	464a      	mov	r2, r9
10009362:	4601      	mov	r1, r0
10009364:	4643      	mov	r3, r8
10009366:	4650      	mov	r0, sl
10009368:	f7ff febc 	bl	100090e4 <_ZL28read_encoded_value_with_basehjPKhPj>
1000936c:	4681      	mov	r9, r0
1000936e:	2000      	movs	r0, #0
10009370:	4602      	mov	r2, r0
10009372:	f819 1b01 	ldrb.w	r1, [r9], #1
10009376:	f001 037f 	and.w	r3, r1, #127	@ 0x7f
1000937a:	4093      	lsls	r3, r2
1000937c:	3207      	adds	r2, #7
1000937e:	4318      	orrs	r0, r3
10009380:	060b      	lsls	r3, r1, #24
10009382:	d4f6      	bmi.n	10009372 <__gxx_personality_v0+0xfa>
10009384:	9b0b      	ldr	r3, [sp, #44]	@ 0x2c
10009386:	4423      	add	r3, r4
10009388:	42ab      	cmp	r3, r5
1000938a:	d91e      	bls.n	100093ca <__gxx_personality_v0+0x152>
1000938c:	f04f 0900 	mov.w	r9, #0
10009390:	2301      	movs	r3, #1
10009392:	46ca      	mov	sl, r9
10009394:	9a04      	ldr	r2, [sp, #16]
10009396:	07d1      	lsls	r1, r2, #31
10009398:	f140 80d2 	bpl.w	10009540 <__gxx_personality_v0+0x2c8>
1000939c:	2300      	movs	r3, #0
1000939e:	4630      	mov	r0, r6
100093a0:	220d      	movs	r2, #13
100093a2:	f8cd 8000 	str.w	r8, [sp]
100093a6:	4619      	mov	r1, r3
100093a8:	9c0a      	ldr	r4, [sp, #40]	@ 0x28
100093aa:	f001 ff35 	bl	1000b218 <___Unwind_VRS_Get_veneer>
100093ae:	9b03      	ldr	r3, [sp, #12]
100093b0:	2006      	movs	r0, #6
100093b2:	627c      	str	r4, [r7, #36]	@ 0x24
100093b4:	f8c7 9028 	str.w	r9, [r7, #40]	@ 0x28
100093b8:	e9c7 3a0b 	strd	r3, sl, [r7, #44]	@ 0x2c
100093bc:	9b0d      	ldr	r3, [sp, #52]	@ 0x34
100093be:	623b      	str	r3, [r7, #32]
100093c0:	e770      	b.n	100092a4 <__gxx_personality_v0+0x2c>
100093c2:	2009      	movs	r0, #9
100093c4:	b015      	add	sp, #84	@ 0x54
100093c6:	e8bd 8ff0 	ldmia.w	sp!, {r4, r5, r6, r7, r8, r9, sl, fp, pc}
100093ca:	9a0c      	ldr	r2, [sp, #48]	@ 0x30
100093cc:	4413      	add	r3, r2
100093ce:	42ab      	cmp	r3, r5
100093d0:	d861      	bhi.n	10009496 <__gxx_personality_v0+0x21e>
100093d2:	45d9      	cmp	r9, fp
100093d4:	d3aa      	bcc.n	1000932c <__gxx_personality_v0+0xb4>
100093d6:	e7d9      	b.n	1000938c <__gxx_personality_v0+0x114>
100093d8:	f010 0408 	ands.w	r4, r0, #8
100093dc:	ab0e      	add	r3, sp, #56	@ 0x38
100093de:	d003      	beq.n	100093e8 <__gxx_personality_v0+0x170>
100093e0:	9302      	str	r3, [sp, #8]
100093e2:	f04f 0802 	mov.w	r8, #2
100093e6:	e76a      	b.n	100092be <__gxx_personality_v0+0x46>
100093e8:	461a      	mov	r2, r3
100093ea:	6a0d      	ldr	r5, [r1, #32]
100093ec:	9302      	str	r3, [sp, #8]
100093ee:	4621      	mov	r1, r4
100093f0:	4623      	mov	r3, r4
100093f2:	9200      	str	r2, [sp, #0]
100093f4:	4630      	mov	r0, r6
100093f6:	220d      	movs	r2, #13
100093f8:	f001 ff0e 	bl	1000b218 <___Unwind_VRS_Get_veneer>
100093fc:	9b0e      	ldr	r3, [sp, #56]	@ 0x38
100093fe:	429d      	cmp	r5, r3
10009400:	d1ef      	bne.n	100093e2 <__gxx_personality_v0+0x16a>
10009402:	9a02      	ldr	r2, [sp, #8]
10009404:	4623      	mov	r3, r4
10009406:	4621      	mov	r1, r4
10009408:	4630      	mov	r0, r6
1000940a:	9200      	str	r2, [sp, #0]
1000940c:	220c      	movs	r2, #12
1000940e:	970e      	str	r7, [sp, #56]	@ 0x38
10009410:	f001 ff56 	bl	1000b2c0 <___Unwind_VRS_Set_veneer>
10009414:	f8d7 a030 	ldr.w	sl, [r7, #48]	@ 0x30
10009418:	e9d7 430a 	ldrd	r4, r3, [r7, #40]	@ 0x28
1000941c:	f1ba 0f00 	cmp.w	sl, #0
10009420:	d036      	beq.n	10009490 <__gxx_personality_v0+0x218>
10009422:	46a1      	mov	r9, r4
10009424:	f10d 0834 	add.w	r8, sp, #52	@ 0x34
10009428:	9303      	str	r3, [sp, #12]
1000942a:	f1b9 0f00 	cmp.w	r9, #0
1000942e:	f2c0 80f9 	blt.w	10009624 <__gxx_personality_v0+0x3ac>
10009432:	2503      	movs	r5, #3
10009434:	2300      	movs	r3, #0
10009436:	4630      	mov	r0, r6
10009438:	f8cd 8000 	str.w	r8, [sp]
1000943c:	461a      	mov	r2, r3
1000943e:	4619      	mov	r1, r3
10009440:	970d      	str	r7, [sp, #52]	@ 0x34
10009442:	f001 ff3d 	bl	1000b2c0 <___Unwind_VRS_Set_veneer>
10009446:	2300      	movs	r3, #0
10009448:	2201      	movs	r2, #1
1000944a:	4630      	mov	r0, r6
1000944c:	f8cd 8000 	str.w	r8, [sp]
10009450:	4619      	mov	r1, r3
10009452:	940d      	str	r4, [sp, #52]	@ 0x34
10009454:	f001 ff34 	bl	1000b2c0 <___Unwind_VRS_Set_veneer>
10009458:	2300      	movs	r3, #0
1000945a:	220f      	movs	r2, #15
1000945c:	4630      	mov	r0, r6
1000945e:	4619      	mov	r1, r3
10009460:	f8cd 8000 	str.w	r8, [sp]
10009464:	f001 fed8 	bl	1000b218 <___Unwind_VRS_Get_veneer>
10009468:	9a0d      	ldr	r2, [sp, #52]	@ 0x34
1000946a:	2300      	movs	r3, #0
1000946c:	4630      	mov	r0, r6
1000946e:	f002 0201 	and.w	r2, r2, #1
10009472:	f8cd 8000 	str.w	r8, [sp]
10009476:	4619      	mov	r1, r3
10009478:	ea42 020a 	orr.w	r2, r2, sl
1000947c:	920d      	str	r2, [sp, #52]	@ 0x34
1000947e:	220f      	movs	r2, #15
10009480:	f001 ff1e 	bl	1000b2c0 <___Unwind_VRS_Set_veneer>
10009484:	2d02      	cmp	r5, #2
10009486:	d068      	beq.n	1000955a <__gxx_personality_v0+0x2e2>
10009488:	2007      	movs	r0, #7
1000948a:	b015      	add	sp, #84	@ 0x54
1000948c:	e8bd 8ff0 	ldmia.w	sp!, {r4, r5, r6, r7, r8, r9, sl, fp, pc}
10009490:	4638      	mov	r0, r7
10009492:	f000 fa73 	bl	1000997c <__cxa_call_terminate>
10009496:	9b0d      	ldr	r3, [sp, #52]	@ 0x34
10009498:	2b00      	cmp	r3, #0
1000949a:	f43f aefb 	beq.w	10009294 <__gxx_personality_v0+0x1c>
1000949e:	9a0f      	ldr	r2, [sp, #60]	@ 0x3c
100094a0:	eb03 0a02 	add.w	sl, r3, r2
100094a4:	2800      	cmp	r0, #0
100094a6:	f000 80e0 	beq.w	1000966a <__gxx_personality_v0+0x3f2>
100094aa:	3801      	subs	r0, #1
100094ac:	eb0b 0400 	add.w	r4, fp, r0
100094b0:	f1ba 0f00 	cmp.w	sl, #0
100094b4:	f43f aeee 	beq.w	10009294 <__gxx_personality_v0+0x1c>
100094b8:	9b04      	ldr	r3, [sp, #16]
100094ba:	f013 0308 	ands.w	r3, r3, #8
100094be:	9308      	str	r3, [sp, #32]
100094c0:	f000 80d7 	beq.w	10009672 <__gxx_personality_v0+0x3fa>
100094c4:	4b73      	ldr	r3, [pc, #460]	@ (10009694 <__gxx_personality_v0+0x41c>)
100094c6:	603b      	str	r3, [r7, #0]
100094c8:	4b73      	ldr	r3, [pc, #460]	@ (10009698 <__gxx_personality_v0+0x420>)
100094ca:	607b      	str	r3, [r7, #4]
100094cc:	f8dd b018 	ldr.w	fp, [sp, #24]
100094d0:	2300      	movs	r3, #0
100094d2:	f8cd a018 	str.w	sl, [sp, #24]
100094d6:	f00b 0207 	and.w	r2, fp, #7
100094da:	469a      	mov	sl, r3
100094dc:	9607      	str	r6, [sp, #28]
100094de:	9209      	str	r2, [sp, #36]	@ 0x24
100094e0:	2100      	movs	r1, #0
100094e2:	460a      	mov	r2, r1
100094e4:	f814 0b01 	ldrb.w	r0, [r4], #1
100094e8:	f000 037f 	and.w	r3, r0, #127	@ 0x7f
100094ec:	0605      	lsls	r5, r0, #24
100094ee:	fa03 f302 	lsl.w	r3, r3, r2
100094f2:	f102 0207 	add.w	r2, r2, #7
100094f6:	ea41 0103 	orr.w	r1, r1, r3
100094fa:	d4f3      	bmi.n	100094e4 <__gxx_personality_v0+0x26c>
100094fc:	2a1f      	cmp	r2, #31
100094fe:	d805      	bhi.n	1000950c <__gxx_personality_v0+0x294>
10009500:	0640      	lsls	r0, r0, #25
10009502:	d503      	bpl.n	1000950c <__gxx_personality_v0+0x294>
10009504:	2301      	movs	r3, #1
10009506:	4093      	lsls	r3, r2
10009508:	425b      	negs	r3, r3
1000950a:	4319      	orrs	r1, r3
1000950c:	2500      	movs	r5, #0
1000950e:	4689      	mov	r9, r1
10009510:	4626      	mov	r6, r4
10009512:	462a      	mov	r2, r5
10009514:	f816 0b01 	ldrb.w	r0, [r6], #1
10009518:	f000 037f 	and.w	r3, r0, #127	@ 0x7f
1000951c:	4093      	lsls	r3, r2
1000951e:	3207      	adds	r2, #7
10009520:	431d      	orrs	r5, r3
10009522:	0603      	lsls	r3, r0, #24
10009524:	d4f6      	bmi.n	10009514 <__gxx_personality_v0+0x29c>
10009526:	2a1f      	cmp	r2, #31
10009528:	d81f      	bhi.n	1000956a <__gxx_personality_v0+0x2f2>
1000952a:	0646      	lsls	r6, r0, #25
1000952c:	d51d      	bpl.n	1000956a <__gxx_personality_v0+0x2f2>
1000952e:	2301      	movs	r3, #1
10009530:	4093      	lsls	r3, r2
10009532:	425b      	negs	r3, r3
10009534:	431d      	orrs	r5, r3
10009536:	bb51      	cbnz	r1, 1000958e <__gxx_personality_v0+0x316>
10009538:	f04f 0a01 	mov.w	sl, #1
1000953c:	442c      	add	r4, r5
1000953e:	e7cf      	b.n	100094e0 <__gxx_personality_v0+0x268>
10009540:	9a04      	ldr	r2, [sp, #16]
10009542:	0712      	lsls	r2, r2, #28
10009544:	d50d      	bpl.n	10009562 <__gxx_personality_v0+0x2ea>
10009546:	2b01      	cmp	r3, #1
10009548:	f000 80a0 	beq.w	1000968c <__gxx_personality_v0+0x414>
1000954c:	f1b9 0f00 	cmp.w	r9, #0
10009550:	f2c0 8098 	blt.w	10009684 <__gxx_personality_v0+0x40c>
10009554:	464c      	mov	r4, r9
10009556:	2503      	movs	r5, #3
10009558:	e76c      	b.n	10009434 <__gxx_personality_v0+0x1bc>
1000955a:	4638      	mov	r0, r7
1000955c:	f7ff fd42 	bl	10008fe4 <__cxa_begin_cleanup>
10009560:	e792      	b.n	10009488 <__gxx_personality_v0+0x210>
10009562:	2b01      	cmp	r3, #1
10009564:	d094      	beq.n	10009490 <__gxx_personality_v0+0x218>
10009566:	464c      	mov	r4, r9
10009568:	e75f      	b.n	1000942a <__gxx_personality_v0+0x1b2>
1000956a:	b981      	cbnz	r1, 1000958e <__gxx_personality_v0+0x316>
1000956c:	f04f 0a01 	mov.w	sl, #1
10009570:	2d00      	cmp	r5, #0
10009572:	d1e3      	bne.n	1000953c <__gxx_personality_v0+0x2c4>
10009574:	4653      	mov	r3, sl
10009576:	e9dd a606 	ldrd	sl, r6, [sp, #24]
1000957a:	2b00      	cmp	r3, #0
1000957c:	f43f ae8a 	beq.w	10009294 <__gxx_personality_v0+0x1c>
10009580:	9b04      	ldr	r3, [sp, #16]
10009582:	07d8      	lsls	r0, r3, #31
10009584:	f53f ae86 	bmi.w	10009294 <__gxx_personality_v0+0x1c>
10009588:	2400      	movs	r4, #0
1000958a:	2502      	movs	r5, #2
1000958c:	e752      	b.n	10009434 <__gxx_personality_v0+0x1bc>
1000958e:	2900      	cmp	r1, #0
10009590:	dc21      	bgt.n	100095d6 <__gxx_personality_v0+0x35e>
10009592:	f06f 4340 	mvn.w	r3, #3221225472	@ 0xc0000000
10009596:	9a11      	ldr	r2, [sp, #68]	@ 0x44
10009598:	1a5b      	subs	r3, r3, r1
1000959a:	eb02 0683 	add.w	r6, r2, r3, lsl #2
1000959e:	f852 1023 	ldr.w	r1, [r2, r3, lsl #2]
100095a2:	b10f      	cbz	r7, 100095a8 <__gxx_personality_v0+0x330>
100095a4:	9b08      	ldr	r3, [sp, #32]
100095a6:	b12b      	cbz	r3, 100095b4 <__gxx_personality_v0+0x33c>
100095a8:	2900      	cmp	r1, #0
100095aa:	d1e1      	bne.n	10009570 <__gxx_personality_v0+0x2f8>
100095ac:	e9dd a606 	ldrd	sl, r6, [sp, #24]
100095b0:	2303      	movs	r3, #3
100095b2:	e6ef      	b.n	10009394 <__gxx_personality_v0+0x11c>
100095b4:	9b0a      	ldr	r3, [sp, #40]	@ 0x28
100095b6:	930d      	str	r3, [sp, #52]	@ 0x34
100095b8:	b921      	cbnz	r1, 100095c4 <__gxx_personality_v0+0x34c>
100095ba:	e7f7      	b.n	100095ac <__gxx_personality_v0+0x334>
100095bc:	f856 1f04 	ldr.w	r1, [r6, #4]!
100095c0:	2900      	cmp	r1, #0
100095c2:	d0f3      	beq.n	100095ac <__gxx_personality_v0+0x334>
100095c4:	4431      	add	r1, r6
100095c6:	4643      	mov	r3, r8
100095c8:	2200      	movs	r2, #0
100095ca:	4638      	mov	r0, r7
100095cc:	f7ff fcb2 	bl	10008f34 <__cxa_type_match>
100095d0:	2800      	cmp	r0, #0
100095d2:	d0f3      	beq.n	100095bc <__gxx_personality_v0+0x344>
100095d4:	e7cc      	b.n	10009570 <__gxx_personality_v0+0x2f8>
100095d6:	f1bb 0fff 	cmp.w	fp, #255	@ 0xff
100095da:	d044      	beq.n	10009666 <__gxx_personality_v0+0x3ee>
100095dc:	9a09      	ldr	r2, [sp, #36]	@ 0x24
100095de:	2a04      	cmp	r2, #4
100095e0:	d856      	bhi.n	10009690 <__gxx_personality_v0+0x418>
100095e2:	e8df f002 	tbb	[pc, r2]
100095e6:	5503      	.short	0x5503
100095e8:	031c      	.short	0x031c
100095ea:	19          	.byte	0x19
100095eb:	00          	.byte	0x00
100095ec:	008b      	lsls	r3, r1, #2
100095ee:	425b      	negs	r3, r3
100095f0:	9a11      	ldr	r2, [sp, #68]	@ 0x44
100095f2:	4658      	mov	r0, fp
100095f4:	9905      	ldr	r1, [sp, #20]
100095f6:	441a      	add	r2, r3
100095f8:	4643      	mov	r3, r8
100095fa:	f7ff fd73 	bl	100090e4 <_ZL28read_encoded_value_with_basehjPKhPj>
100095fe:	990d      	ldr	r1, [sp, #52]	@ 0x34
10009600:	2900      	cmp	r1, #0
10009602:	d0d3      	beq.n	100095ac <__gxx_personality_v0+0x334>
10009604:	2f00      	cmp	r7, #0
10009606:	d0b3      	beq.n	10009570 <__gxx_personality_v0+0x2f8>
10009608:	ab0a      	add	r3, sp, #40	@ 0x28
1000960a:	2200      	movs	r2, #0
1000960c:	4638      	mov	r0, r7
1000960e:	f7ff fc91 	bl	10008f34 <__cxa_type_match>
10009612:	2800      	cmp	r0, #0
10009614:	d0ac      	beq.n	10009570 <__gxx_personality_v0+0x2f8>
10009616:	e7c9      	b.n	100095ac <__gxx_personality_v0+0x334>
10009618:	00cb      	lsls	r3, r1, #3
1000961a:	425b      	negs	r3, r3
1000961c:	e7e8      	b.n	100095f0 <__gxx_personality_v0+0x378>
1000961e:	004b      	lsls	r3, r1, #1
10009620:	425b      	negs	r3, r3
10009622:	e7e5      	b.n	100095f0 <__gxx_personality_v0+0x378>
10009624:	e9dd 2102 	ldrd	r2, r1, [sp, #8]
10009628:	4630      	mov	r0, r6
1000962a:	f7ff fddd 	bl	100091e8 <_ZL17parse_lsda_headerP15_Unwind_ContextPKhP16lsda_header_info>
1000962e:	4631      	mov	r1, r6
10009630:	f89d 004c 	ldrb.w	r0, [sp, #76]	@ 0x4c
10009634:	f7ff fdb6 	bl	100091a4 <_ZL21base_of_encoded_valuehP15_Unwind_Context>
10009638:	f06f 4240 	mvn.w	r2, #3221225472	@ 0xc0000000
1000963c:	4605      	mov	r5, r0
1000963e:	9811      	ldr	r0, [sp, #68]	@ 0x44
10009640:	1b12      	subs	r2, r2, r4
10009642:	f850 3022 	ldr.w	r3, [r0, r2, lsl #2]
10009646:	eb00 0082 	add.w	r0, r0, r2, lsl #2
1000964a:	b133      	cbz	r3, 1000965a <__gxx_personality_v0+0x3e2>
1000964c:	4602      	mov	r2, r0
1000964e:	2300      	movs	r3, #0
10009650:	f852 1f04 	ldr.w	r1, [r2, #4]!
10009654:	3301      	adds	r3, #1
10009656:	2900      	cmp	r1, #0
10009658:	d1fa      	bne.n	10009650 <__gxx_personality_v0+0x3d8>
1000965a:	6378      	str	r0, [r7, #52]	@ 0x34
1000965c:	e9c7 350a 	strd	r3, r5, [r7, #40]	@ 0x28
10009660:	2304      	movs	r3, #4
10009662:	633b      	str	r3, [r7, #48]	@ 0x30
10009664:	e6e5      	b.n	10009432 <__gxx_personality_v0+0x1ba>
10009666:	2300      	movs	r3, #0
10009668:	e7c2      	b.n	100095f0 <__gxx_personality_v0+0x378>
1000966a:	f1ba 0f00 	cmp.w	sl, #0
1000966e:	d187      	bne.n	10009580 <__gxx_personality_v0+0x308>
10009670:	e610      	b.n	10009294 <__gxx_personality_v0+0x1c>
10009672:	79fb      	ldrb	r3, [r7, #7]
10009674:	2b01      	cmp	r3, #1
10009676:	bf0c      	ite	eq
10009678:	f857 3c20 	ldreq.w	r3, [r7, #-32]
1000967c:	f107 0358 	addne.w	r3, r7, #88	@ 0x58
10009680:	930a      	str	r3, [sp, #40]	@ 0x28
10009682:	e723      	b.n	100094cc <__gxx_personality_v0+0x254>
10009684:	f000 f81e 	bl	100096c4 <_ZSt10unexpectedv>
10009688:	f000 f9f2 	bl	10009a70 <__cxa_begin_catch>
1000968c:	f000 f80e 	bl	100096ac <_ZSt9terminatev>
10009690:	f000 fe7a 	bl	1000a388 <abort>
10009694:	43554e47 	.word	0x43554e47
10009698:	00524f46 	.word	0x00524f46

1000969c <_ZN10__cxxabiv111__terminateEPFvvE>:
1000969c:	b508      	push	{r3, lr}
1000969e:	4780      	blx	r0
100096a0:	f000 fe72 	bl	1000a388 <abort>
100096a4:	f000 f9e4 	bl	10009a70 <__cxa_begin_catch>
100096a8:	f000 fe6e 	bl	1000a388 <abort>

100096ac <_ZSt9terminatev>:
100096ac:	b508      	push	{r3, lr}
100096ae:	4b02      	ldr	r3, [pc, #8]	@ (100096b8 <_ZSt9terminatev+0xc>)
100096b0:	e8d3 0faf 	lda	r0, [r3]
100096b4:	f7ff fff2 	bl	1000969c <_ZN10__cxxabiv111__terminateEPFvvE>
100096b8:	200022e4 	.word	0x200022e4

100096bc <_ZN10__cxxabiv112__unexpectedEPFvvE>:
100096bc:	b508      	push	{r3, lr}
100096be:	4780      	blx	r0
100096c0:	f7ff fff4 	bl	100096ac <_ZSt9terminatev>

100096c4 <_ZSt10unexpectedv>:
100096c4:	b508      	push	{r3, lr}
100096c6:	4b02      	ldr	r3, [pc, #8]	@ (100096d0 <_ZSt10unexpectedv+0xc>)
100096c8:	e8d3 0faf 	lda	r0, [r3]
100096cc:	f7ff fff6 	bl	100096bc <_ZN10__cxxabiv112__unexpectedEPFvvE>
100096d0:	200022e0 	.word	0x200022e0

100096d4 <_ZSt13get_terminatev>:
100096d4:	4b01      	ldr	r3, [pc, #4]	@ (100096dc <_ZSt13get_terminatev+0x8>)
100096d6:	e8d3 0faf 	lda	r0, [r3]
100096da:	4770      	bx	lr
100096dc:	200022e4 	.word	0x200022e4

100096e0 <_ZSt14get_unexpectedv>:
100096e0:	4b01      	ldr	r3, [pc, #4]	@ (100096e8 <_ZSt14get_unexpectedv+0x8>)
100096e2:	e8d3 0faf 	lda	r0, [r3]
100096e6:	4770      	bx	lr
100096e8:	200022e0 	.word	0x200022e0

100096ec <_ZN10__cxxabiv120__si_class_type_infoD1Ev>:
100096ec:	4b03      	ldr	r3, [pc, #12]	@ (100096fc <_ZN10__cxxabiv120__si_class_type_infoD1Ev+0x10>)
100096ee:	b510      	push	{r4, lr}
100096f0:	4604      	mov	r4, r0
100096f2:	6003      	str	r3, [r0, #0]
100096f4:	f000 f8c4 	bl	10009880 <_ZN10__cxxabiv117__class_type_infoD1Ev>
100096f8:	4620      	mov	r0, r4
100096fa:	bd10      	pop	{r4, pc}
100096fc:	1000b9f8 	.word	0x1000b9f8

10009700 <_ZN10__cxxabiv120__si_class_type_infoD0Ev>:
10009700:	4b05      	ldr	r3, [pc, #20]	@ (10009718 <_ZN10__cxxabiv120__si_class_type_infoD0Ev+0x18>)
10009702:	b510      	push	{r4, lr}
10009704:	4604      	mov	r4, r0
10009706:	6003      	str	r3, [r0, #0]
10009708:	f000 f8ba 	bl	10009880 <_ZN10__cxxabiv117__class_type_infoD1Ev>
1000970c:	210c      	movs	r1, #12
1000970e:	4620      	mov	r0, r4
10009710:	f7ff fc08 	bl	10008f24 <_ZdlPvj>
10009714:	4620      	mov	r0, r4
10009716:	bd10      	pop	{r4, pc}
10009718:	1000b9f8 	.word	0x1000b9f8

1000971c <_ZNK10__cxxabiv120__si_class_type_info20__do_find_public_srcEiPKvPKNS_17__class_type_infoES2_>:
1000971c:	b570      	push	{r4, r5, r6, lr}
1000971e:	b082      	sub	sp, #8
10009720:	4604      	mov	r4, r0
10009722:	460d      	mov	r5, r1
10009724:	9e06      	ldr	r6, [sp, #24]
10009726:	4296      	cmp	r6, r2
10009728:	d009      	beq.n	1000973e <_ZNK10__cxxabiv120__si_class_type_info20__do_find_public_srcEiPKvPKNS_17__class_type_infoES2_+0x22>
1000972a:	68a0      	ldr	r0, [r4, #8]
1000972c:	4629      	mov	r1, r5
1000972e:	6804      	ldr	r4, [r0, #0]
10009730:	9606      	str	r6, [sp, #24]
10009732:	6a24      	ldr	r4, [r4, #32]
10009734:	46a4      	mov	ip, r4
10009736:	b002      	add	sp, #8
10009738:	e8bd 4070 	ldmia.w	sp!, {r4, r5, r6, lr}
1000973c:	4760      	bx	ip
1000973e:	4619      	mov	r1, r3
10009740:	9201      	str	r2, [sp, #4]
10009742:	9300      	str	r3, [sp, #0]
10009744:	f000 f864 	bl	10009810 <_ZNKSt9type_info7__equalERKS_>
10009748:	e9dd 3200 	ldrd	r3, r2, [sp]
1000974c:	2800      	cmp	r0, #0
1000974e:	d0ec      	beq.n	1000972a <_ZNK10__cxxabiv120__si_class_type_info20__do_find_public_srcEiPKvPKNS_17__class_type_infoES2_+0xe>
10009750:	2006      	movs	r0, #6
10009752:	b002      	add	sp, #8
10009754:	bd70      	pop	{r4, r5, r6, pc}
10009756:	bf00      	nop

10009758 <_ZNK10__cxxabiv120__si_class_type_info12__do_dyncastEiNS_17__class_type_info10__sub_kindEPKS1_PKvS4_S6_RNS1_16__dyncast_resultE>:
10009758:	e92d 4ff0 	stmdb	sp!, {r4, r5, r6, r7, r8, r9, sl, fp, lr}
1000975c:	b081      	sub	sp, #4
1000975e:	460d      	mov	r5, r1
10009760:	4619      	mov	r1, r3
10009762:	461c      	mov	r4, r3
10009764:	4607      	mov	r7, r0
10009766:	4616      	mov	r6, r2
10009768:	e9dd 8b0a 	ldrd	r8, fp, [sp, #40]	@ 0x28
1000976c:	e9dd a90c 	ldrd	sl, r9, [sp, #48]	@ 0x30
10009770:	f000 f84e 	bl	10009810 <_ZNKSt9type_info7__equalERKS_>
10009774:	b980      	cbnz	r0, 10009798 <_ZNK10__cxxabiv120__si_class_type_info12__do_dyncastEiNS_17__class_type_info10__sub_kindEPKS1_PKvS4_S6_RNS1_16__dyncast_resultE+0x40>
10009776:	45d0      	cmp	r8, sl
10009778:	d027      	beq.n	100097ca <_ZNK10__cxxabiv120__si_class_type_info12__do_dyncastEiNS_17__class_type_info10__sub_kindEPKS1_PKvS4_S6_RNS1_16__dyncast_resultE+0x72>
1000977a:	68b8      	ldr	r0, [r7, #8]
1000977c:	4623      	mov	r3, r4
1000977e:	4632      	mov	r2, r6
10009780:	4629      	mov	r1, r5
10009782:	6804      	ldr	r4, [r0, #0]
10009784:	e9cd a90c 	strd	sl, r9, [sp, #48]	@ 0x30
10009788:	e9cd 8b0a 	strd	r8, fp, [sp, #40]	@ 0x28
1000978c:	69e4      	ldr	r4, [r4, #28]
1000978e:	46a4      	mov	ip, r4
10009790:	b001      	add	sp, #4
10009792:	e8bd 4ff0 	ldmia.w	sp!, {r4, r5, r6, r7, r8, r9, sl, fp, lr}
10009796:	4760      	bx	ip
10009798:	2d00      	cmp	r5, #0
1000979a:	f8c9 8000 	str.w	r8, [r9]
1000979e:	f889 6004 	strb.w	r6, [r9, #4]
100097a2:	db0c      	blt.n	100097be <_ZNK10__cxxabiv120__si_class_type_info12__do_dyncastEiNS_17__class_type_info10__sub_kindEPKS1_PKvS4_S6_RNS1_16__dyncast_resultE+0x66>
100097a4:	44a8      	add	r8, r5
100097a6:	45c2      	cmp	sl, r8
100097a8:	bf14      	ite	ne
100097aa:	f04f 0801 	movne.w	r8, #1
100097ae:	f04f 0806 	moveq.w	r8, #6
100097b2:	f889 8006 	strb.w	r8, [r9, #6]
100097b6:	2000      	movs	r0, #0
100097b8:	b001      	add	sp, #4
100097ba:	e8bd 8ff0 	ldmia.w	sp!, {r4, r5, r6, r7, r8, r9, sl, fp, pc}
100097be:	3502      	adds	r5, #2
100097c0:	d1f9      	bne.n	100097b6 <_ZNK10__cxxabiv120__si_class_type_info12__do_dyncastEiNS_17__class_type_info10__sub_kindEPKS1_PKvS4_S6_RNS1_16__dyncast_resultE+0x5e>
100097c2:	2301      	movs	r3, #1
100097c4:	f889 3006 	strb.w	r3, [r9, #6]
100097c8:	e7f5      	b.n	100097b6 <_ZNK10__cxxabiv120__si_class_type_info12__do_dyncastEiNS_17__class_type_info10__sub_kindEPKS1_PKvS4_S6_RNS1_16__dyncast_resultE+0x5e>
100097ca:	4659      	mov	r1, fp
100097cc:	4638      	mov	r0, r7
100097ce:	f000 f81f 	bl	10009810 <_ZNKSt9type_info7__equalERKS_>
100097d2:	2800      	cmp	r0, #0
100097d4:	d0d1      	beq.n	1000977a <_ZNK10__cxxabiv120__si_class_type_info12__do_dyncastEiNS_17__class_type_info10__sub_kindEPKS1_PKvS4_S6_RNS1_16__dyncast_resultE+0x22>
100097d6:	f889 6005 	strb.w	r6, [r9, #5]
100097da:	e7ec      	b.n	100097b6 <_ZNK10__cxxabiv120__si_class_type_info12__do_dyncastEiNS_17__class_type_info10__sub_kindEPKS1_PKvS4_S6_RNS1_16__dyncast_resultE+0x5e>

100097dc <_ZNK10__cxxabiv120__si_class_type_info11__do_upcastEPKNS_17__class_type_infoEPKvRNS1_15__upcast_resultE>:
100097dc:	e92d 41f0 	stmdb	sp!, {r4, r5, r6, r7, r8, lr}
100097e0:	4607      	mov	r7, r0
100097e2:	460c      	mov	r4, r1
100097e4:	4615      	mov	r5, r2
100097e6:	461e      	mov	r6, r3
100097e8:	f000 f884 	bl	100098f4 <_ZNK10__cxxabiv117__class_type_info11__do_upcastEPKS0_PKvRNS0_15__upcast_resultE>
100097ec:	b948      	cbnz	r0, 10009802 <_ZNK10__cxxabiv120__si_class_type_info11__do_upcastEPKNS_17__class_type_infoEPKvRNS1_15__upcast_resultE+0x26>
100097ee:	68b8      	ldr	r0, [r7, #8]
100097f0:	4621      	mov	r1, r4
100097f2:	4633      	mov	r3, r6
100097f4:	462a      	mov	r2, r5
100097f6:	6804      	ldr	r4, [r0, #0]
100097f8:	69a4      	ldr	r4, [r4, #24]
100097fa:	46a4      	mov	ip, r4
100097fc:	e8bd 41f0 	ldmia.w	sp!, {r4, r5, r6, r7, r8, lr}
10009800:	4760      	bx	ip
10009802:	e8bd 81f0 	ldmia.w	sp!, {r4, r5, r6, r7, r8, pc}
10009806:	bf00      	nop

10009808 <_ZNSt9type_infoD1Ev>:
10009808:	4770      	bx	lr
1000980a:	bf00      	nop

1000980c <_ZNKSt9type_info14__is_pointer_pEv>:
1000980c:	2000      	movs	r0, #0
1000980e:	4770      	bx	lr

10009810 <_ZNKSt9type_info7__equalERKS_>:
10009810:	4281      	cmp	r1, r0
10009812:	d011      	beq.n	10009838 <_ZNKSt9type_info7__equalERKS_+0x28>
10009814:	6840      	ldr	r0, [r0, #4]
10009816:	b508      	push	{r3, lr}
10009818:	7803      	ldrb	r3, [r0, #0]
1000981a:	2b2a      	cmp	r3, #42	@ 0x2a
1000981c:	d00a      	beq.n	10009834 <_ZNKSt9type_info7__equalERKS_+0x24>
1000981e:	6849      	ldr	r1, [r1, #4]
10009820:	780b      	ldrb	r3, [r1, #0]
10009822:	2b2a      	cmp	r3, #42	@ 0x2a
10009824:	bf08      	it	eq
10009826:	3101      	addeq	r1, #1
10009828:	f000 fc1c 	bl	1000a064 <strcmp>
1000982c:	fab0 f080 	clz	r0, r0
10009830:	0940      	lsrs	r0, r0, #5
10009832:	bd08      	pop	{r3, pc}
10009834:	2000      	movs	r0, #0
10009836:	bd08      	pop	{r3, pc}
10009838:	2001      	movs	r0, #1
1000983a:	4770      	bx	lr

1000983c <_ZNK10__cxxabiv117__class_type_info11__do_upcastEPKS0_PPv>:
1000983c:	6803      	ldr	r3, [r0, #0]
1000983e:	b570      	push	{r4, r5, r6, lr}
10009840:	2400      	movs	r4, #0
10009842:	b084      	sub	sp, #16
10009844:	699e      	ldr	r6, [r3, #24]
10009846:	2310      	movs	r3, #16
10009848:	4615      	mov	r5, r2
1000984a:	9403      	str	r4, [sp, #12]
1000984c:	9302      	str	r3, [sp, #8]
1000984e:	466b      	mov	r3, sp
10009850:	6812      	ldr	r2, [r2, #0]
10009852:	e9cd 4400 	strd	r4, r4, [sp]
10009856:	47b0      	blx	r6
10009858:	f89d 3004 	ldrb.w	r3, [sp, #4]
1000985c:	f003 0306 	and.w	r3, r3, #6
10009860:	2b06      	cmp	r3, #6
10009862:	d104      	bne.n	1000986e <_ZNK10__cxxabiv117__class_type_info11__do_upcastEPKS0_PPv+0x32>
10009864:	9b00      	ldr	r3, [sp, #0]
10009866:	2001      	movs	r0, #1
10009868:	602b      	str	r3, [r5, #0]
1000986a:	b004      	add	sp, #16
1000986c:	bd70      	pop	{r4, r5, r6, pc}
1000986e:	4620      	mov	r0, r4
10009870:	b004      	add	sp, #16
10009872:	bd70      	pop	{r4, r5, r6, pc}

10009874 <_ZNK10__cxxabiv117__class_type_info20__do_find_public_srcEiPKvPKS0_S2_>:
10009874:	9800      	ldr	r0, [sp, #0]
10009876:	4290      	cmp	r0, r2
10009878:	bf0c      	ite	eq
1000987a:	2006      	moveq	r0, #6
1000987c:	2001      	movne	r0, #1
1000987e:	4770      	bx	lr

10009880 <_ZN10__cxxabiv117__class_type_infoD1Ev>:
10009880:	4b03      	ldr	r3, [pc, #12]	@ (10009890 <_ZN10__cxxabiv117__class_type_infoD1Ev+0x10>)
10009882:	b510      	push	{r4, lr}
10009884:	4604      	mov	r4, r0
10009886:	6003      	str	r3, [r0, #0]
10009888:	f7ff ffbe 	bl	10009808 <_ZNSt9type_infoD1Ev>
1000988c:	4620      	mov	r0, r4
1000988e:	bd10      	pop	{r4, pc}
10009890:	1000ba6c 	.word	0x1000ba6c

10009894 <_ZN10__cxxabiv117__class_type_infoD0Ev>:
10009894:	4b05      	ldr	r3, [pc, #20]	@ (100098ac <_ZN10__cxxabiv117__class_type_infoD0Ev+0x18>)
10009896:	b510      	push	{r4, lr}
10009898:	4604      	mov	r4, r0
1000989a:	6003      	str	r3, [r0, #0]
1000989c:	f7ff ffb4 	bl	10009808 <_ZNSt9type_infoD1Ev>
100098a0:	2108      	movs	r1, #8
100098a2:	4620      	mov	r0, r4
100098a4:	f7ff fb3e 	bl	10008f24 <_ZdlPvj>
100098a8:	4620      	mov	r0, r4
100098aa:	bd10      	pop	{r4, pc}
100098ac:	1000ba6c 	.word	0x1000ba6c

100098b0 <_ZNK10__cxxabiv117__class_type_info12__do_dyncastEiNS0_10__sub_kindEPKS0_PKvS3_S5_RNS0_16__dyncast_resultE>:
100098b0:	e92d 41f0 	stmdb	sp!, {r4, r5, r6, r7, r8, lr}
100098b4:	9f06      	ldr	r7, [sp, #24]
100098b6:	461d      	mov	r5, r3
100098b8:	4604      	mov	r4, r0
100098ba:	4690      	mov	r8, r2
100098bc:	e9dd 3608 	ldrd	r3, r6, [sp, #32]
100098c0:	429f      	cmp	r7, r3
100098c2:	d00c      	beq.n	100098de <_ZNK10__cxxabiv117__class_type_info12__do_dyncastEiNS0_10__sub_kindEPKS0_PKvS3_S5_RNS0_16__dyncast_resultE+0x2e>
100098c4:	4629      	mov	r1, r5
100098c6:	4620      	mov	r0, r4
100098c8:	f7ff ffa2 	bl	10009810 <_ZNKSt9type_info7__equalERKS_>
100098cc:	b120      	cbz	r0, 100098d8 <_ZNK10__cxxabiv117__class_type_info12__do_dyncastEiNS0_10__sub_kindEPKS0_PKvS3_S5_RNS0_16__dyncast_resultE+0x28>
100098ce:	2301      	movs	r3, #1
100098d0:	6037      	str	r7, [r6, #0]
100098d2:	f886 8004 	strb.w	r8, [r6, #4]
100098d6:	71b3      	strb	r3, [r6, #6]
100098d8:	2000      	movs	r0, #0
100098da:	e8bd 81f0 	ldmia.w	sp!, {r4, r5, r6, r7, r8, pc}
100098de:	9907      	ldr	r1, [sp, #28]
100098e0:	f7ff ff96 	bl	10009810 <_ZNKSt9type_info7__equalERKS_>
100098e4:	2800      	cmp	r0, #0
100098e6:	d0ed      	beq.n	100098c4 <_ZNK10__cxxabiv117__class_type_info12__do_dyncastEiNS0_10__sub_kindEPKS0_PKvS3_S5_RNS0_16__dyncast_resultE+0x14>
100098e8:	2000      	movs	r0, #0
100098ea:	f886 8005 	strb.w	r8, [r6, #5]
100098ee:	e8bd 81f0 	ldmia.w	sp!, {r4, r5, r6, r7, r8, pc}
100098f2:	bf00      	nop

100098f4 <_ZNK10__cxxabiv117__class_type_info11__do_upcastEPKS0_PKvRNS0_15__upcast_resultE>:
100098f4:	b538      	push	{r3, r4, r5, lr}
100098f6:	4615      	mov	r5, r2
100098f8:	461c      	mov	r4, r3
100098fa:	f7ff ff89 	bl	10009810 <_ZNKSt9type_info7__equalERKS_>
100098fe:	b900      	cbnz	r0, 10009902 <_ZNK10__cxxabiv117__class_type_info11__do_upcastEPKS0_PKvRNS0_15__upcast_resultE+0xe>
10009900:	bd38      	pop	{r3, r4, r5, pc}
10009902:	2208      	movs	r2, #8
10009904:	2306      	movs	r3, #6
10009906:	6025      	str	r5, [r4, #0]
10009908:	60e2      	str	r2, [r4, #12]
1000990a:	7123      	strb	r3, [r4, #4]
1000990c:	bd38      	pop	{r3, r4, r5, pc}
1000990e:	bf00      	nop

10009910 <_ZNK10__cxxabiv117__class_type_info10__do_catchEPKSt9type_infoPPvj>:
10009910:	e92d 41f0 	stmdb	sp!, {r4, r5, r6, r7, r8, lr}
10009914:	4606      	mov	r6, r0
10009916:	4617      	mov	r7, r2
10009918:	461d      	mov	r5, r3
1000991a:	460c      	mov	r4, r1
1000991c:	f7ff ff78 	bl	10009810 <_ZNKSt9type_info7__equalERKS_>
10009920:	b948      	cbnz	r0, 10009936 <_ZNK10__cxxabiv117__class_type_info10__do_catchEPKSt9type_infoPPvj+0x26>
10009922:	2d03      	cmp	r5, #3
10009924:	d807      	bhi.n	10009936 <_ZNK10__cxxabiv117__class_type_info10__do_catchEPKSt9type_infoPPvj+0x26>
10009926:	6823      	ldr	r3, [r4, #0]
10009928:	463a      	mov	r2, r7
1000992a:	4631      	mov	r1, r6
1000992c:	4620      	mov	r0, r4
1000992e:	695b      	ldr	r3, [r3, #20]
10009930:	e8bd 41f0 	ldmia.w	sp!, {r4, r5, r6, r7, r8, lr}
10009934:	4718      	bx	r3
10009936:	e8bd 81f0 	ldmia.w	sp!, {r4, r5, r6, r7, r8, pc}
1000993a:	bf00      	nop

1000993c <_ZdlPv>:
1000993c:	f7f8 bb2a 	b.w	10001f94 <__wrap_free>

10009940 <_ZN10__cxxabiv1L24__is_gxx_exception_classEPc>:
10009940:	7803      	ldrb	r3, [r0, #0]
10009942:	2b47      	cmp	r3, #71	@ 0x47
10009944:	d001      	beq.n	1000994a <_ZN10__cxxabiv1L24__is_gxx_exception_classEPc+0xa>
10009946:	2000      	movs	r0, #0
10009948:	4770      	bx	lr
1000994a:	7843      	ldrb	r3, [r0, #1]
1000994c:	2b4e      	cmp	r3, #78	@ 0x4e
1000994e:	d1fa      	bne.n	10009946 <_ZN10__cxxabiv1L24__is_gxx_exception_classEPc+0x6>
10009950:	7883      	ldrb	r3, [r0, #2]
10009952:	2b55      	cmp	r3, #85	@ 0x55
10009954:	d1f7      	bne.n	10009946 <_ZN10__cxxabiv1L24__is_gxx_exception_classEPc+0x6>
10009956:	78c3      	ldrb	r3, [r0, #3]
10009958:	2b43      	cmp	r3, #67	@ 0x43
1000995a:	d1f4      	bne.n	10009946 <_ZN10__cxxabiv1L24__is_gxx_exception_classEPc+0x6>
1000995c:	7903      	ldrb	r3, [r0, #4]
1000995e:	2b43      	cmp	r3, #67	@ 0x43
10009960:	d1f1      	bne.n	10009946 <_ZN10__cxxabiv1L24__is_gxx_exception_classEPc+0x6>
10009962:	7943      	ldrb	r3, [r0, #5]
10009964:	2b2b      	cmp	r3, #43	@ 0x2b
10009966:	d1ee      	bne.n	10009946 <_ZN10__cxxabiv1L24__is_gxx_exception_classEPc+0x6>
10009968:	7983      	ldrb	r3, [r0, #6]
1000996a:	2b2b      	cmp	r3, #43	@ 0x2b
1000996c:	d1eb      	bne.n	10009946 <_ZN10__cxxabiv1L24__is_gxx_exception_classEPc+0x6>
1000996e:	79c0      	ldrb	r0, [r0, #7]
10009970:	2801      	cmp	r0, #1
10009972:	bf8c      	ite	hi
10009974:	2000      	movhi	r0, #0
10009976:	2001      	movls	r0, #1
10009978:	4770      	bx	lr
1000997a:	bf00      	nop

1000997c <__cxa_call_terminate>:
1000997c:	b510      	push	{r4, lr}
1000997e:	b130      	cbz	r0, 1000998e <__cxa_call_terminate+0x12>
10009980:	4604      	mov	r4, r0
10009982:	f000 f875 	bl	10009a70 <__cxa_begin_catch>
10009986:	4620      	mov	r0, r4
10009988:	f7ff ffda 	bl	10009940 <_ZN10__cxxabiv1L24__is_gxx_exception_classEPc>
1000998c:	b908      	cbnz	r0, 10009992 <__cxa_call_terminate+0x16>
1000998e:	f7ff fe8d 	bl	100096ac <_ZSt9terminatev>
10009992:	f854 0c14 	ldr.w	r0, [r4, #-20]
10009996:	f7ff fe81 	bl	1000969c <_ZN10__cxxabiv111__terminateEPFvvE>
1000999a:	bf00      	nop

1000999c <__cxa_call_unexpected>:
1000999c:	e92d 4ff0 	stmdb	sp!, {r4, r5, r6, r7, r8, r9, sl, fp, lr}
100099a0:	b083      	sub	sp, #12
100099a2:	4602      	mov	r2, r0
100099a4:	f7ff ffcc 	bl	10009940 <_ZN10__cxxabiv1L24__is_gxx_exception_classEPc>
100099a8:	b138      	cbz	r0, 100099ba <__cxa_call_unexpected+0x1e>
100099aa:	f8d2 a028 	ldr.w	sl, [r2, #40]	@ 0x28
100099ae:	2600      	movs	r6, #0
100099b0:	e952 8406 	ldrd	r8, r4, [r2, #-24]
100099b4:	e9d2 750c 	ldrd	r7, r5, [r2, #48]	@ 0x30
100099b8:	e005      	b.n	100099c6 <__cxa_call_unexpected+0x2a>
100099ba:	4604      	mov	r4, r0
100099bc:	2601      	movs	r6, #1
100099be:	4680      	mov	r8, r0
100099c0:	4605      	mov	r5, r0
100099c2:	4607      	mov	r7, r0
100099c4:	4682      	mov	sl, r0
100099c6:	4610      	mov	r0, r2
100099c8:	f000 f852 	bl	10009a70 <__cxa_begin_catch>
100099cc:	b10e      	cbz	r6, 100099d2 <__cxa_call_unexpected+0x36>
100099ce:	f7ff fe79 	bl	100096c4 <_ZSt10unexpectedv>
100099d2:	4640      	mov	r0, r8
100099d4:	f7ff fe72 	bl	100096bc <_ZN10__cxxabiv112__unexpectedEPFvvE>
100099d8:	f000 f84a 	bl	10009a70 <__cxa_begin_catch>
100099dc:	b10e      	cbz	r6, 100099e2 <__cxa_call_unexpected+0x46>
100099de:	f7ff fe65 	bl	100096ac <_ZSt9terminatev>
100099e2:	f7ff fb77 	bl	100090d4 <__cxa_get_globals_fast>
100099e6:	6803      	ldr	r3, [r0, #0]
100099e8:	f027 0803 	bic.w	r8, r7, #3
100099ec:	f04f 0900 	mov.w	r9, #0
100099f0:	f893 2027 	ldrb.w	r2, [r3, #39]	@ 0x27
100099f4:	f103 0b20 	add.w	fp, r3, #32
100099f8:	2a01      	cmp	r2, #1
100099fa:	bf0c      	ite	eq
100099fc:	681a      	ldreq	r2, [r3, #0]
100099fe:	f103 0278 	addne.w	r2, r3, #120	@ 0x78
10009a02:	9200      	str	r2, [sp, #0]
10009a04:	45ca      	cmp	sl, r9
10009a06:	dd1a      	ble.n	10009a3e <__cxa_call_unexpected+0xa2>
10009a08:	682f      	ldr	r7, [r5, #0]
10009a0a:	b107      	cbz	r7, 10009a0e <__cxa_call_unexpected+0x72>
10009a0c:	442f      	add	r7, r5
10009a0e:	466b      	mov	r3, sp
10009a10:	2200      	movs	r2, #0
10009a12:	4639      	mov	r1, r7
10009a14:	4658      	mov	r0, fp
10009a16:	f7ff fa8d 	bl	10008f34 <__cxa_type_match>
10009a1a:	b108      	cbz	r0, 10009a20 <__cxa_call_unexpected+0x84>
10009a1c:	f000 f906 	bl	10009c2c <__cxa_rethrow>
10009a20:	683b      	ldr	r3, [r7, #0]
10009a22:	aa01      	add	r2, sp, #4
10009a24:	9001      	str	r0, [sp, #4]
10009a26:	4638      	mov	r0, r7
10009a28:	490e      	ldr	r1, [pc, #56]	@ (10009a64 <__cxa_call_unexpected+0xc8>)
10009a2a:	691f      	ldr	r7, [r3, #16]
10009a2c:	2301      	movs	r3, #1
10009a2e:	47b8      	blx	r7
10009a30:	2800      	cmp	r0, #0
10009a32:	bf18      	it	ne
10009a34:	4606      	movne	r6, r0
10009a36:	f109 0901 	add.w	r9, r9, #1
10009a3a:	4445      	add	r5, r8
10009a3c:	e7e2      	b.n	10009a04 <__cxa_call_unexpected+0x68>
10009a3e:	b146      	cbz	r6, 10009a52 <__cxa_call_unexpected+0xb6>
10009a40:	2004      	movs	r0, #4
10009a42:	f000 f997 	bl	10009d74 <__cxa_allocate_exception>
10009a46:	4b08      	ldr	r3, [pc, #32]	@ (10009a68 <__cxa_call_unexpected+0xcc>)
10009a48:	4a08      	ldr	r2, [pc, #32]	@ (10009a6c <__cxa_call_unexpected+0xd0>)
10009a4a:	4906      	ldr	r1, [pc, #24]	@ (10009a64 <__cxa_call_unexpected+0xc8>)
10009a4c:	6003      	str	r3, [r0, #0]
10009a4e:	f000 f8d1 	bl	10009bf4 <__cxa_throw>
10009a52:	4620      	mov	r0, r4
10009a54:	f7ff fe22 	bl	1000969c <_ZN10__cxxabiv111__terminateEPFvvE>
10009a58:	f000 f848 	bl	10009aec <__cxa_end_catch>
10009a5c:	f000 f846 	bl	10009aec <__cxa_end_catch>
10009a60:	f7ff fa62 	bl	10008f28 <__cxa_end_cleanup>
10009a64:	1000b948 	.word	0x1000b948
10009a68:	1000b9b0 	.word	0x1000b9b0
10009a6c:	100090b9 	.word	0x100090b9

10009a70 <__cxa_begin_catch>:
10009a70:	b538      	push	{r3, r4, r5, lr}
10009a72:	4604      	mov	r4, r0
10009a74:	f7ff fb32 	bl	100090dc <__cxa_get_globals>
10009a78:	6805      	ldr	r5, [r0, #0]
10009a7a:	4622      	mov	r2, r4
10009a7c:	f812 3920 	ldrb.w	r3, [r2], #-32
10009a80:	2b47      	cmp	r3, #71	@ 0x47
10009a82:	d003      	beq.n	10009a8c <__cxa_begin_catch+0x1c>
10009a84:	bb85      	cbnz	r5, 10009ae8 <__cxa_begin_catch+0x78>
10009a86:	6002      	str	r2, [r0, #0]
10009a88:	4628      	mov	r0, r5
10009a8a:	bd38      	pop	{r3, r4, r5, pc}
10009a8c:	7863      	ldrb	r3, [r4, #1]
10009a8e:	2b4e      	cmp	r3, #78	@ 0x4e
10009a90:	d1f8      	bne.n	10009a84 <__cxa_begin_catch+0x14>
10009a92:	78a3      	ldrb	r3, [r4, #2]
10009a94:	2b55      	cmp	r3, #85	@ 0x55
10009a96:	d1f5      	bne.n	10009a84 <__cxa_begin_catch+0x14>
10009a98:	78e3      	ldrb	r3, [r4, #3]
10009a9a:	2b43      	cmp	r3, #67	@ 0x43
10009a9c:	d1f2      	bne.n	10009a84 <__cxa_begin_catch+0x14>
10009a9e:	7923      	ldrb	r3, [r4, #4]
10009aa0:	2b43      	cmp	r3, #67	@ 0x43
10009aa2:	d1ef      	bne.n	10009a84 <__cxa_begin_catch+0x14>
10009aa4:	7963      	ldrb	r3, [r4, #5]
10009aa6:	2b2b      	cmp	r3, #43	@ 0x2b
10009aa8:	d1ec      	bne.n	10009a84 <__cxa_begin_catch+0x14>
10009aaa:	79a3      	ldrb	r3, [r4, #6]
10009aac:	2b2b      	cmp	r3, #43	@ 0x2b
10009aae:	d1e9      	bne.n	10009a84 <__cxa_begin_catch+0x14>
10009ab0:	79e3      	ldrb	r3, [r4, #7]
10009ab2:	2b01      	cmp	r3, #1
10009ab4:	d8e6      	bhi.n	10009a84 <__cxa_begin_catch+0x14>
10009ab6:	f854 3c0c 	ldr.w	r3, [r4, #-12]
10009aba:	2b00      	cmp	r3, #0
10009abc:	db11      	blt.n	10009ae2 <__cxa_begin_catch+0x72>
10009abe:	3301      	adds	r3, #1
10009ac0:	f844 3c0c 	str.w	r3, [r4, #-12]
10009ac4:	4295      	cmp	r5, r2
10009ac6:	6843      	ldr	r3, [r0, #4]
10009ac8:	f103 33ff 	add.w	r3, r3, #4294967295	@ 0xffffffff
10009acc:	6043      	str	r3, [r0, #4]
10009ace:	d002      	beq.n	10009ad6 <__cxa_begin_catch+0x66>
10009ad0:	f844 5c10 	str.w	r5, [r4, #-16]
10009ad4:	6002      	str	r2, [r0, #0]
10009ad6:	6a65      	ldr	r5, [r4, #36]	@ 0x24
10009ad8:	4620      	mov	r0, r4
10009ada:	f001 fbd5 	bl	1000b288 <___Unwind_Complete_veneer>
10009ade:	4628      	mov	r0, r5
10009ae0:	bd38      	pop	{r3, r4, r5, pc}
10009ae2:	f1c3 0301 	rsb	r3, r3, #1
10009ae6:	e7eb      	b.n	10009ac0 <__cxa_begin_catch+0x50>
10009ae8:	f7ff fde0 	bl	100096ac <_ZSt9terminatev>

10009aec <__cxa_end_catch>:
10009aec:	b508      	push	{r3, lr}
10009aee:	f7ff faf1 	bl	100090d4 <__cxa_get_globals_fast>
10009af2:	4602      	mov	r2, r0
10009af4:	6800      	ldr	r0, [r0, #0]
10009af6:	b370      	cbz	r0, 10009b56 <__cxa_end_catch+0x6a>
10009af8:	f890 1020 	ldrb.w	r1, [r0, #32]
10009afc:	2947      	cmp	r1, #71	@ 0x47
10009afe:	d006      	beq.n	10009b0e <__cxa_end_catch+0x22>
10009b00:	2100      	movs	r1, #0
10009b02:	3020      	adds	r0, #32
10009b04:	e8bd 4008 	ldmia.w	sp!, {r3, lr}
10009b08:	6011      	str	r1, [r2, #0]
10009b0a:	f001 bb89 	b.w	1000b220 <___Unwind_DeleteException_veneer>
10009b0e:	f890 1021 	ldrb.w	r1, [r0, #33]	@ 0x21
10009b12:	294e      	cmp	r1, #78	@ 0x4e
10009b14:	d1f4      	bne.n	10009b00 <__cxa_end_catch+0x14>
10009b16:	f890 1022 	ldrb.w	r1, [r0, #34]	@ 0x22
10009b1a:	2955      	cmp	r1, #85	@ 0x55
10009b1c:	d1f0      	bne.n	10009b00 <__cxa_end_catch+0x14>
10009b1e:	f890 1023 	ldrb.w	r1, [r0, #35]	@ 0x23
10009b22:	2943      	cmp	r1, #67	@ 0x43
10009b24:	d1ec      	bne.n	10009b00 <__cxa_end_catch+0x14>
10009b26:	f890 1024 	ldrb.w	r1, [r0, #36]	@ 0x24
10009b2a:	2943      	cmp	r1, #67	@ 0x43
10009b2c:	d1e8      	bne.n	10009b00 <__cxa_end_catch+0x14>
10009b2e:	f890 1025 	ldrb.w	r1, [r0, #37]	@ 0x25
10009b32:	292b      	cmp	r1, #43	@ 0x2b
10009b34:	d1e4      	bne.n	10009b00 <__cxa_end_catch+0x14>
10009b36:	f890 1026 	ldrb.w	r1, [r0, #38]	@ 0x26
10009b3a:	292b      	cmp	r1, #43	@ 0x2b
10009b3c:	d1e0      	bne.n	10009b00 <__cxa_end_catch+0x14>
10009b3e:	f890 1027 	ldrb.w	r1, [r0, #39]	@ 0x27
10009b42:	2901      	cmp	r1, #1
10009b44:	d8dc      	bhi.n	10009b00 <__cxa_end_catch+0x14>
10009b46:	6941      	ldr	r1, [r0, #20]
10009b48:	2900      	cmp	r1, #0
10009b4a:	db05      	blt.n	10009b58 <__cxa_end_catch+0x6c>
10009b4c:	3901      	subs	r1, #1
10009b4e:	d008      	beq.n	10009b62 <__cxa_end_catch+0x76>
10009b50:	1c4b      	adds	r3, r1, #1
10009b52:	d00d      	beq.n	10009b70 <__cxa_end_catch+0x84>
10009b54:	6141      	str	r1, [r0, #20]
10009b56:	bd08      	pop	{r3, pc}
10009b58:	3101      	adds	r1, #1
10009b5a:	d1fb      	bne.n	10009b54 <__cxa_end_catch+0x68>
10009b5c:	6903      	ldr	r3, [r0, #16]
10009b5e:	6013      	str	r3, [r2, #0]
10009b60:	e7f8      	b.n	10009b54 <__cxa_end_catch+0x68>
10009b62:	6901      	ldr	r1, [r0, #16]
10009b64:	3020      	adds	r0, #32
10009b66:	e8bd 4008 	ldmia.w	sp!, {r3, lr}
10009b6a:	6011      	str	r1, [r2, #0]
10009b6c:	f001 bb58 	b.w	1000b220 <___Unwind_DeleteException_veneer>
10009b70:	f7ff fd9c 	bl	100096ac <_ZSt9terminatev>

10009b74 <_ZL23__gxx_exception_cleanup19_Unwind_Reason_CodeP21_Unwind_Control_Block>:
10009b74:	2801      	cmp	r0, #1
10009b76:	b510      	push	{r4, lr}
10009b78:	d816      	bhi.n	10009ba8 <_ZL23__gxx_exception_cleanup19_Unwind_Reason_CodeP21_Unwind_Control_Block+0x34>
10009b7a:	f1a1 0328 	sub.w	r3, r1, #40	@ 0x28
10009b7e:	e8d3 2fef 	ldaex	r2, [r3]
10009b82:	3a01      	subs	r2, #1
10009b84:	e8c3 2fe0 	stlex	r0, r2, [r3]
10009b88:	2800      	cmp	r0, #0
10009b8a:	d1f8      	bne.n	10009b7e <_ZL23__gxx_exception_cleanup19_Unwind_Reason_CodeP21_Unwind_Control_Block+0xa>
10009b8c:	b95a      	cbnz	r2, 10009ba6 <_ZL23__gxx_exception_cleanup19_Unwind_Reason_CodeP21_Unwind_Control_Block+0x32>
10009b8e:	f851 3c1c 	ldr.w	r3, [r1, #-28]
10009b92:	f101 0458 	add.w	r4, r1, #88	@ 0x58
10009b96:	b10b      	cbz	r3, 10009b9c <_ZL23__gxx_exception_cleanup19_Unwind_Reason_CodeP21_Unwind_Control_Block+0x28>
10009b98:	4620      	mov	r0, r4
10009b9a:	4798      	blx	r3
10009b9c:	4620      	mov	r0, r4
10009b9e:	e8bd 4010 	ldmia.w	sp!, {r4, lr}
10009ba2:	f000 b8ff 	b.w	10009da4 <__cxa_free_exception>
10009ba6:	bd10      	pop	{r4, pc}
10009ba8:	f851 0c14 	ldr.w	r0, [r1, #-20]
10009bac:	f7ff fd76 	bl	1000969c <_ZN10__cxxabiv111__terminateEPFvvE>

10009bb0 <__cxa_init_primary_exception>:
10009bb0:	2300      	movs	r3, #0
10009bb2:	b510      	push	{r4, lr}
10009bb4:	4604      	mov	r4, r0
10009bb6:	f840 3c80 	str.w	r3, [r0, #-128]
10009bba:	e940 121e 	strd	r1, r2, [r0, #-120]	@ 0x78
10009bbe:	f7ff fd8f 	bl	100096e0 <_ZSt14get_unexpectedv>
10009bc2:	f844 0c70 	str.w	r0, [r4, #-112]
10009bc6:	f7ff fd85 	bl	100096d4 <_ZSt13get_terminatev>
10009bca:	4907      	ldr	r1, [pc, #28]	@ (10009be8 <__cxa_init_primary_exception+0x38>)
10009bcc:	4a07      	ldr	r2, [pc, #28]	@ (10009bec <__cxa_init_primary_exception+0x3c>)
10009bce:	4b08      	ldr	r3, [pc, #32]	@ (10009bf0 <__cxa_init_primary_exception+0x40>)
10009bd0:	f844 0c6c 	str.w	r0, [r4, #-108]
10009bd4:	f1a4 0080 	sub.w	r0, r4, #128	@ 0x80
10009bd8:	f844 1c58 	str.w	r1, [r4, #-88]
10009bdc:	f844 2c54 	str.w	r2, [r4, #-84]
10009be0:	f844 3c50 	str.w	r3, [r4, #-80]
10009be4:	bd10      	pop	{r4, pc}
10009be6:	bf00      	nop
10009be8:	43554e47 	.word	0x43554e47
10009bec:	002b2b43 	.word	0x002b2b43
10009bf0:	10009b75 	.word	0x10009b75

10009bf4 <__cxa_throw>:
10009bf4:	b570      	push	{r4, r5, r6, lr}
10009bf6:	4604      	mov	r4, r0
10009bf8:	460d      	mov	r5, r1
10009bfa:	4616      	mov	r6, r2
10009bfc:	f7ff fa6e 	bl	100090dc <__cxa_get_globals>
10009c00:	4603      	mov	r3, r0
10009c02:	4620      	mov	r0, r4
10009c04:	4632      	mov	r2, r6
10009c06:	4629      	mov	r1, r5
10009c08:	685c      	ldr	r4, [r3, #4]
10009c0a:	3401      	adds	r4, #1
10009c0c:	605c      	str	r4, [r3, #4]
10009c0e:	f7ff ffcf 	bl	10009bb0 <__cxa_init_primary_exception>
10009c12:	2301      	movs	r3, #1
10009c14:	4604      	mov	r4, r0
10009c16:	f844 3b28 	str.w	r3, [r4], #40
10009c1a:	4620      	mov	r0, r4
10009c1c:	f001 fb54 	bl	1000b2c8 <___Unwind_RaiseException_veneer>
10009c20:	4620      	mov	r0, r4
10009c22:	f7ff ff25 	bl	10009a70 <__cxa_begin_catch>
10009c26:	f7ff fd41 	bl	100096ac <_ZSt9terminatev>
10009c2a:	bf00      	nop

10009c2c <__cxa_rethrow>:
10009c2c:	b510      	push	{r4, lr}
10009c2e:	f7ff fa55 	bl	100090dc <__cxa_get_globals>
10009c32:	e9d0 4200 	ldrd	r4, r2, [r0]
10009c36:	3201      	adds	r2, #1
10009c38:	6042      	str	r2, [r0, #4]
10009c3a:	b164      	cbz	r4, 10009c56 <__cxa_rethrow+0x2a>
10009c3c:	f894 2020 	ldrb.w	r2, [r4, #32]
10009c40:	2a47      	cmp	r2, #71	@ 0x47
10009c42:	d00a      	beq.n	10009c5a <__cxa_rethrow+0x2e>
10009c44:	2200      	movs	r2, #0
10009c46:	6002      	str	r2, [r0, #0]
10009c48:	3420      	adds	r4, #32
10009c4a:	4620      	mov	r0, r4
10009c4c:	f001 fb00 	bl	1000b250 <___Unwind_Resume_or_Rethrow_veneer>
10009c50:	4620      	mov	r0, r4
10009c52:	f7ff ff0d 	bl	10009a70 <__cxa_begin_catch>
10009c56:	f7ff fd29 	bl	100096ac <_ZSt9terminatev>
10009c5a:	f894 2021 	ldrb.w	r2, [r4, #33]	@ 0x21
10009c5e:	2a4e      	cmp	r2, #78	@ 0x4e
10009c60:	d1f0      	bne.n	10009c44 <__cxa_rethrow+0x18>
10009c62:	f894 2022 	ldrb.w	r2, [r4, #34]	@ 0x22
10009c66:	2a55      	cmp	r2, #85	@ 0x55
10009c68:	d1ec      	bne.n	10009c44 <__cxa_rethrow+0x18>
10009c6a:	f894 2023 	ldrb.w	r2, [r4, #35]	@ 0x23
10009c6e:	2a43      	cmp	r2, #67	@ 0x43
10009c70:	d1e8      	bne.n	10009c44 <__cxa_rethrow+0x18>
10009c72:	f894 2024 	ldrb.w	r2, [r4, #36]	@ 0x24
10009c76:	2a43      	cmp	r2, #67	@ 0x43
10009c78:	d1e4      	bne.n	10009c44 <__cxa_rethrow+0x18>
10009c7a:	f894 2025 	ldrb.w	r2, [r4, #37]	@ 0x25
10009c7e:	2a2b      	cmp	r2, #43	@ 0x2b
10009c80:	d1e0      	bne.n	10009c44 <__cxa_rethrow+0x18>
10009c82:	f894 2026 	ldrb.w	r2, [r4, #38]	@ 0x26
10009c86:	2a2b      	cmp	r2, #43	@ 0x2b
10009c88:	d1dc      	bne.n	10009c44 <__cxa_rethrow+0x18>
10009c8a:	f894 2027 	ldrb.w	r2, [r4, #39]	@ 0x27
10009c8e:	2a01      	cmp	r2, #1
10009c90:	d8d8      	bhi.n	10009c44 <__cxa_rethrow+0x18>
10009c92:	6962      	ldr	r2, [r4, #20]
10009c94:	4252      	negs	r2, r2
10009c96:	6162      	str	r2, [r4, #20]
10009c98:	e7d6      	b.n	10009c48 <__cxa_rethrow+0x1c>
10009c9a:	bf00      	nop

10009c9c <_ZN12_GLOBAL__N_14pool4freeEPv.constprop.0>:
10009c9c:	491e      	ldr	r1, [pc, #120]	@ (10009d18 <_ZN12_GLOBAL__N_14pool4freeEPv.constprop.0+0x7c>)
10009c9e:	684b      	ldr	r3, [r1, #4]
10009ca0:	b530      	push	{r4, r5, lr}
10009ca2:	f1a0 0508 	sub.w	r5, r0, #8
10009ca6:	f850 4c08 	ldr.w	r4, [r0, #-8]
10009caa:	b32b      	cbz	r3, 10009cf8 <_ZN12_GLOBAL__N_14pool4freeEPv.constprop.0+0x5c>
10009cac:	eb05 0e04 	add.w	lr, r5, r4
10009cb0:	4573      	cmp	r3, lr
10009cb2:	d821      	bhi.n	10009cf8 <_ZN12_GLOBAL__N_14pool4freeEPv.constprop.0+0x5c>
10009cb4:	685a      	ldr	r2, [r3, #4]
10009cb6:	d026      	beq.n	10009d06 <_ZN12_GLOBAL__N_14pool4freeEPv.constprop.0+0x6a>
10009cb8:	f101 0c04 	add.w	ip, r1, #4
10009cbc:	b932      	cbnz	r2, 10009ccc <_ZN12_GLOBAL__N_14pool4freeEPv.constprop.0+0x30>
10009cbe:	e010      	b.n	10009ce2 <_ZN12_GLOBAL__N_14pool4freeEPv.constprop.0+0x46>
10009cc0:	6851      	ldr	r1, [r2, #4]
10009cc2:	f103 0c04 	add.w	ip, r3, #4
10009cc6:	4613      	mov	r3, r2
10009cc8:	b149      	cbz	r1, 10009cde <_ZN12_GLOBAL__N_14pool4freeEPv.constprop.0+0x42>
10009cca:	460a      	mov	r2, r1
10009ccc:	4596      	cmp	lr, r2
10009cce:	d8f7      	bhi.n	10009cc0 <_ZN12_GLOBAL__N_14pool4freeEPv.constprop.0+0x24>
10009cd0:	d105      	bne.n	10009cde <_ZN12_GLOBAL__N_14pool4freeEPv.constprop.0+0x42>
10009cd2:	f8de 2000 	ldr.w	r2, [lr]
10009cd6:	4414      	add	r4, r2
10009cd8:	f8de 2004 	ldr.w	r2, [lr, #4]
10009cdc:	605a      	str	r2, [r3, #4]
10009cde:	f8dc 3000 	ldr.w	r3, [ip]
10009ce2:	681a      	ldr	r2, [r3, #0]
10009ce4:	1899      	adds	r1, r3, r2
10009ce6:	428d      	cmp	r5, r1
10009ce8:	d00a      	beq.n	10009d00 <_ZN12_GLOBAL__N_14pool4freeEPv.constprop.0+0x64>
10009cea:	685b      	ldr	r3, [r3, #4]
10009cec:	e940 4302 	strd	r4, r3, [r0, #-8]
10009cf0:	f8dc 3000 	ldr.w	r3, [ip]
10009cf4:	605d      	str	r5, [r3, #4]
10009cf6:	bd30      	pop	{r4, r5, pc}
10009cf8:	f840 3c04 	str.w	r3, [r0, #-4]
10009cfc:	604d      	str	r5, [r1, #4]
10009cfe:	bd30      	pop	{r4, r5, pc}
10009d00:	4422      	add	r2, r4
10009d02:	601a      	str	r2, [r3, #0]
10009d04:	bd30      	pop	{r4, r5, pc}
10009d06:	681b      	ldr	r3, [r3, #0]
10009d08:	f840 2c04 	str.w	r2, [r0, #-4]
10009d0c:	4423      	add	r3, r4
10009d0e:	f840 3c08 	str.w	r3, [r0, #-8]
10009d12:	604d      	str	r5, [r1, #4]
10009d14:	bd30      	pop	{r4, r5, pc}
10009d16:	bf00      	nop
10009d18:	20002838 	.word	0x20002838

10009d1c <_ZN12_GLOBAL__N_14pool8allocateEj.constprop.0>:
10009d1c:	f100 0308 	add.w	r3, r0, #8
10009d20:	4913      	ldr	r1, [pc, #76]	@ (10009d70 <_ZN12_GLOBAL__N_14pool8allocateEj.constprop.0+0x54>)
10009d22:	2b08      	cmp	r3, #8
10009d24:	6848      	ldr	r0, [r1, #4]
10009d26:	bf38      	it	cc
10009d28:	2308      	movcc	r3, #8
10009d2a:	b1f8      	cbz	r0, 10009d6c <_ZN12_GLOBAL__N_14pool8allocateEj.constprop.0+0x50>
10009d2c:	3307      	adds	r3, #7
10009d2e:	3104      	adds	r1, #4
10009d30:	f023 0307 	bic.w	r3, r3, #7
10009d34:	e002      	b.n	10009d3c <_ZN12_GLOBAL__N_14pool8allocateEj.constprop.0+0x20>
10009d36:	1d01      	adds	r1, r0, #4
10009d38:	6840      	ldr	r0, [r0, #4]
10009d3a:	b180      	cbz	r0, 10009d5e <_ZN12_GLOBAL__N_14pool8allocateEj.constprop.0+0x42>
10009d3c:	6802      	ldr	r2, [r0, #0]
10009d3e:	4293      	cmp	r3, r2
10009d40:	d8f9      	bhi.n	10009d36 <_ZN12_GLOBAL__N_14pool8allocateEj.constprop.0+0x1a>
10009d42:	b470      	push	{r4, r5, r6}
10009d44:	1ad4      	subs	r4, r2, r3
10009d46:	6846      	ldr	r6, [r0, #4]
10009d48:	2c07      	cmp	r4, #7
10009d4a:	d909      	bls.n	10009d60 <_ZN12_GLOBAL__N_14pool8allocateEj.constprop.0+0x44>
10009d4c:	18c5      	adds	r5, r0, r3
10009d4e:	606e      	str	r6, [r5, #4]
10009d50:	50c4      	str	r4, [r0, r3]
10009d52:	6808      	ldr	r0, [r1, #0]
10009d54:	6003      	str	r3, [r0, #0]
10009d56:	3008      	adds	r0, #8
10009d58:	600d      	str	r5, [r1, #0]
10009d5a:	bc70      	pop	{r4, r5, r6}
10009d5c:	4770      	bx	lr
10009d5e:	4770      	bx	lr
10009d60:	4635      	mov	r5, r6
10009d62:	6002      	str	r2, [r0, #0]
10009d64:	3008      	adds	r0, #8
10009d66:	600d      	str	r5, [r1, #0]
10009d68:	bc70      	pop	{r4, r5, r6}
10009d6a:	4770      	bx	lr
10009d6c:	4770      	bx	lr
10009d6e:	bf00      	nop
10009d70:	20002838 	.word	0x20002838

10009d74 <__cxa_allocate_exception>:
10009d74:	b510      	push	{r4, lr}
10009d76:	f100 0480 	add.w	r4, r0, #128	@ 0x80
10009d7a:	4620      	mov	r0, r4
10009d7c:	f7f8 f8ee 	bl	10001f5c <__wrap_malloc>
10009d80:	b138      	cbz	r0, 10009d92 <__cxa_allocate_exception+0x1e>
10009d82:	4603      	mov	r3, r0
10009d84:	2280      	movs	r2, #128	@ 0x80
10009d86:	2100      	movs	r1, #0
10009d88:	4618      	mov	r0, r3
10009d8a:	f000 f8b1 	bl	10009ef0 <memset>
10009d8e:	3080      	adds	r0, #128	@ 0x80
10009d90:	bd10      	pop	{r4, pc}
10009d92:	4620      	mov	r0, r4
10009d94:	f7ff ffc2 	bl	10009d1c <_ZN12_GLOBAL__N_14pool8allocateEj.constprop.0>
10009d98:	4603      	mov	r3, r0
10009d9a:	2800      	cmp	r0, #0
10009d9c:	d1f2      	bne.n	10009d84 <__cxa_allocate_exception+0x10>
10009d9e:	f7ff fc85 	bl	100096ac <_ZSt9terminatev>
10009da2:	bf00      	nop

10009da4 <__cxa_free_exception>:
10009da4:	4b06      	ldr	r3, [pc, #24]	@ (10009dc0 <__cxa_free_exception+0x1c>)
10009da6:	3880      	subs	r0, #128	@ 0x80
10009da8:	e9d3 2302 	ldrd	r2, r3, [r3, #8]
10009dac:	4413      	add	r3, r2
10009dae:	4298      	cmp	r0, r3
10009db0:	d203      	bcs.n	10009dba <__cxa_free_exception+0x16>
10009db2:	4282      	cmp	r2, r0
10009db4:	d201      	bcs.n	10009dba <__cxa_free_exception+0x16>
10009db6:	f7ff bf71 	b.w	10009c9c <_ZN12_GLOBAL__N_14pool4freeEPv.constprop.0>
10009dba:	f7f8 b8eb 	b.w	10001f94 <__wrap_free>
10009dbe:	bf00      	nop
10009dc0:	20002838 	.word	0x20002838

10009dc4 <_GLOBAL__sub_I__ZN9__gnu_cxx9__freeresEv>:
10009dc4:	e92d 41f0 	stmdb	sp!, {r4, r5, r6, r7, r8, lr}
10009dc8:	2600      	movs	r6, #0
10009dca:	4d39      	ldr	r5, [pc, #228]	@ (10009eb0 <_GLOBAL__sub_I__ZN9__gnu_cxx9__freeresEv+0xec>)
10009dcc:	b088      	sub	sp, #32
10009dce:	4839      	ldr	r0, [pc, #228]	@ (10009eb4 <_GLOBAL__sub_I__ZN9__gnu_cxx9__freeresEv+0xf0>)
10009dd0:	60ee      	str	r6, [r5, #12]
10009dd2:	e9c5 6601 	strd	r6, r6, [r5, #4]
10009dd6:	f000 f87d 	bl	10009ed4 <getenv>
10009dda:	2208      	movs	r2, #8
10009ddc:	4b36      	ldr	r3, [pc, #216]	@ (10009eb8 <_GLOBAL__sub_I__ZN9__gnu_cxx9__freeresEv+0xf4>)
10009dde:	2109      	movs	r1, #9
10009de0:	9604      	str	r6, [sp, #16]
10009de2:	e9cd 2302 	strd	r2, r3, [sp, #8]
10009de6:	4a35      	ldr	r2, [pc, #212]	@ (10009ebc <_GLOBAL__sub_I__ZN9__gnu_cxx9__freeresEv+0xf8>)
10009de8:	2304      	movs	r3, #4
10009dea:	e9cd 1205 	strd	r1, r2, [sp, #20]
10009dee:	9307      	str	r3, [sp, #28]
10009df0:	2800      	cmp	r0, #0
10009df2:	d03b      	beq.n	10009e6c <_GLOBAL__sub_I__ZN9__gnu_cxx9__freeresEv+0xa8>
10009df4:	4604      	mov	r4, r0
10009df6:	4e32      	ldr	r6, [pc, #200]	@ (10009ec0 <_GLOBAL__sub_I__ZN9__gnu_cxx9__freeresEv+0xfc>)
10009df8:	7823      	ldrb	r3, [r4, #0]
10009dfa:	220f      	movs	r2, #15
10009dfc:	4630      	mov	r0, r6
10009dfe:	2b3a      	cmp	r3, #58	@ 0x3a
10009e00:	bf08      	it	eq
10009e02:	3401      	addeq	r4, #1
10009e04:	4621      	mov	r1, r4
10009e06:	f000 fec3 	bl	1000ab90 <memcmp>
10009e0a:	b910      	cbnz	r0, 10009e12 <_GLOBAL__sub_I__ZN9__gnu_cxx9__freeresEv+0x4e>
10009e0c:	7be3      	ldrb	r3, [r4, #15]
10009e0e:	2b2e      	cmp	r3, #46	@ 0x2e
10009e10:	d017      	beq.n	10009e42 <_GLOBAL__sub_I__ZN9__gnu_cxx9__freeresEv+0x7e>
10009e12:	4620      	mov	r0, r4
10009e14:	213a      	movs	r1, #58	@ 0x3a
10009e16:	f000 f8bd 	bl	10009f94 <strchr>
10009e1a:	4604      	mov	r4, r0
10009e1c:	2800      	cmp	r0, #0
10009e1e:	d1eb      	bne.n	10009df8 <_GLOBAL__sub_I__ZN9__gnu_cxx9__freeresEv+0x34>
10009e20:	9a07      	ldr	r2, [sp, #28]
10009e22:	9c04      	ldr	r4, [sp, #16]
10009e24:	2a40      	cmp	r2, #64	@ 0x40
10009e26:	bfa8      	it	ge
10009e28:	2240      	movge	r2, #64	@ 0x40
10009e2a:	2c00      	cmp	r4, #0
10009e2c:	bf08      	it	eq
10009e2e:	2406      	moveq	r4, #6
10009e30:	343e      	adds	r4, #62	@ 0x3e
10009e32:	fb02 f404 	mul.w	r4, r2, r4
10009e36:	00a4      	lsls	r4, r4, #2
10009e38:	60ec      	str	r4, [r5, #12]
10009e3a:	b9dc      	cbnz	r4, 10009e74 <_GLOBAL__sub_I__ZN9__gnu_cxx9__freeresEv+0xb0>
10009e3c:	b008      	add	sp, #32
10009e3e:	e8bd 81f0 	ldmia.w	sp!, {r4, r5, r6, r7, r8, pc}
10009e42:	3410      	adds	r4, #16
10009e44:	af02      	add	r7, sp, #8
10009e46:	4621      	mov	r1, r4
10009e48:	e9d7 8000 	ldrd	r8, r0, [r7]
10009e4c:	4642      	mov	r2, r8
10009e4e:	f1b8 0f00 	cmp.w	r8, #0
10009e52:	d002      	beq.n	10009e5a <_GLOBAL__sub_I__ZN9__gnu_cxx9__freeresEv+0x96>
10009e54:	f000 fe9c 	bl	1000ab90 <memcmp>
10009e58:	b918      	cbnz	r0, 10009e62 <_GLOBAL__sub_I__ZN9__gnu_cxx9__freeresEv+0x9e>
10009e5a:	f814 3008 	ldrb.w	r3, [r4, r8]
10009e5e:	2b3d      	cmp	r3, #61	@ 0x3d
10009e60:	d012      	beq.n	10009e88 <_GLOBAL__sub_I__ZN9__gnu_cxx9__freeresEv+0xc4>
10009e62:	370c      	adds	r7, #12
10009e64:	ab08      	add	r3, sp, #32
10009e66:	429f      	cmp	r7, r3
10009e68:	d1ed      	bne.n	10009e46 <_GLOBAL__sub_I__ZN9__gnu_cxx9__freeresEv+0x82>
10009e6a:	e7d2      	b.n	10009e12 <_GLOBAL__sub_I__ZN9__gnu_cxx9__freeresEv+0x4e>
10009e6c:	f44f 6388 	mov.w	r3, #1088	@ 0x440
10009e70:	461c      	mov	r4, r3
10009e72:	60eb      	str	r3, [r5, #12]
10009e74:	4620      	mov	r0, r4
10009e76:	f7f8 f871 	bl	10001f5c <__wrap_malloc>
10009e7a:	60a8      	str	r0, [r5, #8]
10009e7c:	b1a8      	cbz	r0, 10009eaa <_GLOBAL__sub_I__ZN9__gnu_cxx9__freeresEv+0xe6>
10009e7e:	2300      	movs	r3, #0
10009e80:	6068      	str	r0, [r5, #4]
10009e82:	e9c0 4300 	strd	r4, r3, [r0]
10009e86:	e7d9      	b.n	10009e3c <_GLOBAL__sub_I__ZN9__gnu_cxx9__freeresEv+0x78>
10009e88:	f108 0001 	add.w	r0, r8, #1
10009e8c:	2200      	movs	r2, #0
10009e8e:	a901      	add	r1, sp, #4
10009e90:	4420      	add	r0, r4
10009e92:	f000 fa67 	bl	1000a364 <strtoul>
10009e96:	9c01      	ldr	r4, [sp, #4]
10009e98:	7823      	ldrb	r3, [r4, #0]
10009e9a:	2b3a      	cmp	r3, #58	@ 0x3a
10009e9c:	d001      	beq.n	10009ea2 <_GLOBAL__sub_I__ZN9__gnu_cxx9__freeresEv+0xde>
10009e9e:	2b00      	cmp	r3, #0
10009ea0:	d1b7      	bne.n	10009e12 <_GLOBAL__sub_I__ZN9__gnu_cxx9__freeresEv+0x4e>
10009ea2:	2800      	cmp	r0, #0
10009ea4:	bfa8      	it	ge
10009ea6:	60b8      	strge	r0, [r7, #8]
10009ea8:	e7b3      	b.n	10009e12 <_GLOBAL__sub_I__ZN9__gnu_cxx9__freeresEv+0x4e>
10009eaa:	60e8      	str	r0, [r5, #12]
10009eac:	e7c6      	b.n	10009e3c <_GLOBAL__sub_I__ZN9__gnu_cxx9__freeresEv+0x78>
10009eae:	bf00      	nop
10009eb0:	20002838 	.word	0x20002838
10009eb4:	1000b60c 	.word	0x1000b60c
10009eb8:	1000b620 	.word	0x1000b620
10009ebc:	1000b62c 	.word	0x1000b62c
10009ec0:	1000b638 	.word	0x1000b638

10009ec4 <_findenv>:
10009ec4:	4b02      	ldr	r3, [pc, #8]	@ (10009ed0 <_findenv+0xc>)
10009ec6:	460a      	mov	r2, r1
10009ec8:	4601      	mov	r1, r0
10009eca:	6818      	ldr	r0, [r3, #0]
10009ecc:	f000 bf22 	b.w	1000ad14 <_findenv_r>
10009ed0:	200022e8 	.word	0x200022e8

10009ed4 <getenv>:
10009ed4:	b500      	push	{lr}
10009ed6:	b083      	sub	sp, #12
10009ed8:	4b04      	ldr	r3, [pc, #16]	@ (10009eec <getenv+0x18>)
10009eda:	4601      	mov	r1, r0
10009edc:	aa01      	add	r2, sp, #4
10009ede:	6818      	ldr	r0, [r3, #0]
10009ee0:	f000 ff18 	bl	1000ad14 <_findenv_r>
10009ee4:	b003      	add	sp, #12
10009ee6:	f85d fb04 	ldr.w	pc, [sp], #4
10009eea:	bf00      	nop
10009eec:	200022e8 	.word	0x200022e8

10009ef0 <memset>:
10009ef0:	b570      	push	{r4, r5, r6, lr}
10009ef2:	0786      	lsls	r6, r0, #30
10009ef4:	d047      	beq.n	10009f86 <memset+0x96>
10009ef6:	1e54      	subs	r4, r2, #1
10009ef8:	2a00      	cmp	r2, #0
10009efa:	d03e      	beq.n	10009f7a <memset+0x8a>
10009efc:	b2ca      	uxtb	r2, r1
10009efe:	4603      	mov	r3, r0
10009f00:	e001      	b.n	10009f06 <memset+0x16>
10009f02:	3c01      	subs	r4, #1
10009f04:	d339      	bcc.n	10009f7a <memset+0x8a>
10009f06:	f803 2b01 	strb.w	r2, [r3], #1
10009f0a:	079d      	lsls	r5, r3, #30
10009f0c:	d1f9      	bne.n	10009f02 <memset+0x12>
10009f0e:	2c03      	cmp	r4, #3
10009f10:	d92c      	bls.n	10009f6c <memset+0x7c>
10009f12:	b2cd      	uxtb	r5, r1
10009f14:	2c0f      	cmp	r4, #15
10009f16:	eb05 2505 	add.w	r5, r5, r5, lsl #8
10009f1a:	eb05 4505 	add.w	r5, r5, r5, lsl #16
10009f1e:	d935      	bls.n	10009f8c <memset+0x9c>
10009f20:	f1a4 0c10 	sub.w	ip, r4, #16
10009f24:	f103 0e10 	add.w	lr, r3, #16
10009f28:	461a      	mov	r2, r3
10009f2a:	f02c 060f 	bic.w	r6, ip, #15
10009f2e:	ea4f 1c1c 	mov.w	ip, ip, lsr #4
10009f32:	44b6      	add	lr, r6
10009f34:	e9c2 5500 	strd	r5, r5, [r2]
10009f38:	e9c2 5502 	strd	r5, r5, [r2, #8]
10009f3c:	3210      	adds	r2, #16
10009f3e:	4572      	cmp	r2, lr
10009f40:	d1f8      	bne.n	10009f34 <memset+0x44>
10009f42:	f10c 0201 	add.w	r2, ip, #1
10009f46:	f014 0f0c 	tst.w	r4, #12
10009f4a:	f004 0c0f 	and.w	ip, r4, #15
10009f4e:	eb03 1202 	add.w	r2, r3, r2, lsl #4
10009f52:	d013      	beq.n	10009f7c <memset+0x8c>
10009f54:	f1ac 0304 	sub.w	r3, ip, #4
10009f58:	f023 0303 	bic.w	r3, r3, #3
10009f5c:	3304      	adds	r3, #4
10009f5e:	4413      	add	r3, r2
10009f60:	f842 5b04 	str.w	r5, [r2], #4
10009f64:	4293      	cmp	r3, r2
10009f66:	d1fb      	bne.n	10009f60 <memset+0x70>
10009f68:	f00c 0403 	and.w	r4, ip, #3
10009f6c:	b12c      	cbz	r4, 10009f7a <memset+0x8a>
10009f6e:	b2c9      	uxtb	r1, r1
10009f70:	441c      	add	r4, r3
10009f72:	f803 1b01 	strb.w	r1, [r3], #1
10009f76:	42a3      	cmp	r3, r4
10009f78:	d1fb      	bne.n	10009f72 <memset+0x82>
10009f7a:	bd70      	pop	{r4, r5, r6, pc}
10009f7c:	4664      	mov	r4, ip
10009f7e:	4613      	mov	r3, r2
10009f80:	2c00      	cmp	r4, #0
10009f82:	d1f4      	bne.n	10009f6e <memset+0x7e>
10009f84:	e7f9      	b.n	10009f7a <memset+0x8a>
10009f86:	4603      	mov	r3, r0
10009f88:	4614      	mov	r4, r2
10009f8a:	e7c0      	b.n	10009f0e <memset+0x1e>
10009f8c:	461a      	mov	r2, r3
10009f8e:	46a4      	mov	ip, r4
10009f90:	e7e0      	b.n	10009f54 <memset+0x64>
10009f92:	bf00      	nop

10009f94 <strchr>:
10009f94:	f011 01ff 	ands.w	r1, r1, #255	@ 0xff
10009f98:	4603      	mov	r3, r0
10009f9a:	f000 0203 	and.w	r2, r0, #3
10009f9e:	d039      	beq.n	1000a014 <strchr+0x80>
10009fa0:	bb8a      	cbnz	r2, 1000a006 <strchr+0x72>
10009fa2:	b510      	push	{r4, lr}
10009fa4:	eb01 2e01 	add.w	lr, r1, r1, lsl #8
10009fa8:	6802      	ldr	r2, [r0, #0]
10009faa:	eb0e 4e0e 	add.w	lr, lr, lr, lsl #16
10009fae:	f1a2 3301 	sub.w	r3, r2, #16843009	@ 0x1010101
10009fb2:	ea8e 0402 	eor.w	r4, lr, r2
10009fb6:	ea23 0302 	bic.w	r3, r3, r2
10009fba:	f1a4 3201 	sub.w	r2, r4, #16843009	@ 0x1010101
10009fbe:	ea22 0204 	bic.w	r2, r2, r4
10009fc2:	4313      	orrs	r3, r2
10009fc4:	f013 3f80 	tst.w	r3, #2155905152	@ 0x80808080
10009fc8:	d10f      	bne.n	10009fea <strchr+0x56>
10009fca:	f850 4f04 	ldr.w	r4, [r0, #4]!
10009fce:	ea84 0c0e 	eor.w	ip, r4, lr
10009fd2:	f1a4 3301 	sub.w	r3, r4, #16843009	@ 0x1010101
10009fd6:	f1ac 3201 	sub.w	r2, ip, #16843009	@ 0x1010101
10009fda:	ea23 0304 	bic.w	r3, r3, r4
10009fde:	ea22 020c 	bic.w	r2, r2, ip
10009fe2:	4313      	orrs	r3, r2
10009fe4:	f013 3f80 	tst.w	r3, #2155905152	@ 0x80808080
10009fe8:	d0ef      	beq.n	10009fca <strchr+0x36>
10009fea:	7803      	ldrb	r3, [r0, #0]
10009fec:	b923      	cbnz	r3, 10009ff8 <strchr+0x64>
10009fee:	e036      	b.n	1000a05e <strchr+0xca>
10009ff0:	f810 3f01 	ldrb.w	r3, [r0, #1]!
10009ff4:	2b00      	cmp	r3, #0
10009ff6:	d032      	beq.n	1000a05e <strchr+0xca>
10009ff8:	4299      	cmp	r1, r3
10009ffa:	d1f9      	bne.n	10009ff0 <strchr+0x5c>
10009ffc:	bd10      	pop	{r4, pc}
10009ffe:	428a      	cmp	r2, r1
1000a000:	d028      	beq.n	1000a054 <strchr+0xc0>
1000a002:	079a      	lsls	r2, r3, #30
1000a004:	d029      	beq.n	1000a05a <strchr+0xc6>
1000a006:	781a      	ldrb	r2, [r3, #0]
1000a008:	4618      	mov	r0, r3
1000a00a:	3301      	adds	r3, #1
1000a00c:	2a00      	cmp	r2, #0
1000a00e:	d1f6      	bne.n	10009ffe <strchr+0x6a>
1000a010:	4610      	mov	r0, r2
1000a012:	4770      	bx	lr
1000a014:	b9ca      	cbnz	r2, 1000a04a <strchr+0xb6>
1000a016:	6802      	ldr	r2, [r0, #0]
1000a018:	f1a2 3301 	sub.w	r3, r2, #16843009	@ 0x1010101
1000a01c:	ea23 0302 	bic.w	r3, r3, r2
1000a020:	f013 3f80 	tst.w	r3, #2155905152	@ 0x80808080
1000a024:	d108      	bne.n	1000a038 <strchr+0xa4>
1000a026:	f850 2f04 	ldr.w	r2, [r0, #4]!
1000a02a:	f1a2 3301 	sub.w	r3, r2, #16843009	@ 0x1010101
1000a02e:	ea23 0302 	bic.w	r3, r3, r2
1000a032:	f013 3f80 	tst.w	r3, #2155905152	@ 0x80808080
1000a036:	d0f6      	beq.n	1000a026 <strchr+0x92>
1000a038:	7803      	ldrb	r3, [r0, #0]
1000a03a:	b15b      	cbz	r3, 1000a054 <strchr+0xc0>
1000a03c:	f810 3f01 	ldrb.w	r3, [r0, #1]!
1000a040:	2b00      	cmp	r3, #0
1000a042:	d1fb      	bne.n	1000a03c <strchr+0xa8>
1000a044:	4770      	bx	lr
1000a046:	0799      	lsls	r1, r3, #30
1000a048:	d005      	beq.n	1000a056 <strchr+0xc2>
1000a04a:	4618      	mov	r0, r3
1000a04c:	f813 2b01 	ldrb.w	r2, [r3], #1
1000a050:	2a00      	cmp	r2, #0
1000a052:	d1f8      	bne.n	1000a046 <strchr+0xb2>
1000a054:	4770      	bx	lr
1000a056:	4618      	mov	r0, r3
1000a058:	e7dd      	b.n	1000a016 <strchr+0x82>
1000a05a:	4618      	mov	r0, r3
1000a05c:	e7a1      	b.n	10009fa2 <strchr+0xe>
1000a05e:	4618      	mov	r0, r3
1000a060:	bd10      	pop	{r4, pc}
1000a062:	bf00      	nop

1000a064 <strcmp>:
1000a064:	ea80 0c01 	eor.w	ip, r0, r1
1000a068:	f01c 0f03 	tst.w	ip, #3
1000a06c:	d137      	bne.n	1000a0de <strcmp+0x7a>
1000a06e:	f010 0c03 	ands.w	ip, r0, #3
1000a072:	f020 0003 	bic.w	r0, r0, #3
1000a076:	f021 0103 	bic.w	r1, r1, #3
1000a07a:	f850 2b04 	ldr.w	r2, [r0], #4
1000a07e:	bf08      	it	eq
1000a080:	f851 3b04 	ldreq.w	r3, [r1], #4
1000a084:	d00e      	beq.n	1000a0a4 <strcmp+0x40>
1000a086:	f08c 0c03 	eor.w	ip, ip, #3
1000a08a:	f06f 437f 	mvn.w	r3, #4278190080	@ 0xff000000
1000a08e:	ea4f 0ccc 	mov.w	ip, ip, lsl #3
1000a092:	fa23 fc0c 	lsr.w	ip, r3, ip
1000a096:	f851 3b04 	ldr.w	r3, [r1], #4
1000a09a:	ea42 020c 	orr.w	r2, r2, ip
1000a09e:	ea43 030c 	orr.w	r3, r3, ip
1000a0a2:	bf00      	nop
1000a0a4:	f1a2 3c01 	sub.w	ip, r2, #16843009	@ 0x1010101
1000a0a8:	429a      	cmp	r2, r3
1000a0aa:	bf01      	itttt	eq
1000a0ac:	ea2c 0c02 	biceq.w	ip, ip, r2
1000a0b0:	f01c 3f80 	tsteq.w	ip, #2155905152	@ 0x80808080
1000a0b4:	f850 2b04 	ldreq.w	r2, [r0], #4
1000a0b8:	f851 3b04 	ldreq.w	r3, [r1], #4
1000a0bc:	d0f2      	beq.n	1000a0a4 <strcmp+0x40>
1000a0be:	ea4f 6002 	mov.w	r0, r2, lsl #24
1000a0c2:	ea4f 2212 	mov.w	r2, r2, lsr #8
1000a0c6:	2801      	cmp	r0, #1
1000a0c8:	bf28      	it	cs
1000a0ca:	ebb0 6f03 	cmpcs.w	r0, r3, lsl #24
1000a0ce:	bf08      	it	eq
1000a0d0:	0a1b      	lsreq	r3, r3, #8
1000a0d2:	d0f4      	beq.n	1000a0be <strcmp+0x5a>
1000a0d4:	f003 03ff 	and.w	r3, r3, #255	@ 0xff
1000a0d8:	0e00      	lsrs	r0, r0, #24
1000a0da:	1ac0      	subs	r0, r0, r3
1000a0dc:	4770      	bx	lr
1000a0de:	f010 0f03 	tst.w	r0, #3
1000a0e2:	d00a      	beq.n	1000a0fa <strcmp+0x96>
1000a0e4:	f810 2b01 	ldrb.w	r2, [r0], #1
1000a0e8:	f811 3b01 	ldrb.w	r3, [r1], #1
1000a0ec:	2a01      	cmp	r2, #1
1000a0ee:	bf28      	it	cs
1000a0f0:	429a      	cmpcs	r2, r3
1000a0f2:	d0f4      	beq.n	1000a0de <strcmp+0x7a>
1000a0f4:	eba2 0003 	sub.w	r0, r2, r3
1000a0f8:	4770      	bx	lr
1000a0fa:	f84d 5d04 	str.w	r5, [sp, #-4]!
1000a0fe:	f850 2b04 	ldr.w	r2, [r0], #4
1000a102:	f001 0503 	and.w	r5, r1, #3
1000a106:	f021 0103 	bic.w	r1, r1, #3
1000a10a:	f851 3b04 	ldr.w	r3, [r1], #4
1000a10e:	2d02      	cmp	r5, #2
1000a110:	d026      	beq.n	1000a160 <strcmp+0xfc>
1000a112:	d84d      	bhi.n	1000a1b0 <strcmp+0x14c>
1000a114:	f022 457f 	bic.w	r5, r2, #4278190080	@ 0xff000000
1000a118:	ebb5 2f13 	cmp.w	r5, r3, lsr #8
1000a11c:	f1a2 3c01 	sub.w	ip, r2, #16843009	@ 0x1010101
1000a120:	ea2c 0c02 	bic.w	ip, ip, r2
1000a124:	d10d      	bne.n	1000a142 <strcmp+0xde>
1000a126:	f01c 3c80 	ands.w	ip, ip, #2155905152	@ 0x80808080
1000a12a:	bf08      	it	eq
1000a12c:	f851 3b04 	ldreq.w	r3, [r1], #4
1000a130:	d10a      	bne.n	1000a148 <strcmp+0xe4>
1000a132:	ea85 0502 	eor.w	r5, r5, r2
1000a136:	ebb5 6f03 	cmp.w	r5, r3, lsl #24
1000a13a:	d10c      	bne.n	1000a156 <strcmp+0xf2>
1000a13c:	f850 2b04 	ldr.w	r2, [r0], #4
1000a140:	e7e8      	b.n	1000a114 <strcmp+0xb0>
1000a142:	ea4f 2313 	mov.w	r3, r3, lsr #8
1000a146:	e05b      	b.n	1000a200 <strcmp+0x19c>
1000a148:	f03c 4c7f 	bics.w	ip, ip, #4278190080	@ 0xff000000
1000a14c:	d154      	bne.n	1000a1f8 <strcmp+0x194>
1000a14e:	780b      	ldrb	r3, [r1, #0]
1000a150:	ea4f 6512 	mov.w	r5, r2, lsr #24
1000a154:	e054      	b.n	1000a200 <strcmp+0x19c>
1000a156:	ea4f 6512 	mov.w	r5, r2, lsr #24
1000a15a:	f003 03ff 	and.w	r3, r3, #255	@ 0xff
1000a15e:	e04f      	b.n	1000a200 <strcmp+0x19c>
1000a160:	ea4f 4502 	mov.w	r5, r2, lsl #16
1000a164:	f1a2 3c01 	sub.w	ip, r2, #16843009	@ 0x1010101
1000a168:	ea4f 4515 	mov.w	r5, r5, lsr #16
1000a16c:	ea2c 0c02 	bic.w	ip, ip, r2
1000a170:	ebb5 4f13 	cmp.w	r5, r3, lsr #16
1000a174:	d118      	bne.n	1000a1a8 <strcmp+0x144>
1000a176:	f01c 3c80 	ands.w	ip, ip, #2155905152	@ 0x80808080
1000a17a:	bf08      	it	eq
1000a17c:	f851 3b04 	ldreq.w	r3, [r1], #4
1000a180:	d107      	bne.n	1000a192 <strcmp+0x12e>
1000a182:	ea85 0502 	eor.w	r5, r5, r2
1000a186:	ebb5 4f03 	cmp.w	r5, r3, lsl #16
1000a18a:	d109      	bne.n	1000a1a0 <strcmp+0x13c>
1000a18c:	f850 2b04 	ldr.w	r2, [r0], #4
1000a190:	e7e6      	b.n	1000a160 <strcmp+0xfc>
1000a192:	ea5f 4c0c 	movs.w	ip, ip, lsl #16
1000a196:	d12f      	bne.n	1000a1f8 <strcmp+0x194>
1000a198:	880b      	ldrh	r3, [r1, #0]
1000a19a:	ea4f 4512 	mov.w	r5, r2, lsr #16
1000a19e:	e02f      	b.n	1000a200 <strcmp+0x19c>
1000a1a0:	ea4f 4303 	mov.w	r3, r3, lsl #16
1000a1a4:	ea4f 4512 	mov.w	r5, r2, lsr #16
1000a1a8:	ea4f 4313 	mov.w	r3, r3, lsr #16
1000a1ac:	e028      	b.n	1000a200 <strcmp+0x19c>
1000a1ae:	bf00      	nop
1000a1b0:	f002 05ff 	and.w	r5, r2, #255	@ 0xff
1000a1b4:	ebb5 6f13 	cmp.w	r5, r3, lsr #24
1000a1b8:	f1a2 3c01 	sub.w	ip, r2, #16843009	@ 0x1010101
1000a1bc:	ea2c 0c02 	bic.w	ip, ip, r2
1000a1c0:	d10d      	bne.n	1000a1de <strcmp+0x17a>
1000a1c2:	f01c 3c80 	ands.w	ip, ip, #2155905152	@ 0x80808080
1000a1c6:	bf08      	it	eq
1000a1c8:	f851 3b04 	ldreq.w	r3, [r1], #4
1000a1cc:	d10a      	bne.n	1000a1e4 <strcmp+0x180>
1000a1ce:	ea85 0502 	eor.w	r5, r5, r2
1000a1d2:	ebb5 2f03 	cmp.w	r5, r3, lsl #8
1000a1d6:	d10a      	bne.n	1000a1ee <strcmp+0x18a>
1000a1d8:	f850 2b04 	ldr.w	r2, [r0], #4
1000a1dc:	e7e8      	b.n	1000a1b0 <strcmp+0x14c>
1000a1de:	ea4f 6313 	mov.w	r3, r3, lsr #24
1000a1e2:	e00d      	b.n	1000a200 <strcmp+0x19c>
1000a1e4:	f012 0fff 	tst.w	r2, #255	@ 0xff
1000a1e8:	d006      	beq.n	1000a1f8 <strcmp+0x194>
1000a1ea:	f851 3b04 	ldr.w	r3, [r1], #4
1000a1ee:	ea4f 2512 	mov.w	r5, r2, lsr #8
1000a1f2:	f023 437f 	bic.w	r3, r3, #4278190080	@ 0xff000000
1000a1f6:	e003      	b.n	1000a200 <strcmp+0x19c>
1000a1f8:	f04f 0000 	mov.w	r0, #0
1000a1fc:	bc20      	pop	{r5}
1000a1fe:	4770      	bx	lr
1000a200:	f005 02ff 	and.w	r2, r5, #255	@ 0xff
1000a204:	f003 00ff 	and.w	r0, r3, #255	@ 0xff
1000a208:	2801      	cmp	r0, #1
1000a20a:	bf28      	it	cs
1000a20c:	4290      	cmpcs	r0, r2
1000a20e:	bf04      	itt	eq
1000a210:	0a2d      	lsreq	r5, r5, #8
1000a212:	0a1b      	lsreq	r3, r3, #8
1000a214:	d0f4      	beq.n	1000a200 <strcmp+0x19c>
1000a216:	eba2 0000 	sub.w	r0, r2, r0
1000a21a:	bc20      	pop	{r5}
1000a21c:	4770      	bx	lr
1000a21e:	bf00      	nop

1000a220 <_strtoul_l.isra.0>:
1000a220:	e92d 47f0 	stmdb	sp!, {r4, r5, r6, r7, r8, r9, sl, lr}
1000a224:	4680      	mov	r8, r0
1000a226:	460c      	mov	r4, r1
1000a228:	4845      	ldr	r0, [pc, #276]	@ (1000a340 <_strtoul_l.isra.0+0x120>)
1000a22a:	4626      	mov	r6, r4
1000a22c:	f814 eb01 	ldrb.w	lr, [r4], #1
1000a230:	f810 c00e 	ldrb.w	ip, [r0, lr]
1000a234:	f01c 0c08 	ands.w	ip, ip, #8
1000a238:	d1f7      	bne.n	1000a22a <_strtoul_l.isra.0+0xa>
1000a23a:	f1be 0f2d 	cmp.w	lr, #45	@ 0x2d
1000a23e:	d05b      	beq.n	1000a2f8 <_strtoul_l.isra.0+0xd8>
1000a240:	f1be 0f2b 	cmp.w	lr, #43	@ 0x2b
1000a244:	d03a      	beq.n	1000a2bc <_strtoul_l.isra.0+0x9c>
1000a246:	4665      	mov	r5, ip
1000a248:	f033 0010 	bics.w	r0, r3, #16
1000a24c:	d03e      	beq.n	1000a2cc <_strtoul_l.isra.0+0xac>
1000a24e:	f04f 37ff 	mov.w	r7, #4294967295	@ 0xffffffff
1000a252:	469a      	mov	sl, r3
1000a254:	fbb7 f7f3 	udiv	r7, r7, r3
1000a258:	fb03 f907 	mul.w	r9, r3, r7
1000a25c:	ea6f 0909 	mvn.w	r9, r9
1000a260:	2600      	movs	r6, #0
1000a262:	4630      	mov	r0, r6
1000a264:	e00e      	b.n	1000a284 <_strtoul_l.isra.0+0x64>
1000a266:	f1ae 0c37 	sub.w	ip, lr, #55	@ 0x37
1000a26a:	4563      	cmp	r3, ip
1000a26c:	dd1d      	ble.n	1000a2aa <_strtoul_l.isra.0+0x8a>
1000a26e:	2e00      	cmp	r6, #0
1000a270:	db04      	blt.n	1000a27c <_strtoul_l.isra.0+0x5c>
1000a272:	42b8      	cmp	r0, r7
1000a274:	d802      	bhi.n	1000a27c <_strtoul_l.isra.0+0x5c>
1000a276:	d133      	bne.n	1000a2e0 <_strtoul_l.isra.0+0xc0>
1000a278:	45cc      	cmp	ip, r9
1000a27a:	dd31      	ble.n	1000a2e0 <_strtoul_l.isra.0+0xc0>
1000a27c:	f04f 36ff 	mov.w	r6, #4294967295	@ 0xffffffff
1000a280:	f814 eb01 	ldrb.w	lr, [r4], #1
1000a284:	f1ae 0c30 	sub.w	ip, lr, #48	@ 0x30
1000a288:	f1bc 0f09 	cmp.w	ip, #9
1000a28c:	d9ed      	bls.n	1000a26a <_strtoul_l.isra.0+0x4a>
1000a28e:	f1ae 0c41 	sub.w	ip, lr, #65	@ 0x41
1000a292:	f1bc 0f19 	cmp.w	ip, #25
1000a296:	d9e6      	bls.n	1000a266 <_strtoul_l.isra.0+0x46>
1000a298:	f1ae 0c61 	sub.w	ip, lr, #97	@ 0x61
1000a29c:	f1bc 0f19 	cmp.w	ip, #25
1000a2a0:	d803      	bhi.n	1000a2aa <_strtoul_l.isra.0+0x8a>
1000a2a2:	f1ae 0c57 	sub.w	ip, lr, #87	@ 0x57
1000a2a6:	4563      	cmp	r3, ip
1000a2a8:	dce1      	bgt.n	1000a26e <_strtoul_l.isra.0+0x4e>
1000a2aa:	1c73      	adds	r3, r6, #1
1000a2ac:	d01c      	beq.n	1000a2e8 <_strtoul_l.isra.0+0xc8>
1000a2ae:	b105      	cbz	r5, 1000a2b2 <_strtoul_l.isra.0+0x92>
1000a2b0:	4240      	negs	r0, r0
1000a2b2:	b10a      	cbz	r2, 1000a2b8 <_strtoul_l.isra.0+0x98>
1000a2b4:	b9f6      	cbnz	r6, 1000a2f4 <_strtoul_l.isra.0+0xd4>
1000a2b6:	6011      	str	r1, [r2, #0]
1000a2b8:	e8bd 87f0 	ldmia.w	sp!, {r4, r5, r6, r7, r8, r9, sl, pc}
1000a2bc:	f033 0010 	bics.w	r0, r3, #16
1000a2c0:	f894 e000 	ldrb.w	lr, [r4]
1000a2c4:	4665      	mov	r5, ip
1000a2c6:	f106 0402 	add.w	r4, r6, #2
1000a2ca:	d1c0      	bne.n	1000a24e <_strtoul_l.isra.0+0x2e>
1000a2cc:	f1be 0f30 	cmp.w	lr, #48	@ 0x30
1000a2d0:	d017      	beq.n	1000a302 <_strtoul_l.isra.0+0xe2>
1000a2d2:	bb6b      	cbnz	r3, 1000a330 <_strtoul_l.isra.0+0x110>
1000a2d4:	230a      	movs	r3, #10
1000a2d6:	f04f 0905 	mov.w	r9, #5
1000a2da:	4f1a      	ldr	r7, [pc, #104]	@ (1000a344 <_strtoul_l.isra.0+0x124>)
1000a2dc:	469a      	mov	sl, r3
1000a2de:	e7bf      	b.n	1000a260 <_strtoul_l.isra.0+0x40>
1000a2e0:	fb00 c00a 	mla	r0, r0, sl, ip
1000a2e4:	2601      	movs	r6, #1
1000a2e6:	e7cb      	b.n	1000a280 <_strtoul_l.isra.0+0x60>
1000a2e8:	2322      	movs	r3, #34	@ 0x22
1000a2ea:	4630      	mov	r0, r6
1000a2ec:	f8c8 3000 	str.w	r3, [r8]
1000a2f0:	2a00      	cmp	r2, #0
1000a2f2:	d0e1      	beq.n	1000a2b8 <_strtoul_l.isra.0+0x98>
1000a2f4:	1e61      	subs	r1, r4, #1
1000a2f6:	e7de      	b.n	1000a2b6 <_strtoul_l.isra.0+0x96>
1000a2f8:	f894 e000 	ldrb.w	lr, [r4]
1000a2fc:	2501      	movs	r5, #1
1000a2fe:	1cb4      	adds	r4, r6, #2
1000a300:	e7a2      	b.n	1000a248 <_strtoul_l.isra.0+0x28>
1000a302:	7820      	ldrb	r0, [r4, #0]
1000a304:	f000 00df 	and.w	r0, r0, #223	@ 0xdf
1000a308:	2858      	cmp	r0, #88	@ 0x58
1000a30a:	d007      	beq.n	1000a31c <_strtoul_l.isra.0+0xfc>
1000a30c:	b983      	cbnz	r3, 1000a330 <_strtoul_l.isra.0+0x110>
1000a30e:	2308      	movs	r3, #8
1000a310:	f04f 0907 	mov.w	r9, #7
1000a314:	f06f 4760 	mvn.w	r7, #3758096384	@ 0xe0000000
1000a318:	469a      	mov	sl, r3
1000a31a:	e7a1      	b.n	1000a260 <_strtoul_l.isra.0+0x40>
1000a31c:	2310      	movs	r3, #16
1000a31e:	f894 e001 	ldrb.w	lr, [r4, #1]
1000a322:	f04f 090f 	mov.w	r9, #15
1000a326:	3402      	adds	r4, #2
1000a328:	f06f 4770 	mvn.w	r7, #4026531840	@ 0xf0000000
1000a32c:	469a      	mov	sl, r3
1000a32e:	e797      	b.n	1000a260 <_strtoul_l.isra.0+0x40>
1000a330:	2310      	movs	r3, #16
1000a332:	f04f 090f 	mov.w	r9, #15
1000a336:	f06f 4770 	mvn.w	r7, #4026531840	@ 0xf0000000
1000a33a:	469a      	mov	sl, r3
1000a33c:	e790      	b.n	1000a260 <_strtoul_l.isra.0+0x40>
1000a33e:	bf00      	nop
1000a340:	1000ba91 	.word	0x1000ba91
1000a344:	19999999 	.word	0x19999999

1000a348 <_strtoul_r>:
1000a348:	e76a      	b.n	1000a220 <_strtoul_l.isra.0>
1000a34a:	bf00      	nop

1000a34c <strtoul_l>:
1000a34c:	b410      	push	{r4}
1000a34e:	4c04      	ldr	r4, [pc, #16]	@ (1000a360 <strtoul_l+0x14>)
1000a350:	4613      	mov	r3, r2
1000a352:	460a      	mov	r2, r1
1000a354:	4601      	mov	r1, r0
1000a356:	6820      	ldr	r0, [r4, #0]
1000a358:	f85d 4b04 	ldr.w	r4, [sp], #4
1000a35c:	e760      	b.n	1000a220 <_strtoul_l.isra.0>
1000a35e:	bf00      	nop
1000a360:	200022e8 	.word	0x200022e8

1000a364 <strtoul>:
1000a364:	b410      	push	{r4}
1000a366:	4c04      	ldr	r4, [pc, #16]	@ (1000a378 <strtoul+0x14>)
1000a368:	4613      	mov	r3, r2
1000a36a:	460a      	mov	r2, r1
1000a36c:	4601      	mov	r1, r0
1000a36e:	6820      	ldr	r0, [r4, #0]
1000a370:	f85d 4b04 	ldr.w	r4, [sp], #4
1000a374:	e754      	b.n	1000a220 <_strtoul_l.isra.0>
1000a376:	bf00      	nop
1000a378:	200022e8 	.word	0x200022e8

1000a37c <__errno>:
1000a37c:	4b01      	ldr	r3, [pc, #4]	@ (1000a384 <__errno+0x8>)
1000a37e:	6818      	ldr	r0, [r3, #0]
1000a380:	4770      	bx	lr
1000a382:	bf00      	nop
1000a384:	200022e8 	.word	0x200022e8

1000a388 <abort>:
1000a388:	2006      	movs	r0, #6
1000a38a:	b508      	push	{r3, lr}
1000a38c:	f000 fdf0 	bl	1000af70 <raise>
1000a390:	2001      	movs	r0, #1
1000a392:	f7f9 f907 	bl	100035a4 <_exit>
1000a396:	bf00      	nop

1000a398 <_malloc_r>:
1000a398:	f101 030b 	add.w	r3, r1, #11
1000a39c:	2b16      	cmp	r3, #22
1000a39e:	e92d 4ff0 	stmdb	sp!, {r4, r5, r6, r7, r8, r9, sl, fp, lr}
1000a3a2:	4607      	mov	r7, r0
1000a3a4:	b083      	sub	sp, #12
1000a3a6:	d823      	bhi.n	1000a3f0 <_malloc_r+0x58>
1000a3a8:	2910      	cmp	r1, #16
1000a3aa:	f200 80af 	bhi.w	1000a50c <_malloc_r+0x174>
1000a3ae:	f000 fcf9 	bl	1000ada4 <__malloc_lock>
1000a3b2:	2510      	movs	r5, #16
1000a3b4:	2318      	movs	r3, #24
1000a3b6:	2002      	movs	r0, #2
1000a3b8:	4ec2      	ldr	r6, [pc, #776]	@ (1000a6c4 <_malloc_r+0x32c>)
1000a3ba:	4433      	add	r3, r6
1000a3bc:	685c      	ldr	r4, [r3, #4]
1000a3be:	f1a3 0208 	sub.w	r2, r3, #8
1000a3c2:	4294      	cmp	r4, r2
1000a3c4:	f000 8178 	beq.w	1000a6b8 <_malloc_r+0x320>
1000a3c8:	6863      	ldr	r3, [r4, #4]
1000a3ca:	4638      	mov	r0, r7
1000a3cc:	f023 0303 	bic.w	r3, r3, #3
1000a3d0:	e9d4 1202 	ldrd	r1, r2, [r4, #8]
1000a3d4:	4423      	add	r3, r4
1000a3d6:	60ca      	str	r2, [r1, #12]
1000a3d8:	6091      	str	r1, [r2, #8]
1000a3da:	685a      	ldr	r2, [r3, #4]
1000a3dc:	3408      	adds	r4, #8
1000a3de:	f042 0201 	orr.w	r2, r2, #1
1000a3e2:	605a      	str	r2, [r3, #4]
1000a3e4:	f000 fce0 	bl	1000ada8 <__malloc_unlock>
1000a3e8:	4620      	mov	r0, r4
1000a3ea:	b003      	add	sp, #12
1000a3ec:	e8bd 8ff0 	ldmia.w	sp!, {r4, r5, r6, r7, r8, r9, sl, fp, pc}
1000a3f0:	2b00      	cmp	r3, #0
1000a3f2:	f023 0507 	bic.w	r5, r3, #7
1000a3f6:	f2c0 8089 	blt.w	1000a50c <_malloc_r+0x174>
1000a3fa:	42a9      	cmp	r1, r5
1000a3fc:	f200 8086 	bhi.w	1000a50c <_malloc_r+0x174>
1000a400:	f000 fcd0 	bl	1000ada4 <__malloc_lock>
1000a404:	f5b5 7ffc 	cmp.w	r5, #504	@ 0x1f8
1000a408:	f0c0 81b2 	bcc.w	1000a770 <_malloc_r+0x3d8>
1000a40c:	0a6b      	lsrs	r3, r5, #9
1000a40e:	f000 8081 	beq.w	1000a514 <_malloc_r+0x17c>
1000a412:	2b04      	cmp	r3, #4
1000a414:	f200 817c 	bhi.w	1000a710 <_malloc_r+0x378>
1000a418:	09ab      	lsrs	r3, r5, #6
1000a41a:	f103 0039 	add.w	r0, r3, #57	@ 0x39
1000a41e:	f103 0e38 	add.w	lr, r3, #56	@ 0x38
1000a422:	00c3      	lsls	r3, r0, #3
1000a424:	4ea7      	ldr	r6, [pc, #668]	@ (1000a6c4 <_malloc_r+0x32c>)
1000a426:	4433      	add	r3, r6
1000a428:	f1a3 0c08 	sub.w	ip, r3, #8
1000a42c:	685c      	ldr	r4, [r3, #4]
1000a42e:	45a4      	cmp	ip, r4
1000a430:	d107      	bne.n	1000a442 <_malloc_r+0xaa>
1000a432:	e00d      	b.n	1000a450 <_malloc_r+0xb8>
1000a434:	2a00      	cmp	r2, #0
1000a436:	68e1      	ldr	r1, [r4, #12]
1000a438:	f280 8138 	bge.w	1000a6ac <_malloc_r+0x314>
1000a43c:	458c      	cmp	ip, r1
1000a43e:	460c      	mov	r4, r1
1000a440:	d006      	beq.n	1000a450 <_malloc_r+0xb8>
1000a442:	6863      	ldr	r3, [r4, #4]
1000a444:	f023 0303 	bic.w	r3, r3, #3
1000a448:	1b5a      	subs	r2, r3, r5
1000a44a:	2a0f      	cmp	r2, #15
1000a44c:	ddf2      	ble.n	1000a434 <_malloc_r+0x9c>
1000a44e:	4670      	mov	r0, lr
1000a450:	f8df 8274 	ldr.w	r8, [pc, #628]	@ 1000a6c8 <_malloc_r+0x330>
1000a454:	6934      	ldr	r4, [r6, #16]
1000a456:	4544      	cmp	r4, r8
1000a458:	f000 80ea 	beq.w	1000a630 <_malloc_r+0x298>
1000a45c:	6863      	ldr	r3, [r4, #4]
1000a45e:	f023 0c03 	bic.w	ip, r3, #3
1000a462:	ebac 0305 	sub.w	r3, ip, r5
1000a466:	2b0f      	cmp	r3, #15
1000a468:	f300 8192 	bgt.w	1000a790 <_malloc_r+0x3f8>
1000a46c:	2b00      	cmp	r3, #0
1000a46e:	e9c6 8804 	strd	r8, r8, [r6, #16]
1000a472:	f280 8181 	bge.w	1000a778 <_malloc_r+0x3e0>
1000a476:	f5bc 7f00 	cmp.w	ip, #512	@ 0x200
1000a47a:	f8d6 e004 	ldr.w	lr, [r6, #4]
1000a47e:	f080 8127 	bcs.w	1000a6d0 <_malloc_r+0x338>
1000a482:	ea4f 03dc 	mov.w	r3, ip, lsr #3
1000a486:	2201      	movs	r2, #1
1000a488:	ea4f 1c5c 	mov.w	ip, ip, lsr #5
1000a48c:	3301      	adds	r3, #1
1000a48e:	fa02 f20c 	lsl.w	r2, r2, ip
1000a492:	f856 1033 	ldr.w	r1, [r6, r3, lsl #3]
1000a496:	ea4e 0e02 	orr.w	lr, lr, r2
1000a49a:	eb06 02c3 	add.w	r2, r6, r3, lsl #3
1000a49e:	3a08      	subs	r2, #8
1000a4a0:	f8c6 e004 	str.w	lr, [r6, #4]
1000a4a4:	e9c4 1202 	strd	r1, r2, [r4, #8]
1000a4a8:	f846 4033 	str.w	r4, [r6, r3, lsl #3]
1000a4ac:	60cc      	str	r4, [r1, #12]
1000a4ae:	1083      	asrs	r3, r0, #2
1000a4b0:	f04f 0c01 	mov.w	ip, #1
1000a4b4:	fa0c fc03 	lsl.w	ip, ip, r3
1000a4b8:	45f4      	cmp	ip, lr
1000a4ba:	d831      	bhi.n	1000a520 <_malloc_r+0x188>
1000a4bc:	ea1c 0f0e 	tst.w	ip, lr
1000a4c0:	d107      	bne.n	1000a4d2 <_malloc_r+0x13a>
1000a4c2:	f020 0003 	bic.w	r0, r0, #3
1000a4c6:	ea4f 0c4c 	mov.w	ip, ip, lsl #1
1000a4ca:	3004      	adds	r0, #4
1000a4cc:	ea1c 0f0e 	tst.w	ip, lr
1000a4d0:	d0f9      	beq.n	1000a4c6 <_malloc_r+0x12e>
1000a4d2:	eb06 0ac0 	add.w	sl, r6, r0, lsl #3
1000a4d6:	4681      	mov	r9, r0
1000a4d8:	46d6      	mov	lr, sl
1000a4da:	f8de 300c 	ldr.w	r3, [lr, #12]
1000a4de:	e00b      	b.n	1000a4f8 <_malloc_r+0x160>
1000a4e0:	685a      	ldr	r2, [r3, #4]
1000a4e2:	461c      	mov	r4, r3
1000a4e4:	68db      	ldr	r3, [r3, #12]
1000a4e6:	f022 0203 	bic.w	r2, r2, #3
1000a4ea:	1b51      	subs	r1, r2, r5
1000a4ec:	290f      	cmp	r1, #15
1000a4ee:	f300 811b 	bgt.w	1000a728 <_malloc_r+0x390>
1000a4f2:	2900      	cmp	r1, #0
1000a4f4:	f280 812f 	bge.w	1000a756 <_malloc_r+0x3be>
1000a4f8:	459e      	cmp	lr, r3
1000a4fa:	d1f1      	bne.n	1000a4e0 <_malloc_r+0x148>
1000a4fc:	f109 0901 	add.w	r9, r9, #1
1000a500:	f10e 0e08 	add.w	lr, lr, #8
1000a504:	f019 0f03 	tst.w	r9, #3
1000a508:	d1e7      	bne.n	1000a4da <_malloc_r+0x142>
1000a50a:	e165      	b.n	1000a7d8 <_malloc_r+0x440>
1000a50c:	230c      	movs	r3, #12
1000a50e:	603b      	str	r3, [r7, #0]
1000a510:	2400      	movs	r4, #0
1000a512:	e769      	b.n	1000a3e8 <_malloc_r+0x50>
1000a514:	f44f 7300 	mov.w	r3, #512	@ 0x200
1000a518:	2040      	movs	r0, #64	@ 0x40
1000a51a:	f04f 0e3f 	mov.w	lr, #63	@ 0x3f
1000a51e:	e781      	b.n	1000a424 <_malloc_r+0x8c>
1000a520:	68b4      	ldr	r4, [r6, #8]
1000a522:	6863      	ldr	r3, [r4, #4]
1000a524:	f023 0903 	bic.w	r9, r3, #3
1000a528:	eba9 0305 	sub.w	r3, r9, r5
1000a52c:	2b0f      	cmp	r3, #15
1000a52e:	dd02      	ble.n	1000a536 <_malloc_r+0x19e>
1000a530:	45a9      	cmp	r9, r5
1000a532:	f080 80aa 	bcs.w	1000a68a <_malloc_r+0x2f2>
1000a536:	f8df b194 	ldr.w	fp, [pc, #404]	@ 1000a6cc <_malloc_r+0x334>
1000a53a:	eb04 0309 	add.w	r3, r4, r9
1000a53e:	2008      	movs	r0, #8
1000a540:	f8db 2000 	ldr.w	r2, [fp]
1000a544:	9300      	str	r3, [sp, #0]
1000a546:	3210      	adds	r2, #16
1000a548:	eb02 0805 	add.w	r8, r2, r5
1000a54c:	f000 fbd4 	bl	1000acf8 <sysconf>
1000a550:	f8d6 1408 	ldr.w	r1, [r6, #1032]	@ 0x408
1000a554:	4602      	mov	r2, r0
1000a556:	3101      	adds	r1, #1
1000a558:	d005      	beq.n	1000a566 <_malloc_r+0x1ce>
1000a55a:	f108 38ff 	add.w	r8, r8, #4294967295	@ 0xffffffff
1000a55e:	4241      	negs	r1, r0
1000a560:	4480      	add	r8, r0
1000a562:	ea01 0808 	and.w	r8, r1, r8
1000a566:	4641      	mov	r1, r8
1000a568:	4638      	mov	r0, r7
1000a56a:	9201      	str	r2, [sp, #4]
1000a56c:	f000 fc52 	bl	1000ae14 <_sbrk_r>
1000a570:	f1b0 3fff 	cmp.w	r0, #4294967295	@ 0xffffffff
1000a574:	4682      	mov	sl, r0
1000a576:	9a01      	ldr	r2, [sp, #4]
1000a578:	d07c      	beq.n	1000a674 <_malloc_r+0x2dc>
1000a57a:	9b00      	ldr	r3, [sp, #0]
1000a57c:	4283      	cmp	r3, r0
1000a57e:	d95a      	bls.n	1000a636 <_malloc_r+0x29e>
1000a580:	42b4      	cmp	r4, r6
1000a582:	d177      	bne.n	1000a674 <_malloc_r+0x2dc>
1000a584:	f8db 0004 	ldr.w	r0, [fp, #4]
1000a588:	f102 3cff 	add.w	ip, r2, #4294967295	@ 0xffffffff
1000a58c:	4440      	add	r0, r8
1000a58e:	f8cb 0004 	str.w	r0, [fp, #4]
1000a592:	f8d6 1408 	ldr.w	r1, [r6, #1032]	@ 0x408
1000a596:	3101      	adds	r1, #1
1000a598:	f000 816b 	beq.w	1000a872 <_malloc_r+0x4da>
1000a59c:	9b00      	ldr	r3, [sp, #0]
1000a59e:	ebaa 0103 	sub.w	r1, sl, r3
1000a5a2:	4401      	add	r1, r0
1000a5a4:	f8cb 1004 	str.w	r1, [fp, #4]
1000a5a8:	f01a 0307 	ands.w	r3, sl, #7
1000a5ac:	9300      	str	r3, [sp, #0]
1000a5ae:	f000 813d 	beq.w	1000a82c <_malloc_r+0x494>
1000a5b2:	f1c3 0108 	rsb	r1, r3, #8
1000a5b6:	4638      	mov	r0, r7
1000a5b8:	448a      	add	sl, r1
1000a5ba:	440a      	add	r2, r1
1000a5bc:	44d0      	add	r8, sl
1000a5be:	ea08 010c 	and.w	r1, r8, ip
1000a5c2:	1a52      	subs	r2, r2, r1
1000a5c4:	ea02 010c 	and.w	r1, r2, ip
1000a5c8:	9101      	str	r1, [sp, #4]
1000a5ca:	f000 fc23 	bl	1000ae14 <_sbrk_r>
1000a5ce:	1c42      	adds	r2, r0, #1
1000a5d0:	f000 8167 	beq.w	1000a8a2 <_malloc_r+0x50a>
1000a5d4:	eba0 000a 	sub.w	r0, r0, sl
1000a5d8:	9901      	ldr	r1, [sp, #4]
1000a5da:	eb00 0801 	add.w	r8, r0, r1
1000a5de:	f048 0201 	orr.w	r2, r8, #1
1000a5e2:	f8c6 a008 	str.w	sl, [r6, #8]
1000a5e6:	42b4      	cmp	r4, r6
1000a5e8:	f8ca 2004 	str.w	r2, [sl, #4]
1000a5ec:	f8db 2004 	ldr.w	r2, [fp, #4]
1000a5f0:	4411      	add	r1, r2
1000a5f2:	f8cb 1004 	str.w	r1, [fp, #4]
1000a5f6:	d031      	beq.n	1000a65c <_malloc_r+0x2c4>
1000a5f8:	f1b9 0f0f 	cmp.w	r9, #15
1000a5fc:	f240 8105 	bls.w	1000a80a <_malloc_r+0x472>
1000a600:	6860      	ldr	r0, [r4, #4]
1000a602:	f1a9 020c 	sub.w	r2, r9, #12
1000a606:	2305      	movs	r3, #5
1000a608:	f022 0207 	bic.w	r2, r2, #7
1000a60c:	f000 0001 	and.w	r0, r0, #1
1000a610:	4310      	orrs	r0, r2
1000a612:	2a0f      	cmp	r2, #15
1000a614:	6060      	str	r0, [r4, #4]
1000a616:	eb04 0002 	add.w	r0, r4, r2
1000a61a:	e9c0 3301 	strd	r3, r3, [r0, #4]
1000a61e:	d91d      	bls.n	1000a65c <_malloc_r+0x2c4>
1000a620:	f104 0108 	add.w	r1, r4, #8
1000a624:	4638      	mov	r0, r7
1000a626:	f000 f9b7 	bl	1000a998 <_free_r>
1000a62a:	f8db 1004 	ldr.w	r1, [fp, #4]
1000a62e:	e015      	b.n	1000a65c <_malloc_r+0x2c4>
1000a630:	f8d6 e004 	ldr.w	lr, [r6, #4]
1000a634:	e73b      	b.n	1000a4ae <_malloc_r+0x116>
1000a636:	f8db 1004 	ldr.w	r1, [fp, #4]
1000a63a:	f102 3cff 	add.w	ip, r2, #4294967295	@ 0xffffffff
1000a63e:	4441      	add	r1, r8
1000a640:	4608      	mov	r0, r1
1000a642:	f8cb 1004 	str.w	r1, [fp, #4]
1000a646:	d1a4      	bne.n	1000a592 <_malloc_r+0x1fa>
1000a648:	9b00      	ldr	r3, [sp, #0]
1000a64a:	ea13 0f0c 	tst.w	r3, ip
1000a64e:	d1a0      	bne.n	1000a592 <_malloc_r+0x1fa>
1000a650:	eb09 0208 	add.w	r2, r9, r8
1000a654:	68b0      	ldr	r0, [r6, #8]
1000a656:	f042 0201 	orr.w	r2, r2, #1
1000a65a:	6042      	str	r2, [r0, #4]
1000a65c:	f8db 202c 	ldr.w	r2, [fp, #44]	@ 0x2c
1000a660:	428a      	cmp	r2, r1
1000a662:	f8db 2030 	ldr.w	r2, [fp, #48]	@ 0x30
1000a666:	bf38      	it	cc
1000a668:	f8cb 102c 	strcc.w	r1, [fp, #44]	@ 0x2c
1000a66c:	428a      	cmp	r2, r1
1000a66e:	bf38      	it	cc
1000a670:	f8cb 1030 	strcc.w	r1, [fp, #48]	@ 0x30
1000a674:	68b4      	ldr	r4, [r6, #8]
1000a676:	6862      	ldr	r2, [r4, #4]
1000a678:	f022 0203 	bic.w	r2, r2, #3
1000a67c:	1b53      	subs	r3, r2, r5
1000a67e:	2b0f      	cmp	r3, #15
1000a680:	f340 80c6 	ble.w	1000a810 <_malloc_r+0x478>
1000a684:	4295      	cmp	r5, r2
1000a686:	f200 80c3 	bhi.w	1000a810 <_malloc_r+0x478>
1000a68a:	1962      	adds	r2, r4, r5
1000a68c:	f045 0501 	orr.w	r5, r5, #1
1000a690:	f043 0301 	orr.w	r3, r3, #1
1000a694:	3408      	adds	r4, #8
1000a696:	f844 5c04 	str.w	r5, [r4, #-4]
1000a69a:	4638      	mov	r0, r7
1000a69c:	60b2      	str	r2, [r6, #8]
1000a69e:	6053      	str	r3, [r2, #4]
1000a6a0:	f000 fb82 	bl	1000ada8 <__malloc_unlock>
1000a6a4:	4620      	mov	r0, r4
1000a6a6:	b003      	add	sp, #12
1000a6a8:	e8bd 8ff0 	ldmia.w	sp!, {r4, r5, r6, r7, r8, r9, sl, fp, pc}
1000a6ac:	68a2      	ldr	r2, [r4, #8]
1000a6ae:	4423      	add	r3, r4
1000a6b0:	4638      	mov	r0, r7
1000a6b2:	60d1      	str	r1, [r2, #12]
1000a6b4:	608a      	str	r2, [r1, #8]
1000a6b6:	e690      	b.n	1000a3da <_malloc_r+0x42>
1000a6b8:	68dc      	ldr	r4, [r3, #12]
1000a6ba:	42a3      	cmp	r3, r4
1000a6bc:	f47f ae84 	bne.w	1000a3c8 <_malloc_r+0x30>
1000a6c0:	3002      	adds	r0, #2
1000a6c2:	e6c5      	b.n	1000a450 <_malloc_r+0xb8>
1000a6c4:	20002410 	.word	0x20002410
1000a6c8:	20002418 	.word	0x20002418
1000a6cc:	20002cf4 	.word	0x20002cf4
1000a6d0:	f5bc 6f20 	cmp.w	ip, #2560	@ 0xa00
1000a6d4:	ea4f 225c 	mov.w	r2, ip, lsr #9
1000a6d8:	d36c      	bcc.n	1000a7b4 <_malloc_r+0x41c>
1000a6da:	2a14      	cmp	r2, #20
1000a6dc:	f200 80b6 	bhi.w	1000a84c <_malloc_r+0x4b4>
1000a6e0:	f102 035c 	add.w	r3, r2, #92	@ 0x5c
1000a6e4:	325b      	adds	r2, #91	@ 0x5b
1000a6e6:	00db      	lsls	r3, r3, #3
1000a6e8:	18f1      	adds	r1, r6, r3
1000a6ea:	58f3      	ldr	r3, [r6, r3]
1000a6ec:	3908      	subs	r1, #8
1000a6ee:	4299      	cmp	r1, r3
1000a6f0:	d103      	bne.n	1000a6fa <_malloc_r+0x362>
1000a6f2:	e091      	b.n	1000a818 <_malloc_r+0x480>
1000a6f4:	689b      	ldr	r3, [r3, #8]
1000a6f6:	4299      	cmp	r1, r3
1000a6f8:	d004      	beq.n	1000a704 <_malloc_r+0x36c>
1000a6fa:	685a      	ldr	r2, [r3, #4]
1000a6fc:	f022 0203 	bic.w	r2, r2, #3
1000a700:	4562      	cmp	r2, ip
1000a702:	d8f7      	bhi.n	1000a6f4 <_malloc_r+0x35c>
1000a704:	68d9      	ldr	r1, [r3, #12]
1000a706:	e9c4 3102 	strd	r3, r1, [r4, #8]
1000a70a:	608c      	str	r4, [r1, #8]
1000a70c:	60dc      	str	r4, [r3, #12]
1000a70e:	e6ce      	b.n	1000a4ae <_malloc_r+0x116>
1000a710:	2b14      	cmp	r3, #20
1000a712:	d956      	bls.n	1000a7c2 <_malloc_r+0x42a>
1000a714:	2b54      	cmp	r3, #84	@ 0x54
1000a716:	f200 80a2 	bhi.w	1000a85e <_malloc_r+0x4c6>
1000a71a:	0b2b      	lsrs	r3, r5, #12
1000a71c:	f103 006f 	add.w	r0, r3, #111	@ 0x6f
1000a720:	f103 0e6e 	add.w	lr, r3, #110	@ 0x6e
1000a724:	00c3      	lsls	r3, r0, #3
1000a726:	e67d      	b.n	1000a424 <_malloc_r+0x8c>
1000a728:	f8d4 c008 	ldr.w	ip, [r4, #8]
1000a72c:	4638      	mov	r0, r7
1000a72e:	1967      	adds	r7, r4, r5
1000a730:	f045 0501 	orr.w	r5, r5, #1
1000a734:	6065      	str	r5, [r4, #4]
1000a736:	f8cc 300c 	str.w	r3, [ip, #12]
1000a73a:	f8c3 c008 	str.w	ip, [r3, #8]
1000a73e:	f041 0301 	orr.w	r3, r1, #1
1000a742:	e9c6 7704 	strd	r7, r7, [r6, #16]
1000a746:	e9c7 8802 	strd	r8, r8, [r7, #8]
1000a74a:	607b      	str	r3, [r7, #4]
1000a74c:	50a1      	str	r1, [r4, r2]
1000a74e:	3408      	adds	r4, #8
1000a750:	f000 fb2a 	bl	1000ada8 <__malloc_unlock>
1000a754:	e648      	b.n	1000a3e8 <_malloc_r+0x50>
1000a756:	4422      	add	r2, r4
1000a758:	4638      	mov	r0, r7
1000a75a:	6851      	ldr	r1, [r2, #4]
1000a75c:	f041 0101 	orr.w	r1, r1, #1
1000a760:	6051      	str	r1, [r2, #4]
1000a762:	f854 2f08 	ldr.w	r2, [r4, #8]!
1000a766:	60d3      	str	r3, [r2, #12]
1000a768:	609a      	str	r2, [r3, #8]
1000a76a:	f000 fb1d 	bl	1000ada8 <__malloc_unlock>
1000a76e:	e63b      	b.n	1000a3e8 <_malloc_r+0x50>
1000a770:	08e8      	lsrs	r0, r5, #3
1000a772:	f105 0308 	add.w	r3, r5, #8
1000a776:	e61f      	b.n	1000a3b8 <_malloc_r+0x20>
1000a778:	44a4      	add	ip, r4
1000a77a:	4638      	mov	r0, r7
1000a77c:	3408      	adds	r4, #8
1000a77e:	f8dc 3004 	ldr.w	r3, [ip, #4]
1000a782:	f043 0301 	orr.w	r3, r3, #1
1000a786:	f8cc 3004 	str.w	r3, [ip, #4]
1000a78a:	f000 fb0d 	bl	1000ada8 <__malloc_unlock>
1000a78e:	e62b      	b.n	1000a3e8 <_malloc_r+0x50>
1000a790:	1962      	adds	r2, r4, r5
1000a792:	f043 0101 	orr.w	r1, r3, #1
1000a796:	f045 0501 	orr.w	r5, r5, #1
1000a79a:	4638      	mov	r0, r7
1000a79c:	6065      	str	r5, [r4, #4]
1000a79e:	e9c6 2204 	strd	r2, r2, [r6, #16]
1000a7a2:	e9c2 8802 	strd	r8, r8, [r2, #8]
1000a7a6:	6051      	str	r1, [r2, #4]
1000a7a8:	f844 300c 	str.w	r3, [r4, ip]
1000a7ac:	3408      	adds	r4, #8
1000a7ae:	f000 fafb 	bl	1000ada8 <__malloc_unlock>
1000a7b2:	e619      	b.n	1000a3e8 <_malloc_r+0x50>
1000a7b4:	ea4f 129c 	mov.w	r2, ip, lsr #6
1000a7b8:	f102 0339 	add.w	r3, r2, #57	@ 0x39
1000a7bc:	3238      	adds	r2, #56	@ 0x38
1000a7be:	00db      	lsls	r3, r3, #3
1000a7c0:	e792      	b.n	1000a6e8 <_malloc_r+0x350>
1000a7c2:	f103 005c 	add.w	r0, r3, #92	@ 0x5c
1000a7c6:	f103 0e5b 	add.w	lr, r3, #91	@ 0x5b
1000a7ca:	00c3      	lsls	r3, r0, #3
1000a7cc:	e62a      	b.n	1000a424 <_malloc_r+0x8c>
1000a7ce:	f85a 3908 	ldr.w	r3, [sl], #-8
1000a7d2:	4553      	cmp	r3, sl
1000a7d4:	f040 8082 	bne.w	1000a8dc <_malloc_r+0x544>
1000a7d8:	f010 0f03 	tst.w	r0, #3
1000a7dc:	f100 30ff 	add.w	r0, r0, #4294967295	@ 0xffffffff
1000a7e0:	d1f5      	bne.n	1000a7ce <_malloc_r+0x436>
1000a7e2:	6873      	ldr	r3, [r6, #4]
1000a7e4:	ea23 030c 	bic.w	r3, r3, ip
1000a7e8:	6073      	str	r3, [r6, #4]
1000a7ea:	ea4f 0c4c 	mov.w	ip, ip, lsl #1
1000a7ee:	f10c 32ff 	add.w	r2, ip, #4294967295	@ 0xffffffff
1000a7f2:	429a      	cmp	r2, r3
1000a7f4:	d304      	bcc.n	1000a800 <_malloc_r+0x468>
1000a7f6:	e693      	b.n	1000a520 <_malloc_r+0x188>
1000a7f8:	ea4f 0c4c 	mov.w	ip, ip, lsl #1
1000a7fc:	f109 0904 	add.w	r9, r9, #4
1000a800:	ea1c 0f03 	tst.w	ip, r3
1000a804:	d0f8      	beq.n	1000a7f8 <_malloc_r+0x460>
1000a806:	4648      	mov	r0, r9
1000a808:	e663      	b.n	1000a4d2 <_malloc_r+0x13a>
1000a80a:	2301      	movs	r3, #1
1000a80c:	f8ca 3004 	str.w	r3, [sl, #4]
1000a810:	4638      	mov	r0, r7
1000a812:	f000 fac9 	bl	1000ada8 <__malloc_unlock>
1000a816:	e67b      	b.n	1000a510 <_malloc_r+0x178>
1000a818:	1092      	asrs	r2, r2, #2
1000a81a:	f04f 0c01 	mov.w	ip, #1
1000a81e:	fa0c f202 	lsl.w	r2, ip, r2
1000a822:	ea4e 0e02 	orr.w	lr, lr, r2
1000a826:	f8c6 e004 	str.w	lr, [r6, #4]
1000a82a:	e76c      	b.n	1000a706 <_malloc_r+0x36e>
1000a82c:	eb0a 0108 	add.w	r1, sl, r8
1000a830:	4638      	mov	r0, r7
1000a832:	ea01 010c 	and.w	r1, r1, ip
1000a836:	1a52      	subs	r2, r2, r1
1000a838:	ea02 010c 	and.w	r1, r2, ip
1000a83c:	9101      	str	r1, [sp, #4]
1000a83e:	f000 fae9 	bl	1000ae14 <_sbrk_r>
1000a842:	1c43      	adds	r3, r0, #1
1000a844:	f47f aec6 	bne.w	1000a5d4 <_malloc_r+0x23c>
1000a848:	9900      	ldr	r1, [sp, #0]
1000a84a:	e6c8      	b.n	1000a5de <_malloc_r+0x246>
1000a84c:	2a54      	cmp	r2, #84	@ 0x54
1000a84e:	d813      	bhi.n	1000a878 <_malloc_r+0x4e0>
1000a850:	ea4f 321c 	mov.w	r2, ip, lsr #12
1000a854:	f102 036f 	add.w	r3, r2, #111	@ 0x6f
1000a858:	326e      	adds	r2, #110	@ 0x6e
1000a85a:	00db      	lsls	r3, r3, #3
1000a85c:	e744      	b.n	1000a6e8 <_malloc_r+0x350>
1000a85e:	f5b3 7faa 	cmp.w	r3, #340	@ 0x154
1000a862:	d813      	bhi.n	1000a88c <_malloc_r+0x4f4>
1000a864:	0beb      	lsrs	r3, r5, #15
1000a866:	f103 0078 	add.w	r0, r3, #120	@ 0x78
1000a86a:	f103 0e77 	add.w	lr, r3, #119	@ 0x77
1000a86e:	00c3      	lsls	r3, r0, #3
1000a870:	e5d8      	b.n	1000a424 <_malloc_r+0x8c>
1000a872:	f8c6 a408 	str.w	sl, [r6, #1032]	@ 0x408
1000a876:	e697      	b.n	1000a5a8 <_malloc_r+0x210>
1000a878:	f5b2 7faa 	cmp.w	r2, #340	@ 0x154
1000a87c:	d819      	bhi.n	1000a8b2 <_malloc_r+0x51a>
1000a87e:	ea4f 32dc 	mov.w	r2, ip, lsr #15
1000a882:	f102 0378 	add.w	r3, r2, #120	@ 0x78
1000a886:	3277      	adds	r2, #119	@ 0x77
1000a888:	00db      	lsls	r3, r3, #3
1000a88a:	e72d      	b.n	1000a6e8 <_malloc_r+0x350>
1000a88c:	f240 5254 	movw	r2, #1364	@ 0x554
1000a890:	4293      	cmp	r3, r2
1000a892:	d819      	bhi.n	1000a8c8 <_malloc_r+0x530>
1000a894:	0cab      	lsrs	r3, r5, #18
1000a896:	f103 007d 	add.w	r0, r3, #125	@ 0x7d
1000a89a:	f103 0e7c 	add.w	lr, r3, #124	@ 0x7c
1000a89e:	00c3      	lsls	r3, r0, #3
1000a8a0:	e5c0      	b.n	1000a424 <_malloc_r+0x8c>
1000a8a2:	9b00      	ldr	r3, [sp, #0]
1000a8a4:	2100      	movs	r1, #0
1000a8a6:	f1a3 0208 	sub.w	r2, r3, #8
1000a8aa:	4490      	add	r8, r2
1000a8ac:	eba8 080a 	sub.w	r8, r8, sl
1000a8b0:	e695      	b.n	1000a5de <_malloc_r+0x246>
1000a8b2:	f240 5354 	movw	r3, #1364	@ 0x554
1000a8b6:	429a      	cmp	r2, r3
1000a8b8:	d80c      	bhi.n	1000a8d4 <_malloc_r+0x53c>
1000a8ba:	ea4f 429c 	mov.w	r2, ip, lsr #18
1000a8be:	f102 037d 	add.w	r3, r2, #125	@ 0x7d
1000a8c2:	327c      	adds	r2, #124	@ 0x7c
1000a8c4:	00db      	lsls	r3, r3, #3
1000a8c6:	e70f      	b.n	1000a6e8 <_malloc_r+0x350>
1000a8c8:	f44f 737e 	mov.w	r3, #1016	@ 0x3f8
1000a8cc:	207f      	movs	r0, #127	@ 0x7f
1000a8ce:	f04f 0e7e 	mov.w	lr, #126	@ 0x7e
1000a8d2:	e5a7      	b.n	1000a424 <_malloc_r+0x8c>
1000a8d4:	f44f 737e 	mov.w	r3, #1016	@ 0x3f8
1000a8d8:	227e      	movs	r2, #126	@ 0x7e
1000a8da:	e705      	b.n	1000a6e8 <_malloc_r+0x350>
1000a8dc:	6873      	ldr	r3, [r6, #4]
1000a8de:	e784      	b.n	1000a7ea <_malloc_r+0x452>

1000a8e0 <_malloc_trim_r>:
1000a8e0:	e92d 43f8 	stmdb	sp!, {r3, r4, r5, r6, r7, r8, r9, lr}
1000a8e4:	4606      	mov	r6, r0
1000a8e6:	f8df 80ac 	ldr.w	r8, [pc, #172]	@ 1000a994 <_malloc_trim_r+0xb4>
1000a8ea:	2008      	movs	r0, #8
1000a8ec:	4689      	mov	r9, r1
1000a8ee:	f000 fa03 	bl	1000acf8 <sysconf>
1000a8f2:	4605      	mov	r5, r0
1000a8f4:	4630      	mov	r0, r6
1000a8f6:	f000 fa55 	bl	1000ada4 <__malloc_lock>
1000a8fa:	f8d8 3008 	ldr.w	r3, [r8, #8]
1000a8fe:	685f      	ldr	r7, [r3, #4]
1000a900:	f027 0703 	bic.w	r7, r7, #3
1000a904:	f1a7 0411 	sub.w	r4, r7, #17
1000a908:	eba4 0409 	sub.w	r4, r4, r9
1000a90c:	442c      	add	r4, r5
1000a90e:	fbb4 f4f5 	udiv	r4, r4, r5
1000a912:	3c01      	subs	r4, #1
1000a914:	fb05 f404 	mul.w	r4, r5, r4
1000a918:	42a5      	cmp	r5, r4
1000a91a:	dc08      	bgt.n	1000a92e <_malloc_trim_r+0x4e>
1000a91c:	2100      	movs	r1, #0
1000a91e:	4630      	mov	r0, r6
1000a920:	f000 fa78 	bl	1000ae14 <_sbrk_r>
1000a924:	f8d8 3008 	ldr.w	r3, [r8, #8]
1000a928:	443b      	add	r3, r7
1000a92a:	4298      	cmp	r0, r3
1000a92c:	d005      	beq.n	1000a93a <_malloc_trim_r+0x5a>
1000a92e:	4630      	mov	r0, r6
1000a930:	f000 fa3a 	bl	1000ada8 <__malloc_unlock>
1000a934:	2000      	movs	r0, #0
1000a936:	e8bd 83f8 	ldmia.w	sp!, {r3, r4, r5, r6, r7, r8, r9, pc}
1000a93a:	4261      	negs	r1, r4
1000a93c:	4630      	mov	r0, r6
1000a93e:	f000 fa69 	bl	1000ae14 <_sbrk_r>
1000a942:	3001      	adds	r0, #1
1000a944:	d00f      	beq.n	1000a966 <_malloc_trim_r+0x86>
1000a946:	1b3f      	subs	r7, r7, r4
1000a948:	4a10      	ldr	r2, [pc, #64]	@ (1000a98c <_malloc_trim_r+0xac>)
1000a94a:	f8d8 3008 	ldr.w	r3, [r8, #8]
1000a94e:	4630      	mov	r0, r6
1000a950:	f047 0701 	orr.w	r7, r7, #1
1000a954:	605f      	str	r7, [r3, #4]
1000a956:	6813      	ldr	r3, [r2, #0]
1000a958:	1b1b      	subs	r3, r3, r4
1000a95a:	6013      	str	r3, [r2, #0]
1000a95c:	f000 fa24 	bl	1000ada8 <__malloc_unlock>
1000a960:	2001      	movs	r0, #1
1000a962:	e8bd 83f8 	ldmia.w	sp!, {r3, r4, r5, r6, r7, r8, r9, pc}
1000a966:	2100      	movs	r1, #0
1000a968:	4630      	mov	r0, r6
1000a96a:	f000 fa53 	bl	1000ae14 <_sbrk_r>
1000a96e:	f8d8 2008 	ldr.w	r2, [r8, #8]
1000a972:	1a83      	subs	r3, r0, r2
1000a974:	2b0f      	cmp	r3, #15
1000a976:	ddda      	ble.n	1000a92e <_malloc_trim_r+0x4e>
1000a978:	f043 0301 	orr.w	r3, r3, #1
1000a97c:	4903      	ldr	r1, [pc, #12]	@ (1000a98c <_malloc_trim_r+0xac>)
1000a97e:	6053      	str	r3, [r2, #4]
1000a980:	4b03      	ldr	r3, [pc, #12]	@ (1000a990 <_malloc_trim_r+0xb0>)
1000a982:	681b      	ldr	r3, [r3, #0]
1000a984:	1ac0      	subs	r0, r0, r3
1000a986:	6008      	str	r0, [r1, #0]
1000a988:	e7d1      	b.n	1000a92e <_malloc_trim_r+0x4e>
1000a98a:	bf00      	nop
1000a98c:	20002cf8 	.word	0x20002cf8
1000a990:	20002818 	.word	0x20002818
1000a994:	20002410 	.word	0x20002410

1000a998 <_free_r>:
1000a998:	2900      	cmp	r1, #0
1000a99a:	d07c      	beq.n	1000aa96 <_free_r+0xfe>
1000a99c:	e92d 41f0 	stmdb	sp!, {r4, r5, r6, r7, r8, lr}
1000a9a0:	460c      	mov	r4, r1
1000a9a2:	4680      	mov	r8, r0
1000a9a4:	f000 f9fe 	bl	1000ada4 <__malloc_lock>
1000a9a8:	4f76      	ldr	r7, [pc, #472]	@ (1000ab84 <_free_r+0x1ec>)
1000a9aa:	f854 3c04 	ldr.w	r3, [r4, #-4]
1000a9ae:	f1a4 0508 	sub.w	r5, r4, #8
1000a9b2:	68be      	ldr	r6, [r7, #8]
1000a9b4:	f023 0101 	bic.w	r1, r3, #1
1000a9b8:	1868      	adds	r0, r5, r1
1000a9ba:	6842      	ldr	r2, [r0, #4]
1000a9bc:	4286      	cmp	r6, r0
1000a9be:	f022 0203 	bic.w	r2, r2, #3
1000a9c2:	f000 8083 	beq.w	1000aacc <_free_r+0x134>
1000a9c6:	07de      	lsls	r6, r3, #31
1000a9c8:	eb00 0c02 	add.w	ip, r0, r2
1000a9cc:	6042      	str	r2, [r0, #4]
1000a9ce:	d433      	bmi.n	1000aa38 <_free_r+0xa0>
1000a9d0:	f854 4c08 	ldr.w	r4, [r4, #-8]
1000a9d4:	f8dc 3004 	ldr.w	r3, [ip, #4]
1000a9d8:	f107 0c08 	add.w	ip, r7, #8
1000a9dc:	1b2d      	subs	r5, r5, r4
1000a9de:	4421      	add	r1, r4
1000a9e0:	f003 0301 	and.w	r3, r3, #1
1000a9e4:	68ac      	ldr	r4, [r5, #8]
1000a9e6:	4564      	cmp	r4, ip
1000a9e8:	d064      	beq.n	1000aab4 <_free_r+0x11c>
1000a9ea:	f8d5 e00c 	ldr.w	lr, [r5, #12]
1000a9ee:	f8c4 e00c 	str.w	lr, [r4, #12]
1000a9f2:	f8ce 4008 	str.w	r4, [lr, #8]
1000a9f6:	2b00      	cmp	r3, #0
1000a9f8:	f000 8081 	beq.w	1000aafe <_free_r+0x166>
1000a9fc:	f041 0301 	orr.w	r3, r1, #1
1000aa00:	606b      	str	r3, [r5, #4]
1000aa02:	6001      	str	r1, [r0, #0]
1000aa04:	f5b1 7f00 	cmp.w	r1, #512	@ 0x200
1000aa08:	d222      	bcs.n	1000aa50 <_free_r+0xb8>
1000aa0a:	08cb      	lsrs	r3, r1, #3
1000aa0c:	2201      	movs	r2, #1
1000aa0e:	0949      	lsrs	r1, r1, #5
1000aa10:	3301      	adds	r3, #1
1000aa12:	408a      	lsls	r2, r1
1000aa14:	6879      	ldr	r1, [r7, #4]
1000aa16:	430a      	orrs	r2, r1
1000aa18:	f857 1033 	ldr.w	r1, [r7, r3, lsl #3]
1000aa1c:	607a      	str	r2, [r7, #4]
1000aa1e:	eb07 02c3 	add.w	r2, r7, r3, lsl #3
1000aa22:	3a08      	subs	r2, #8
1000aa24:	e9c5 1202 	strd	r1, r2, [r5, #8]
1000aa28:	f847 5033 	str.w	r5, [r7, r3, lsl #3]
1000aa2c:	60cd      	str	r5, [r1, #12]
1000aa2e:	4640      	mov	r0, r8
1000aa30:	e8bd 41f0 	ldmia.w	sp!, {r4, r5, r6, r7, r8, lr}
1000aa34:	f000 b9b8 	b.w	1000ada8 <__malloc_unlock>
1000aa38:	f8dc 3004 	ldr.w	r3, [ip, #4]
1000aa3c:	07db      	lsls	r3, r3, #31
1000aa3e:	d52b      	bpl.n	1000aa98 <_free_r+0x100>
1000aa40:	f041 0301 	orr.w	r3, r1, #1
1000aa44:	f5b1 7f00 	cmp.w	r1, #512	@ 0x200
1000aa48:	f844 3c04 	str.w	r3, [r4, #-4]
1000aa4c:	6001      	str	r1, [r0, #0]
1000aa4e:	d3dc      	bcc.n	1000aa0a <_free_r+0x72>
1000aa50:	f5b1 6f20 	cmp.w	r1, #2560	@ 0xa00
1000aa54:	ea4f 2351 	mov.w	r3, r1, lsr #9
1000aa58:	d253      	bcs.n	1000ab02 <_free_r+0x16a>
1000aa5a:	098b      	lsrs	r3, r1, #6
1000aa5c:	f103 0039 	add.w	r0, r3, #57	@ 0x39
1000aa60:	f103 0238 	add.w	r2, r3, #56	@ 0x38
1000aa64:	00c3      	lsls	r3, r0, #3
1000aa66:	18f8      	adds	r0, r7, r3
1000aa68:	58fb      	ldr	r3, [r7, r3]
1000aa6a:	3808      	subs	r0, #8
1000aa6c:	4298      	cmp	r0, r3
1000aa6e:	d103      	bne.n	1000aa78 <_free_r+0xe0>
1000aa70:	e061      	b.n	1000ab36 <_free_r+0x19e>
1000aa72:	689b      	ldr	r3, [r3, #8]
1000aa74:	4298      	cmp	r0, r3
1000aa76:	d004      	beq.n	1000aa82 <_free_r+0xea>
1000aa78:	685a      	ldr	r2, [r3, #4]
1000aa7a:	f022 0203 	bic.w	r2, r2, #3
1000aa7e:	428a      	cmp	r2, r1
1000aa80:	d8f7      	bhi.n	1000aa72 <_free_r+0xda>
1000aa82:	68d8      	ldr	r0, [r3, #12]
1000aa84:	e9c5 3002 	strd	r3, r0, [r5, #8]
1000aa88:	6085      	str	r5, [r0, #8]
1000aa8a:	4640      	mov	r0, r8
1000aa8c:	60dd      	str	r5, [r3, #12]
1000aa8e:	e8bd 41f0 	ldmia.w	sp!, {r4, r5, r6, r7, r8, lr}
1000aa92:	f000 b989 	b.w	1000ada8 <__malloc_unlock>
1000aa96:	4770      	bx	lr
1000aa98:	4411      	add	r1, r2
1000aa9a:	f107 0c08 	add.w	ip, r7, #8
1000aa9e:	6883      	ldr	r3, [r0, #8]
1000aaa0:	4563      	cmp	r3, ip
1000aaa2:	d03f      	beq.n	1000ab24 <_free_r+0x18c>
1000aaa4:	68c2      	ldr	r2, [r0, #12]
1000aaa6:	60da      	str	r2, [r3, #12]
1000aaa8:	6093      	str	r3, [r2, #8]
1000aaaa:	f041 0301 	orr.w	r3, r1, #1
1000aaae:	606b      	str	r3, [r5, #4]
1000aab0:	5069      	str	r1, [r5, r1]
1000aab2:	e7a7      	b.n	1000aa04 <_free_r+0x6c>
1000aab4:	2b00      	cmp	r3, #0
1000aab6:	d15f      	bne.n	1000ab78 <_free_r+0x1e0>
1000aab8:	440a      	add	r2, r1
1000aaba:	e9d0 1302 	ldrd	r1, r3, [r0, #8]
1000aabe:	60cb      	str	r3, [r1, #12]
1000aac0:	6099      	str	r1, [r3, #8]
1000aac2:	f042 0301 	orr.w	r3, r2, #1
1000aac6:	606b      	str	r3, [r5, #4]
1000aac8:	50aa      	str	r2, [r5, r2]
1000aaca:	e7b0      	b.n	1000aa2e <_free_r+0x96>
1000aacc:	07db      	lsls	r3, r3, #31
1000aace:	440a      	add	r2, r1
1000aad0:	d407      	bmi.n	1000aae2 <_free_r+0x14a>
1000aad2:	f854 3c08 	ldr.w	r3, [r4, #-8]
1000aad6:	1aed      	subs	r5, r5, r3
1000aad8:	441a      	add	r2, r3
1000aada:	e9d5 1302 	ldrd	r1, r3, [r5, #8]
1000aade:	60cb      	str	r3, [r1, #12]
1000aae0:	6099      	str	r1, [r3, #8]
1000aae2:	f042 0301 	orr.w	r3, r2, #1
1000aae6:	606b      	str	r3, [r5, #4]
1000aae8:	4b27      	ldr	r3, [pc, #156]	@ (1000ab88 <_free_r+0x1f0>)
1000aaea:	60bd      	str	r5, [r7, #8]
1000aaec:	681b      	ldr	r3, [r3, #0]
1000aaee:	4293      	cmp	r3, r2
1000aaf0:	d89d      	bhi.n	1000aa2e <_free_r+0x96>
1000aaf2:	4b26      	ldr	r3, [pc, #152]	@ (1000ab8c <_free_r+0x1f4>)
1000aaf4:	4640      	mov	r0, r8
1000aaf6:	6819      	ldr	r1, [r3, #0]
1000aaf8:	f7ff fef2 	bl	1000a8e0 <_malloc_trim_r>
1000aafc:	e797      	b.n	1000aa2e <_free_r+0x96>
1000aafe:	4411      	add	r1, r2
1000ab00:	e7cd      	b.n	1000aa9e <_free_r+0x106>
1000ab02:	2b14      	cmp	r3, #20
1000ab04:	d908      	bls.n	1000ab18 <_free_r+0x180>
1000ab06:	2b54      	cmp	r3, #84	@ 0x54
1000ab08:	d81d      	bhi.n	1000ab46 <_free_r+0x1ae>
1000ab0a:	0b0b      	lsrs	r3, r1, #12
1000ab0c:	f103 006f 	add.w	r0, r3, #111	@ 0x6f
1000ab10:	f103 026e 	add.w	r2, r3, #110	@ 0x6e
1000ab14:	00c3      	lsls	r3, r0, #3
1000ab16:	e7a6      	b.n	1000aa66 <_free_r+0xce>
1000ab18:	f103 005c 	add.w	r0, r3, #92	@ 0x5c
1000ab1c:	f103 025b 	add.w	r2, r3, #91	@ 0x5b
1000ab20:	00c3      	lsls	r3, r0, #3
1000ab22:	e7a0      	b.n	1000aa66 <_free_r+0xce>
1000ab24:	f041 0301 	orr.w	r3, r1, #1
1000ab28:	e9c7 5504 	strd	r5, r5, [r7, #16]
1000ab2c:	e9c5 cc02 	strd	ip, ip, [r5, #8]
1000ab30:	606b      	str	r3, [r5, #4]
1000ab32:	5069      	str	r1, [r5, r1]
1000ab34:	e77b      	b.n	1000aa2e <_free_r+0x96>
1000ab36:	2101      	movs	r1, #1
1000ab38:	1092      	asrs	r2, r2, #2
1000ab3a:	fa01 f202 	lsl.w	r2, r1, r2
1000ab3e:	6879      	ldr	r1, [r7, #4]
1000ab40:	430a      	orrs	r2, r1
1000ab42:	607a      	str	r2, [r7, #4]
1000ab44:	e79e      	b.n	1000aa84 <_free_r+0xec>
1000ab46:	f5b3 7faa 	cmp.w	r3, #340	@ 0x154
1000ab4a:	d806      	bhi.n	1000ab5a <_free_r+0x1c2>
1000ab4c:	0bcb      	lsrs	r3, r1, #15
1000ab4e:	f103 0078 	add.w	r0, r3, #120	@ 0x78
1000ab52:	f103 0277 	add.w	r2, r3, #119	@ 0x77
1000ab56:	00c3      	lsls	r3, r0, #3
1000ab58:	e785      	b.n	1000aa66 <_free_r+0xce>
1000ab5a:	f240 5254 	movw	r2, #1364	@ 0x554
1000ab5e:	4293      	cmp	r3, r2
1000ab60:	d806      	bhi.n	1000ab70 <_free_r+0x1d8>
1000ab62:	0c8b      	lsrs	r3, r1, #18
1000ab64:	f103 007d 	add.w	r0, r3, #125	@ 0x7d
1000ab68:	f103 027c 	add.w	r2, r3, #124	@ 0x7c
1000ab6c:	00c3      	lsls	r3, r0, #3
1000ab6e:	e77a      	b.n	1000aa66 <_free_r+0xce>
1000ab70:	f44f 737e 	mov.w	r3, #1016	@ 0x3f8
1000ab74:	227e      	movs	r2, #126	@ 0x7e
1000ab76:	e776      	b.n	1000aa66 <_free_r+0xce>
1000ab78:	f041 0301 	orr.w	r3, r1, #1
1000ab7c:	606b      	str	r3, [r5, #4]
1000ab7e:	6001      	str	r1, [r0, #0]
1000ab80:	e755      	b.n	1000aa2e <_free_r+0x96>
1000ab82:	bf00      	nop
1000ab84:	20002410 	.word	0x20002410
1000ab88:	2000281c 	.word	0x2000281c
1000ab8c:	20002cf4 	.word	0x20002cf4

1000ab90 <memcmp>:
1000ab90:	2a03      	cmp	r2, #3
1000ab92:	b430      	push	{r4, r5}
1000ab94:	d915      	bls.n	1000abc2 <memcmp+0x32>
1000ab96:	ea41 0400 	orr.w	r4, r1, r0
1000ab9a:	4684      	mov	ip, r0
1000ab9c:	460b      	mov	r3, r1
1000ab9e:	07a4      	lsls	r4, r4, #30
1000aba0:	d004      	beq.n	1000abac <memcmp+0x1c>
1000aba2:	1e54      	subs	r4, r2, #1
1000aba4:	e00f      	b.n	1000abc6 <memcmp+0x36>
1000aba6:	3a04      	subs	r2, #4
1000aba8:	2a03      	cmp	r2, #3
1000abaa:	d908      	bls.n	1000abbe <memcmp+0x2e>
1000abac:	4619      	mov	r1, r3
1000abae:	4660      	mov	r0, ip
1000abb0:	f853 4b04 	ldr.w	r4, [r3], #4
1000abb4:	f85c 5b04 	ldr.w	r5, [ip], #4
1000abb8:	42a5      	cmp	r5, r4
1000abba:	d0f4      	beq.n	1000aba6 <memcmp+0x16>
1000abbc:	e7f1      	b.n	1000aba2 <memcmp+0x12>
1000abbe:	4660      	mov	r0, ip
1000abc0:	4619      	mov	r1, r3
1000abc2:	1e54      	subs	r4, r2, #1
1000abc4:	b17a      	cbz	r2, 1000abe6 <memcmp+0x56>
1000abc6:	1e43      	subs	r3, r0, #1
1000abc8:	3901      	subs	r1, #1
1000abca:	1902      	adds	r2, r0, r4
1000abcc:	e001      	b.n	1000abd2 <memcmp+0x42>
1000abce:	429a      	cmp	r2, r3
1000abd0:	d009      	beq.n	1000abe6 <memcmp+0x56>
1000abd2:	f813 0f01 	ldrb.w	r0, [r3, #1]!
1000abd6:	f811 cf01 	ldrb.w	ip, [r1, #1]!
1000abda:	4560      	cmp	r0, ip
1000abdc:	d0f7      	beq.n	1000abce <memcmp+0x3e>
1000abde:	eba0 000c 	sub.w	r0, r0, ip
1000abe2:	bc30      	pop	{r4, r5}
1000abe4:	4770      	bx	lr
1000abe6:	2000      	movs	r0, #0
1000abe8:	bc30      	pop	{r4, r5}
1000abea:	4770      	bx	lr

1000abec <malloc>:
1000abec:	4b02      	ldr	r3, [pc, #8]	@ (1000abf8 <malloc+0xc>)
1000abee:	4601      	mov	r1, r0
1000abf0:	6818      	ldr	r0, [r3, #0]
1000abf2:	f7ff bbd1 	b.w	1000a398 <_malloc_r>
1000abf6:	bf00      	nop
1000abf8:	200022e8 	.word	0x200022e8

1000abfc <free>:
1000abfc:	4b02      	ldr	r3, [pc, #8]	@ (1000ac08 <free+0xc>)
1000abfe:	4601      	mov	r1, r0
1000ac00:	6818      	ldr	r0, [r3, #0]
1000ac02:	f7ff bec9 	b.w	1000a998 <_free_r>
1000ac06:	bf00      	nop
1000ac08:	200022e8 	.word	0x200022e8

1000ac0c <memcpy>:
1000ac0c:	4684      	mov	ip, r0
1000ac0e:	ea41 0300 	orr.w	r3, r1, r0
1000ac12:	f013 0303 	ands.w	r3, r3, #3
1000ac16:	d149      	bne.n	1000acac <memcpy+0xa0>
1000ac18:	3a40      	subs	r2, #64	@ 0x40
1000ac1a:	d323      	bcc.n	1000ac64 <memcpy+0x58>
1000ac1c:	680b      	ldr	r3, [r1, #0]
1000ac1e:	6003      	str	r3, [r0, #0]
1000ac20:	684b      	ldr	r3, [r1, #4]
1000ac22:	6043      	str	r3, [r0, #4]
1000ac24:	688b      	ldr	r3, [r1, #8]
1000ac26:	6083      	str	r3, [r0, #8]
1000ac28:	68cb      	ldr	r3, [r1, #12]
1000ac2a:	60c3      	str	r3, [r0, #12]
1000ac2c:	690b      	ldr	r3, [r1, #16]
1000ac2e:	6103      	str	r3, [r0, #16]
1000ac30:	694b      	ldr	r3, [r1, #20]
1000ac32:	6143      	str	r3, [r0, #20]
1000ac34:	698b      	ldr	r3, [r1, #24]
1000ac36:	6183      	str	r3, [r0, #24]
1000ac38:	69cb      	ldr	r3, [r1, #28]
1000ac3a:	61c3      	str	r3, [r0, #28]
1000ac3c:	6a0b      	ldr	r3, [r1, #32]
1000ac3e:	6203      	str	r3, [r0, #32]
1000ac40:	6a4b      	ldr	r3, [r1, #36]	@ 0x24
1000ac42:	6243      	str	r3, [r0, #36]	@ 0x24
1000ac44:	6a8b      	ldr	r3, [r1, #40]	@ 0x28
1000ac46:	6283      	str	r3, [r0, #40]	@ 0x28
1000ac48:	6acb      	ldr	r3, [r1, #44]	@ 0x2c
1000ac4a:	62c3      	str	r3, [r0, #44]	@ 0x2c
1000ac4c:	6b0b      	ldr	r3, [r1, #48]	@ 0x30
1000ac4e:	6303      	str	r3, [r0, #48]	@ 0x30
1000ac50:	6b4b      	ldr	r3, [r1, #52]	@ 0x34
1000ac52:	6343      	str	r3, [r0, #52]	@ 0x34
1000ac54:	6b8b      	ldr	r3, [r1, #56]	@ 0x38
1000ac56:	6383      	str	r3, [r0, #56]	@ 0x38
1000ac58:	6bcb      	ldr	r3, [r1, #60]	@ 0x3c
1000ac5a:	63c3      	str	r3, [r0, #60]	@ 0x3c
1000ac5c:	3040      	adds	r0, #64	@ 0x40
1000ac5e:	3140      	adds	r1, #64	@ 0x40
1000ac60:	3a40      	subs	r2, #64	@ 0x40
1000ac62:	d2db      	bcs.n	1000ac1c <memcpy+0x10>
1000ac64:	3230      	adds	r2, #48	@ 0x30
1000ac66:	d30b      	bcc.n	1000ac80 <memcpy+0x74>
1000ac68:	680b      	ldr	r3, [r1, #0]
1000ac6a:	6003      	str	r3, [r0, #0]
1000ac6c:	684b      	ldr	r3, [r1, #4]
1000ac6e:	6043      	str	r3, [r0, #4]
1000ac70:	688b      	ldr	r3, [r1, #8]
1000ac72:	6083      	str	r3, [r0, #8]
1000ac74:	68cb      	ldr	r3, [r1, #12]
1000ac76:	60c3      	str	r3, [r0, #12]
1000ac78:	3010      	adds	r0, #16
1000ac7a:	3110      	adds	r1, #16
1000ac7c:	3a10      	subs	r2, #16
1000ac7e:	d2f3      	bcs.n	1000ac68 <memcpy+0x5c>
1000ac80:	320c      	adds	r2, #12
1000ac82:	d305      	bcc.n	1000ac90 <memcpy+0x84>
1000ac84:	f851 3b04 	ldr.w	r3, [r1], #4
1000ac88:	f840 3b04 	str.w	r3, [r0], #4
1000ac8c:	3a04      	subs	r2, #4
1000ac8e:	d2f9      	bcs.n	1000ac84 <memcpy+0x78>
1000ac90:	3204      	adds	r2, #4
1000ac92:	d008      	beq.n	1000aca6 <memcpy+0x9a>
1000ac94:	07d2      	lsls	r2, r2, #31
1000ac96:	bf1c      	itt	ne
1000ac98:	f811 3b01 	ldrbne.w	r3, [r1], #1
1000ac9c:	f800 3b01 	strbne.w	r3, [r0], #1
1000aca0:	d301      	bcc.n	1000aca6 <memcpy+0x9a>
1000aca2:	880b      	ldrh	r3, [r1, #0]
1000aca4:	8003      	strh	r3, [r0, #0]
1000aca6:	4660      	mov	r0, ip
1000aca8:	4770      	bx	lr
1000acaa:	bf00      	nop
1000acac:	2a08      	cmp	r2, #8
1000acae:	d313      	bcc.n	1000acd8 <memcpy+0xcc>
1000acb0:	078b      	lsls	r3, r1, #30
1000acb2:	d0b1      	beq.n	1000ac18 <memcpy+0xc>
1000acb4:	f010 0303 	ands.w	r3, r0, #3
1000acb8:	d0ae      	beq.n	1000ac18 <memcpy+0xc>
1000acba:	f1c3 0304 	rsb	r3, r3, #4
1000acbe:	1ad2      	subs	r2, r2, r3
1000acc0:	07db      	lsls	r3, r3, #31
1000acc2:	bf1c      	itt	ne
1000acc4:	f811 3b01 	ldrbne.w	r3, [r1], #1
1000acc8:	f800 3b01 	strbne.w	r3, [r0], #1
1000accc:	d3a4      	bcc.n	1000ac18 <memcpy+0xc>
1000acce:	f831 3b02 	ldrh.w	r3, [r1], #2
1000acd2:	f820 3b02 	strh.w	r3, [r0], #2
1000acd6:	e79f      	b.n	1000ac18 <memcpy+0xc>
1000acd8:	3a04      	subs	r2, #4
1000acda:	d3d9      	bcc.n	1000ac90 <memcpy+0x84>
1000acdc:	3a01      	subs	r2, #1
1000acde:	f811 3b01 	ldrb.w	r3, [r1], #1
1000ace2:	f800 3b01 	strb.w	r3, [r0], #1
1000ace6:	d2f9      	bcs.n	1000acdc <memcpy+0xd0>
1000ace8:	780b      	ldrb	r3, [r1, #0]
1000acea:	7003      	strb	r3, [r0, #0]
1000acec:	784b      	ldrb	r3, [r1, #1]
1000acee:	7043      	strb	r3, [r0, #1]
1000acf0:	788b      	ldrb	r3, [r1, #2]
1000acf2:	7083      	strb	r3, [r0, #2]
1000acf4:	4660      	mov	r0, ip
1000acf6:	4770      	bx	lr

1000acf8 <sysconf>:
1000acf8:	2808      	cmp	r0, #8
1000acfa:	d102      	bne.n	1000ad02 <sysconf+0xa>
1000acfc:	f44f 5080 	mov.w	r0, #4096	@ 0x1000
1000ad00:	4770      	bx	lr
1000ad02:	b508      	push	{r3, lr}
1000ad04:	f7ff fb3a 	bl	1000a37c <__errno>
1000ad08:	2216      	movs	r2, #22
1000ad0a:	4603      	mov	r3, r0
1000ad0c:	f04f 30ff 	mov.w	r0, #4294967295	@ 0xffffffff
1000ad10:	601a      	str	r2, [r3, #0]
1000ad12:	bd08      	pop	{r3, pc}

1000ad14 <_findenv_r>:
1000ad14:	e92d 47f0 	stmdb	sp!, {r4, r5, r6, r7, r8, r9, sl, lr}
1000ad18:	f8df 9074 	ldr.w	r9, [pc, #116]	@ 1000ad90 <_findenv_r+0x7c>
1000ad1c:	4680      	mov	r8, r0
1000ad1e:	460e      	mov	r6, r1
1000ad20:	4617      	mov	r7, r2
1000ad22:	f000 f9dd 	bl	1000b0e0 <__env_lock>
1000ad26:	f8d9 5000 	ldr.w	r5, [r9]
1000ad2a:	b14d      	cbz	r5, 1000ad40 <_findenv_r+0x2c>
1000ad2c:	7833      	ldrb	r3, [r6, #0]
1000ad2e:	4634      	mov	r4, r6
1000ad30:	b163      	cbz	r3, 1000ad4c <_findenv_r+0x38>
1000ad32:	2b3d      	cmp	r3, #61	@ 0x3d
1000ad34:	d00a      	beq.n	1000ad4c <_findenv_r+0x38>
1000ad36:	f814 3f01 	ldrb.w	r3, [r4, #1]!
1000ad3a:	b13b      	cbz	r3, 1000ad4c <_findenv_r+0x38>
1000ad3c:	2b3d      	cmp	r3, #61	@ 0x3d
1000ad3e:	d1fa      	bne.n	1000ad36 <_findenv_r+0x22>
1000ad40:	4640      	mov	r0, r8
1000ad42:	f000 f9cf 	bl	1000b0e4 <__env_unlock>
1000ad46:	2000      	movs	r0, #0
1000ad48:	e8bd 87f0 	ldmia.w	sp!, {r4, r5, r6, r7, r8, r9, sl, pc}
1000ad4c:	2b3d      	cmp	r3, #61	@ 0x3d
1000ad4e:	d0f7      	beq.n	1000ad40 <_findenv_r+0x2c>
1000ad50:	6828      	ldr	r0, [r5, #0]
1000ad52:	1ba4      	subs	r4, r4, r6
1000ad54:	2800      	cmp	r0, #0
1000ad56:	d0f3      	beq.n	1000ad40 <_findenv_r+0x2c>
1000ad58:	4622      	mov	r2, r4
1000ad5a:	4631      	mov	r1, r6
1000ad5c:	f000 f9dc 	bl	1000b118 <strncmp>
1000ad60:	b928      	cbnz	r0, 1000ad6e <_findenv_r+0x5a>
1000ad62:	6828      	ldr	r0, [r5, #0]
1000ad64:	5d03      	ldrb	r3, [r0, r4]
1000ad66:	eb00 0a04 	add.w	sl, r0, r4
1000ad6a:	2b3d      	cmp	r3, #61	@ 0x3d
1000ad6c:	d004      	beq.n	1000ad78 <_findenv_r+0x64>
1000ad6e:	f855 0f04 	ldr.w	r0, [r5, #4]!
1000ad72:	2800      	cmp	r0, #0
1000ad74:	d1f0      	bne.n	1000ad58 <_findenv_r+0x44>
1000ad76:	e7e3      	b.n	1000ad40 <_findenv_r+0x2c>
1000ad78:	f8d9 3000 	ldr.w	r3, [r9]
1000ad7c:	4640      	mov	r0, r8
1000ad7e:	1aed      	subs	r5, r5, r3
1000ad80:	10ad      	asrs	r5, r5, #2
1000ad82:	603d      	str	r5, [r7, #0]
1000ad84:	f000 f9ae 	bl	1000b0e4 <__env_unlock>
1000ad88:	f10a 0001 	add.w	r0, sl, #1
1000ad8c:	e8bd 87f0 	ldmia.w	sp!, {r4, r5, r6, r7, r8, r9, sl, pc}
1000ad90:	20002820 	.word	0x20002820

1000ad94 <_getenv_r>:
1000ad94:	b500      	push	{lr}
1000ad96:	b083      	sub	sp, #12
1000ad98:	aa01      	add	r2, sp, #4
1000ad9a:	f7ff ffbb 	bl	1000ad14 <_findenv_r>
1000ad9e:	b003      	add	sp, #12
1000ada0:	f85d fb04 	ldr.w	pc, [sp], #4

1000ada4 <__malloc_lock>:
1000ada4:	4770      	bx	lr
1000ada6:	bf00      	nop

1000ada8 <__malloc_unlock>:
1000ada8:	4770      	bx	lr
1000adaa:	bf00      	nop

1000adac <atexit>:
1000adac:	2300      	movs	r3, #0
1000adae:	4601      	mov	r1, r0
1000adb0:	461a      	mov	r2, r3
1000adb2:	4618      	mov	r0, r3
1000adb4:	f000 b9f0 	b.w	1000b198 <__register_exitproc>

1000adb8 <strlen>:
1000adb8:	f020 0103 	bic.w	r1, r0, #3
1000adbc:	f010 0003 	ands.w	r0, r0, #3
1000adc0:	f1c0 0000 	rsb	r0, r0, #0
1000adc4:	f851 3b04 	ldr.w	r3, [r1], #4
1000adc8:	f100 0c04 	add.w	ip, r0, #4
1000adcc:	ea4f 0ccc 	mov.w	ip, ip, lsl #3
1000add0:	f06f 0200 	mvn.w	r2, #0
1000add4:	bf1c      	itt	ne
1000add6:	fa22 f20c 	lsrne.w	r2, r2, ip
1000adda:	4313      	orrne	r3, r2
1000addc:	f04f 0c01 	mov.w	ip, #1
1000ade0:	ea4c 2c0c 	orr.w	ip, ip, ip, lsl #8
1000ade4:	ea4c 4c0c 	orr.w	ip, ip, ip, lsl #16
1000ade8:	eba3 020c 	sub.w	r2, r3, ip
1000adec:	ea22 0203 	bic.w	r2, r2, r3
1000adf0:	ea12 12cc 	ands.w	r2, r2, ip, lsl #7
1000adf4:	bf04      	itt	eq
1000adf6:	f851 3b04 	ldreq.w	r3, [r1], #4
1000adfa:	3004      	addeq	r0, #4
1000adfc:	d0f4      	beq.n	1000ade8 <strlen+0x30>
1000adfe:	f1c2 0100 	rsb	r1, r2, #0
1000ae02:	ea02 0201 	and.w	r2, r2, r1
1000ae06:	fab2 f282 	clz	r2, r2
1000ae0a:	f1c2 021f 	rsb	r2, r2, #31
1000ae0e:	eb00 00d2 	add.w	r0, r0, r2, lsr #3
1000ae12:	4770      	bx	lr

1000ae14 <_sbrk_r>:
1000ae14:	b538      	push	{r3, r4, r5, lr}
1000ae16:	2200      	movs	r2, #0
1000ae18:	4d06      	ldr	r5, [pc, #24]	@ (1000ae34 <_sbrk_r+0x20>)
1000ae1a:	4604      	mov	r4, r0
1000ae1c:	4608      	mov	r0, r1
1000ae1e:	602a      	str	r2, [r5, #0]
1000ae20:	f7f8 fbc2 	bl	100035a8 <_sbrk>
1000ae24:	1c43      	adds	r3, r0, #1
1000ae26:	d000      	beq.n	1000ae2a <_sbrk_r+0x16>
1000ae28:	bd38      	pop	{r3, r4, r5, pc}
1000ae2a:	682b      	ldr	r3, [r5, #0]
1000ae2c:	2b00      	cmp	r3, #0
1000ae2e:	d0fb      	beq.n	1000ae28 <_sbrk_r+0x14>
1000ae30:	6023      	str	r3, [r4, #0]
1000ae32:	bd38      	pop	{r3, r4, r5, pc}
1000ae34:	20002e68 	.word	0x20002e68

1000ae38 <_init_signal_r>:
1000ae38:	b538      	push	{r3, r4, r5, lr}
1000ae3a:	f8d0 4118 	ldr.w	r4, [r0, #280]	@ 0x118
1000ae3e:	b10c      	cbz	r4, 1000ae44 <_init_signal_r+0xc>
1000ae40:	2000      	movs	r0, #0
1000ae42:	bd38      	pop	{r3, r4, r5, pc}
1000ae44:	4605      	mov	r5, r0
1000ae46:	2180      	movs	r1, #128	@ 0x80
1000ae48:	f7ff faa6 	bl	1000a398 <_malloc_r>
1000ae4c:	4602      	mov	r2, r0
1000ae4e:	f8c5 0118 	str.w	r0, [r5, #280]	@ 0x118
1000ae52:	b130      	cbz	r0, 1000ae62 <_init_signal_r+0x2a>
1000ae54:	1f03      	subs	r3, r0, #4
1000ae56:	327c      	adds	r2, #124	@ 0x7c
1000ae58:	f843 4f04 	str.w	r4, [r3, #4]!
1000ae5c:	4293      	cmp	r3, r2
1000ae5e:	d1fb      	bne.n	1000ae58 <_init_signal_r+0x20>
1000ae60:	e7ee      	b.n	1000ae40 <_init_signal_r+0x8>
1000ae62:	f04f 30ff 	mov.w	r0, #4294967295	@ 0xffffffff
1000ae66:	bd38      	pop	{r3, r4, r5, pc}

1000ae68 <_signal_r>:
1000ae68:	291f      	cmp	r1, #31
1000ae6a:	b530      	push	{r4, r5, lr}
1000ae6c:	4605      	mov	r5, r0
1000ae6e:	b083      	sub	sp, #12
1000ae70:	d809      	bhi.n	1000ae86 <_signal_r+0x1e>
1000ae72:	f8d0 3118 	ldr.w	r3, [r0, #280]	@ 0x118
1000ae76:	460c      	mov	r4, r1
1000ae78:	b153      	cbz	r3, 1000ae90 <_signal_r+0x28>
1000ae7a:	f853 0024 	ldr.w	r0, [r3, r4, lsl #2]
1000ae7e:	f843 2024 	str.w	r2, [r3, r4, lsl #2]
1000ae82:	b003      	add	sp, #12
1000ae84:	bd30      	pop	{r4, r5, pc}
1000ae86:	2316      	movs	r3, #22
1000ae88:	6003      	str	r3, [r0, #0]
1000ae8a:	f04f 30ff 	mov.w	r0, #4294967295	@ 0xffffffff
1000ae8e:	e7f8      	b.n	1000ae82 <_signal_r+0x1a>
1000ae90:	2180      	movs	r1, #128	@ 0x80
1000ae92:	9201      	str	r2, [sp, #4]
1000ae94:	f7ff fa80 	bl	1000a398 <_malloc_r>
1000ae98:	9a01      	ldr	r2, [sp, #4]
1000ae9a:	4603      	mov	r3, r0
1000ae9c:	f8c5 0118 	str.w	r0, [r5, #280]	@ 0x118
1000aea0:	2800      	cmp	r0, #0
1000aea2:	d0f2      	beq.n	1000ae8a <_signal_r+0x22>
1000aea4:	1f01      	subs	r1, r0, #4
1000aea6:	f100 057c 	add.w	r5, r0, #124	@ 0x7c
1000aeaa:	2000      	movs	r0, #0
1000aeac:	f841 0f04 	str.w	r0, [r1, #4]!
1000aeb0:	42a9      	cmp	r1, r5
1000aeb2:	d1fb      	bne.n	1000aeac <_signal_r+0x44>
1000aeb4:	e7e1      	b.n	1000ae7a <_signal_r+0x12>
1000aeb6:	bf00      	nop

1000aeb8 <_raise_r>:
1000aeb8:	291f      	cmp	r1, #31
1000aeba:	b538      	push	{r3, r4, r5, lr}
1000aebc:	4605      	mov	r5, r0
1000aebe:	d81f      	bhi.n	1000af00 <_raise_r+0x48>
1000aec0:	f8d0 2118 	ldr.w	r2, [r0, #280]	@ 0x118
1000aec4:	460c      	mov	r4, r1
1000aec6:	b16a      	cbz	r2, 1000aee4 <_raise_r+0x2c>
1000aec8:	f852 3021 	ldr.w	r3, [r2, r1, lsl #2]
1000aecc:	b153      	cbz	r3, 1000aee4 <_raise_r+0x2c>
1000aece:	2b01      	cmp	r3, #1
1000aed0:	d006      	beq.n	1000aee0 <_raise_r+0x28>
1000aed2:	1c59      	adds	r1, r3, #1
1000aed4:	d010      	beq.n	1000aef8 <_raise_r+0x40>
1000aed6:	2100      	movs	r1, #0
1000aed8:	4620      	mov	r0, r4
1000aeda:	f842 1024 	str.w	r1, [r2, r4, lsl #2]
1000aede:	4798      	blx	r3
1000aee0:	2000      	movs	r0, #0
1000aee2:	bd38      	pop	{r3, r4, r5, pc}
1000aee4:	4628      	mov	r0, r5
1000aee6:	f000 f915 	bl	1000b114 <_getpid_r>
1000aeea:	4622      	mov	r2, r4
1000aeec:	4601      	mov	r1, r0
1000aeee:	4628      	mov	r0, r5
1000aef0:	e8bd 4038 	ldmia.w	sp!, {r3, r4, r5, lr}
1000aef4:	f000 b8f8 	b.w	1000b0e8 <_kill_r>
1000aef8:	2316      	movs	r3, #22
1000aefa:	2001      	movs	r0, #1
1000aefc:	602b      	str	r3, [r5, #0]
1000aefe:	bd38      	pop	{r3, r4, r5, pc}
1000af00:	2316      	movs	r3, #22
1000af02:	f04f 30ff 	mov.w	r0, #4294967295	@ 0xffffffff
1000af06:	602b      	str	r3, [r5, #0]
1000af08:	bd38      	pop	{r3, r4, r5, pc}
1000af0a:	bf00      	nop

1000af0c <__sigtramp_r>:
1000af0c:	291f      	cmp	r1, #31
1000af0e:	d82c      	bhi.n	1000af6a <__sigtramp_r+0x5e>
1000af10:	b538      	push	{r3, r4, r5, lr}
1000af12:	f8d0 3118 	ldr.w	r3, [r0, #280]	@ 0x118
1000af16:	460c      	mov	r4, r1
1000af18:	4605      	mov	r5, r0
1000af1a:	b1a3      	cbz	r3, 1000af46 <__sigtramp_r+0x3a>
1000af1c:	f853 2024 	ldr.w	r2, [r3, r4, lsl #2]
1000af20:	eb03 0384 	add.w	r3, r3, r4, lsl #2
1000af24:	b14a      	cbz	r2, 1000af3a <__sigtramp_r+0x2e>
1000af26:	1c51      	adds	r1, r2, #1
1000af28:	d00b      	beq.n	1000af42 <__sigtramp_r+0x36>
1000af2a:	2a01      	cmp	r2, #1
1000af2c:	d007      	beq.n	1000af3e <__sigtramp_r+0x32>
1000af2e:	2500      	movs	r5, #0
1000af30:	4620      	mov	r0, r4
1000af32:	601d      	str	r5, [r3, #0]
1000af34:	4790      	blx	r2
1000af36:	4628      	mov	r0, r5
1000af38:	bd38      	pop	{r3, r4, r5, pc}
1000af3a:	2001      	movs	r0, #1
1000af3c:	bd38      	pop	{r3, r4, r5, pc}
1000af3e:	2003      	movs	r0, #3
1000af40:	bd38      	pop	{r3, r4, r5, pc}
1000af42:	2002      	movs	r0, #2
1000af44:	bd38      	pop	{r3, r4, r5, pc}
1000af46:	2180      	movs	r1, #128	@ 0x80
1000af48:	f7ff fa26 	bl	1000a398 <_malloc_r>
1000af4c:	4603      	mov	r3, r0
1000af4e:	f8c5 0118 	str.w	r0, [r5, #280]	@ 0x118
1000af52:	b138      	cbz	r0, 1000af64 <__sigtramp_r+0x58>
1000af54:	1f02      	subs	r2, r0, #4
1000af56:	2100      	movs	r1, #0
1000af58:	307c      	adds	r0, #124	@ 0x7c
1000af5a:	f842 1f04 	str.w	r1, [r2, #4]!
1000af5e:	4282      	cmp	r2, r0
1000af60:	d1fb      	bne.n	1000af5a <__sigtramp_r+0x4e>
1000af62:	e7db      	b.n	1000af1c <__sigtramp_r+0x10>
1000af64:	f04f 30ff 	mov.w	r0, #4294967295	@ 0xffffffff
1000af68:	bd38      	pop	{r3, r4, r5, pc}
1000af6a:	f04f 30ff 	mov.w	r0, #4294967295	@ 0xffffffff
1000af6e:	4770      	bx	lr

1000af70 <raise>:
1000af70:	b538      	push	{r3, r4, r5, lr}
1000af72:	281f      	cmp	r0, #31
1000af74:	4b13      	ldr	r3, [pc, #76]	@ (1000afc4 <raise+0x54>)
1000af76:	681d      	ldr	r5, [r3, #0]
1000af78:	d81e      	bhi.n	1000afb8 <raise+0x48>
1000af7a:	f8d5 2118 	ldr.w	r2, [r5, #280]	@ 0x118
1000af7e:	4604      	mov	r4, r0
1000af80:	b162      	cbz	r2, 1000af9c <raise+0x2c>
1000af82:	f852 3020 	ldr.w	r3, [r2, r0, lsl #2]
1000af86:	b14b      	cbz	r3, 1000af9c <raise+0x2c>
1000af88:	2b01      	cmp	r3, #1
1000af8a:	d005      	beq.n	1000af98 <raise+0x28>
1000af8c:	1c59      	adds	r1, r3, #1
1000af8e:	d00f      	beq.n	1000afb0 <raise+0x40>
1000af90:	2100      	movs	r1, #0
1000af92:	f842 1020 	str.w	r1, [r2, r0, lsl #2]
1000af96:	4798      	blx	r3
1000af98:	2000      	movs	r0, #0
1000af9a:	bd38      	pop	{r3, r4, r5, pc}
1000af9c:	4628      	mov	r0, r5
1000af9e:	f000 f8b9 	bl	1000b114 <_getpid_r>
1000afa2:	4622      	mov	r2, r4
1000afa4:	4601      	mov	r1, r0
1000afa6:	4628      	mov	r0, r5
1000afa8:	e8bd 4038 	ldmia.w	sp!, {r3, r4, r5, lr}
1000afac:	f000 b89c 	b.w	1000b0e8 <_kill_r>
1000afb0:	2316      	movs	r3, #22
1000afb2:	2001      	movs	r0, #1
1000afb4:	602b      	str	r3, [r5, #0]
1000afb6:	bd38      	pop	{r3, r4, r5, pc}
1000afb8:	2316      	movs	r3, #22
1000afba:	f04f 30ff 	mov.w	r0, #4294967295	@ 0xffffffff
1000afbe:	602b      	str	r3, [r5, #0]
1000afc0:	bd38      	pop	{r3, r4, r5, pc}
1000afc2:	bf00      	nop
1000afc4:	200022e8 	.word	0x200022e8

1000afc8 <signal>:
1000afc8:	4b12      	ldr	r3, [pc, #72]	@ (1000b014 <signal+0x4c>)
1000afca:	281f      	cmp	r0, #31
1000afcc:	b570      	push	{r4, r5, r6, lr}
1000afce:	681e      	ldr	r6, [r3, #0]
1000afd0:	d809      	bhi.n	1000afe6 <signal+0x1e>
1000afd2:	f8d6 3118 	ldr.w	r3, [r6, #280]	@ 0x118
1000afd6:	4604      	mov	r4, r0
1000afd8:	460d      	mov	r5, r1
1000afda:	b14b      	cbz	r3, 1000aff0 <signal+0x28>
1000afdc:	f853 0024 	ldr.w	r0, [r3, r4, lsl #2]
1000afe0:	f843 5024 	str.w	r5, [r3, r4, lsl #2]
1000afe4:	bd70      	pop	{r4, r5, r6, pc}
1000afe6:	2316      	movs	r3, #22
1000afe8:	6033      	str	r3, [r6, #0]
1000afea:	f04f 30ff 	mov.w	r0, #4294967295	@ 0xffffffff
1000afee:	bd70      	pop	{r4, r5, r6, pc}
1000aff0:	2180      	movs	r1, #128	@ 0x80
1000aff2:	4630      	mov	r0, r6
1000aff4:	f7ff f9d0 	bl	1000a398 <_malloc_r>
1000aff8:	4603      	mov	r3, r0
1000affa:	f8c6 0118 	str.w	r0, [r6, #280]	@ 0x118
1000affe:	2800      	cmp	r0, #0
1000b000:	d0f3      	beq.n	1000afea <signal+0x22>
1000b002:	1f02      	subs	r2, r0, #4
1000b004:	2100      	movs	r1, #0
1000b006:	307c      	adds	r0, #124	@ 0x7c
1000b008:	f842 1f04 	str.w	r1, [r2, #4]!
1000b00c:	4282      	cmp	r2, r0
1000b00e:	d1fb      	bne.n	1000b008 <signal+0x40>
1000b010:	e7e4      	b.n	1000afdc <signal+0x14>
1000b012:	bf00      	nop
1000b014:	200022e8 	.word	0x200022e8

1000b018 <_init_signal>:
1000b018:	b538      	push	{r3, r4, r5, lr}
1000b01a:	4b0c      	ldr	r3, [pc, #48]	@ (1000b04c <_init_signal+0x34>)
1000b01c:	681d      	ldr	r5, [r3, #0]
1000b01e:	f8d5 4118 	ldr.w	r4, [r5, #280]	@ 0x118
1000b022:	b10c      	cbz	r4, 1000b028 <_init_signal+0x10>
1000b024:	2000      	movs	r0, #0
1000b026:	bd38      	pop	{r3, r4, r5, pc}
1000b028:	2180      	movs	r1, #128	@ 0x80
1000b02a:	4628      	mov	r0, r5
1000b02c:	f7ff f9b4 	bl	1000a398 <_malloc_r>
1000b030:	f8c5 0118 	str.w	r0, [r5, #280]	@ 0x118
1000b034:	b138      	cbz	r0, 1000b046 <_init_signal+0x2e>
1000b036:	1f03      	subs	r3, r0, #4
1000b038:	f100 027c 	add.w	r2, r0, #124	@ 0x7c
1000b03c:	f843 4f04 	str.w	r4, [r3, #4]!
1000b040:	4293      	cmp	r3, r2
1000b042:	d1fb      	bne.n	1000b03c <_init_signal+0x24>
1000b044:	e7ee      	b.n	1000b024 <_init_signal+0xc>
1000b046:	f04f 30ff 	mov.w	r0, #4294967295	@ 0xffffffff
1000b04a:	bd38      	pop	{r3, r4, r5, pc}
1000b04c:	200022e8 	.word	0x200022e8

1000b050 <__sigtramp>:
1000b050:	b538      	push	{r3, r4, r5, lr}
1000b052:	281f      	cmp	r0, #31
1000b054:	4b17      	ldr	r3, [pc, #92]	@ (1000b0b4 <__sigtramp+0x64>)
1000b056:	681d      	ldr	r5, [r3, #0]
1000b058:	d828      	bhi.n	1000b0ac <__sigtramp+0x5c>
1000b05a:	4604      	mov	r4, r0
1000b05c:	f8d5 0118 	ldr.w	r0, [r5, #280]	@ 0x118
1000b060:	b1a0      	cbz	r0, 1000b08c <__sigtramp+0x3c>
1000b062:	f850 2024 	ldr.w	r2, [r0, r4, lsl #2]
1000b066:	eb00 0384 	add.w	r3, r0, r4, lsl #2
1000b06a:	b14a      	cbz	r2, 1000b080 <__sigtramp+0x30>
1000b06c:	1c51      	adds	r1, r2, #1
1000b06e:	d00b      	beq.n	1000b088 <__sigtramp+0x38>
1000b070:	2a01      	cmp	r2, #1
1000b072:	d007      	beq.n	1000b084 <__sigtramp+0x34>
1000b074:	2500      	movs	r5, #0
1000b076:	4620      	mov	r0, r4
1000b078:	601d      	str	r5, [r3, #0]
1000b07a:	4790      	blx	r2
1000b07c:	4628      	mov	r0, r5
1000b07e:	bd38      	pop	{r3, r4, r5, pc}
1000b080:	2001      	movs	r0, #1
1000b082:	bd38      	pop	{r3, r4, r5, pc}
1000b084:	2003      	movs	r0, #3
1000b086:	bd38      	pop	{r3, r4, r5, pc}
1000b088:	2002      	movs	r0, #2
1000b08a:	bd38      	pop	{r3, r4, r5, pc}
1000b08c:	2180      	movs	r1, #128	@ 0x80
1000b08e:	4628      	mov	r0, r5
1000b090:	f7ff f982 	bl	1000a398 <_malloc_r>
1000b094:	f8c5 0118 	str.w	r0, [r5, #280]	@ 0x118
1000b098:	b140      	cbz	r0, 1000b0ac <__sigtramp+0x5c>
1000b09a:	1f03      	subs	r3, r0, #4
1000b09c:	f100 017c 	add.w	r1, r0, #124	@ 0x7c
1000b0a0:	2200      	movs	r2, #0
1000b0a2:	f843 2f04 	str.w	r2, [r3, #4]!
1000b0a6:	428b      	cmp	r3, r1
1000b0a8:	d1fb      	bne.n	1000b0a2 <__sigtramp+0x52>
1000b0aa:	e7da      	b.n	1000b062 <__sigtramp+0x12>
1000b0ac:	f04f 30ff 	mov.w	r0, #4294967295	@ 0xffffffff
1000b0b0:	bd38      	pop	{r3, r4, r5, pc}
1000b0b2:	bf00      	nop
1000b0b4:	200022e8 	.word	0x200022e8

1000b0b8 <__libc_fini_array>:
1000b0b8:	b538      	push	{r3, r4, r5, lr}
1000b0ba:	4d07      	ldr	r5, [pc, #28]	@ (1000b0d8 <__libc_fini_array+0x20>)
1000b0bc:	4c07      	ldr	r4, [pc, #28]	@ (1000b0dc <__libc_fini_array+0x24>)
1000b0be:	1b2c      	subs	r4, r5, r4
1000b0c0:	10a4      	asrs	r4, r4, #2
1000b0c2:	d005      	beq.n	1000b0d0 <__libc_fini_array+0x18>
1000b0c4:	3c01      	subs	r4, #1
1000b0c6:	f855 3d04 	ldr.w	r3, [r5, #-4]!
1000b0ca:	4798      	blx	r3
1000b0cc:	2c00      	cmp	r4, #0
1000b0ce:	d1f9      	bne.n	1000b0c4 <__libc_fini_array+0xc>
1000b0d0:	e8bd 4038 	ldmia.w	sp!, {r3, r4, r5, lr}
1000b0d4:	f000 b89c 	b.w	1000b210 <_fini>
1000b0d8:	1000b32c 	.word	0x1000b32c
1000b0dc:	1000b32c 	.word	0x1000b32c

1000b0e0 <__env_lock>:
1000b0e0:	4770      	bx	lr
1000b0e2:	bf00      	nop

1000b0e4 <__env_unlock>:
1000b0e4:	4770      	bx	lr
1000b0e6:	bf00      	nop

1000b0e8 <_kill_r>:
1000b0e8:	b570      	push	{r4, r5, r6, lr}
1000b0ea:	460c      	mov	r4, r1
1000b0ec:	4603      	mov	r3, r0
1000b0ee:	4d08      	ldr	r5, [pc, #32]	@ (1000b110 <_kill_r+0x28>)
1000b0f0:	2600      	movs	r6, #0
1000b0f2:	4620      	mov	r0, r4
1000b0f4:	4611      	mov	r1, r2
1000b0f6:	461c      	mov	r4, r3
1000b0f8:	602e      	str	r6, [r5, #0]
1000b0fa:	f7f8 fa6d 	bl	100035d8 <_kill>
1000b0fe:	1c43      	adds	r3, r0, #1
1000b100:	d000      	beq.n	1000b104 <_kill_r+0x1c>
1000b102:	bd70      	pop	{r4, r5, r6, pc}
1000b104:	682b      	ldr	r3, [r5, #0]
1000b106:	2b00      	cmp	r3, #0
1000b108:	d0fb      	beq.n	1000b102 <_kill_r+0x1a>
1000b10a:	6023      	str	r3, [r4, #0]
1000b10c:	bd70      	pop	{r4, r5, r6, pc}
1000b10e:	bf00      	nop
1000b110:	20002e68 	.word	0x20002e68

1000b114 <_getpid_r>:
1000b114:	f7f8 ba5e 	b.w	100035d4 <_getpid>

1000b118 <strncmp>:
1000b118:	b3ca      	cbz	r2, 1000b18e <strncmp+0x76>
1000b11a:	4684      	mov	ip, r0
1000b11c:	460b      	mov	r3, r1
1000b11e:	b530      	push	{r4, r5, lr}
1000b120:	4604      	mov	r4, r0
1000b122:	4308      	orrs	r0, r1
1000b124:	0780      	lsls	r0, r0, #30
1000b126:	d019      	beq.n	1000b15c <strncmp+0x44>
1000b128:	f89c 0000 	ldrb.w	r0, [ip]
1000b12c:	780c      	ldrb	r4, [r1, #0]
1000b12e:	42a0      	cmp	r0, r4
1000b130:	d112      	bne.n	1000b158 <strncmp+0x40>
1000b132:	b350      	cbz	r0, 1000b18a <strncmp+0x72>
1000b134:	2a01      	cmp	r2, #1
1000b136:	d028      	beq.n	1000b18a <strncmp+0x72>
1000b138:	46e6      	mov	lr, ip
1000b13a:	e003      	b.n	1000b144 <strncmp+0x2c>
1000b13c:	eb1c 0f03 	cmn.w	ip, r3
1000b140:	d023      	beq.n	1000b18a <strncmp+0x72>
1000b142:	b310      	cbz	r0, 1000b18a <strncmp+0x72>
1000b144:	f81e 0f01 	ldrb.w	r0, [lr, #1]!
1000b148:	f811 4f01 	ldrb.w	r4, [r1, #1]!
1000b14c:	eba2 030e 	sub.w	r3, r2, lr
1000b150:	42a0      	cmp	r0, r4
1000b152:	f103 33ff 	add.w	r3, r3, #4294967295	@ 0xffffffff
1000b156:	d0f1      	beq.n	1000b13c <strncmp+0x24>
1000b158:	1b00      	subs	r0, r0, r4
1000b15a:	bd30      	pop	{r4, r5, pc}
1000b15c:	2a03      	cmp	r2, #3
1000b15e:	d807      	bhi.n	1000b170 <strncmp+0x58>
1000b160:	e7e2      	b.n	1000b128 <strncmp+0x10>
1000b162:	3a04      	subs	r2, #4
1000b164:	d011      	beq.n	1000b18a <strncmp+0x72>
1000b166:	f01e 3f80 	tst.w	lr, #2155905152	@ 0x80808080
1000b16a:	d10e      	bne.n	1000b18a <strncmp+0x72>
1000b16c:	2a03      	cmp	r2, #3
1000b16e:	d910      	bls.n	1000b192 <strncmp+0x7a>
1000b170:	6820      	ldr	r0, [r4, #0]
1000b172:	4619      	mov	r1, r3
1000b174:	f853 5b04 	ldr.w	r5, [r3], #4
1000b178:	46a4      	mov	ip, r4
1000b17a:	f1a0 3e01 	sub.w	lr, r0, #16843009	@ 0x1010101
1000b17e:	3404      	adds	r4, #4
1000b180:	42a8      	cmp	r0, r5
1000b182:	ea2e 0e00 	bic.w	lr, lr, r0
1000b186:	d0ec      	beq.n	1000b162 <strncmp+0x4a>
1000b188:	e7ce      	b.n	1000b128 <strncmp+0x10>
1000b18a:	2000      	movs	r0, #0
1000b18c:	bd30      	pop	{r4, r5, pc}
1000b18e:	4610      	mov	r0, r2
1000b190:	4770      	bx	lr
1000b192:	46a4      	mov	ip, r4
1000b194:	4619      	mov	r1, r3
1000b196:	e7c7      	b.n	1000b128 <strncmp+0x10>

1000b198 <__register_exitproc>:
1000b198:	b470      	push	{r4, r5, r6}
1000b19a:	4d16      	ldr	r5, [pc, #88]	@ (1000b1f4 <__register_exitproc+0x5c>)
1000b19c:	682c      	ldr	r4, [r5, #0]
1000b19e:	b31c      	cbz	r4, 1000b1e8 <__register_exitproc+0x50>
1000b1a0:	6865      	ldr	r5, [r4, #4]
1000b1a2:	2d1f      	cmp	r5, #31
1000b1a4:	dc23      	bgt.n	1000b1ee <__register_exitproc+0x56>
1000b1a6:	b938      	cbnz	r0, 1000b1b8 <__register_exitproc+0x20>
1000b1a8:	1c6b      	adds	r3, r5, #1
1000b1aa:	2000      	movs	r0, #0
1000b1ac:	3502      	adds	r5, #2
1000b1ae:	6063      	str	r3, [r4, #4]
1000b1b0:	f844 1025 	str.w	r1, [r4, r5, lsl #2]
1000b1b4:	bc70      	pop	{r4, r5, r6}
1000b1b6:	4770      	bx	lr
1000b1b8:	eb04 0c85 	add.w	ip, r4, r5, lsl #2
1000b1bc:	2802      	cmp	r0, #2
1000b1be:	f8cc 2088 	str.w	r2, [ip, #136]	@ 0x88
1000b1c2:	f04f 0201 	mov.w	r2, #1
1000b1c6:	f8d4 6188 	ldr.w	r6, [r4, #392]	@ 0x188
1000b1ca:	fa02 f205 	lsl.w	r2, r2, r5
1000b1ce:	ea46 0602 	orr.w	r6, r6, r2
1000b1d2:	f8c4 6188 	str.w	r6, [r4, #392]	@ 0x188
1000b1d6:	f8cc 3108 	str.w	r3, [ip, #264]	@ 0x108
1000b1da:	d1e5      	bne.n	1000b1a8 <__register_exitproc+0x10>
1000b1dc:	f8d4 318c 	ldr.w	r3, [r4, #396]	@ 0x18c
1000b1e0:	4313      	orrs	r3, r2
1000b1e2:	f8c4 318c 	str.w	r3, [r4, #396]	@ 0x18c
1000b1e6:	e7df      	b.n	1000b1a8 <__register_exitproc+0x10>
1000b1e8:	4c03      	ldr	r4, [pc, #12]	@ (1000b1f8 <__register_exitproc+0x60>)
1000b1ea:	602c      	str	r4, [r5, #0]
1000b1ec:	e7d8      	b.n	1000b1a0 <__register_exitproc+0x8>
1000b1ee:	f04f 30ff 	mov.w	r0, #4294967295	@ 0xffffffff
1000b1f2:	e7df      	b.n	1000b1b4 <__register_exitproc+0x1c>
1000b1f4:	20002ffc 	.word	0x20002ffc
1000b1f8:	20002e6c 	.word	0x20002e6c

1000b1fc <register_fini>:
1000b1fc:	4b02      	ldr	r3, [pc, #8]	@ (1000b208 <register_fini+0xc>)
1000b1fe:	b113      	cbz	r3, 1000b206 <register_fini+0xa>
1000b200:	4802      	ldr	r0, [pc, #8]	@ (1000b20c <register_fini+0x10>)
1000b202:	f7ff bdd3 	b.w	1000adac <atexit>
1000b206:	4770      	bx	lr
1000b208:	00000000 	.word	0x00000000
1000b20c:	1000b0b9 	.word	0x1000b0b9

1000b210 <_fini>:
1000b210:	b5f8      	push	{r3, r4, r5, r6, r7, lr}
1000b212:	bf00      	nop
1000b214:	0000      	movs	r0, r0
	...

1000b218 <___Unwind_VRS_Get_veneer>:
1000b218:	f85f f000 	ldr.w	pc, [pc]	@ 1000b21c <___Unwind_VRS_Get_veneer+0x4>
1000b21c:	200015bd 	.word	0x200015bd

1000b220 <___Unwind_DeleteException_veneer>:
1000b220:	f85f f000 	ldr.w	pc, [pc]	@ 1000b224 <___Unwind_DeleteException_veneer+0x4>
1000b224:	200015b1 	.word	0x200015b1

1000b228 <___Unwind_GetLanguageSpecificData_veneer>:
1000b228:	f85f f000 	ldr.w	pc, [pc]	@ 1000b22c <___Unwind_GetLanguageSpecificData_veneer+0x4>
1000b22c:	20002199 	.word	0x20002199

1000b230 <____gnu_unwind_frame_veneer>:
1000b230:	f85f f000 	ldr.w	pc, [pc]	@ 1000b234 <____gnu_unwind_frame_veneer+0x4>
1000b234:	20002161 	.word	0x20002161

1000b238 <__mutex_enter_timeout_ms_veneer>:
1000b238:	f85f f000 	ldr.w	pc, [pc]	@ 1000b23c <__mutex_enter_timeout_ms_veneer+0x4>
1000b23c:	2000024d 	.word	0x2000024d

1000b240 <__reset_non_control_endpoints_veneer>:
1000b240:	f85f f000 	ldr.w	pc, [pc]	@ 1000b244 <__reset_non_control_endpoints_veneer+0x4>
1000b244:	200002f9 	.word	0x200002f9

1000b248 <__hw_endpoint_start_next_buffer_veneer>:
1000b248:	f85f f000 	ldr.w	pc, [pc]	@ 1000b24c <__hw_endpoint_start_next_buffer_veneer+0x4>
1000b24c:	20000b89 	.word	0x20000b89

1000b250 <___Unwind_Resume_or_Rethrow_veneer>:
1000b250:	f85f f000 	ldr.w	pc, [pc]	@ 1000b254 <___Unwind_Resume_or_Rethrow_veneer+0x4>
1000b254:	20001d9d 	.word	0x20001d9d

1000b258 <___Unwind_Resume_veneer>:
1000b258:	f85f f000 	ldr.w	pc, [pc]	@ 1000b25c <___Unwind_Resume_veneer+0x4>
1000b25c:	20001d79 	.word	0x20001d79

1000b260 <___Unwind_GetTextRelBase_veneer>:
1000b260:	f85f f000 	ldr.w	pc, [pc]	@ 1000b264 <___Unwind_GetTextRelBase_veneer+0x4>
1000b264:	200021b3 	.word	0x200021b3

1000b268 <____aeabi_uldivmod_veneer>:
1000b268:	f85f f000 	ldr.w	pc, [pc]	@ 1000b26c <____aeabi_uldivmod_veneer+0x4>
1000b26c:	20000eed 	.word	0x20000eed

1000b270 <__mutex_exit_veneer>:
1000b270:	f85f f000 	ldr.w	pc, [pc]	@ 1000b274 <__mutex_exit_veneer+0x4>
1000b274:	200002c5 	.word	0x200002c5

1000b278 <____aeabi_ldivmod_veneer>:
1000b278:	f85f f000 	ldr.w	pc, [pc]	@ 1000b27c <____aeabi_ldivmod_veneer+0x4>
1000b27c:	20000e4d 	.word	0x20000e4d

1000b280 <__e15_is_critical_frame_period_veneer>:
1000b280:	f85f f000 	ldr.w	pc, [pc]	@ 1000b284 <__e15_is_critical_frame_period_veneer+0x4>
1000b284:	20000b11 	.word	0x20000b11

1000b288 <___Unwind_Complete_veneer>:
1000b288:	f85f f000 	ldr.w	pc, [pc]	@ 1000b28c <___Unwind_Complete_veneer+0x4>
1000b28c:	200015ad 	.word	0x200015ad

1000b290 <___Unwind_GetRegionStart_veneer>:
1000b290:	f85f f000 	ldr.w	pc, [pc]	@ 1000b294 <___Unwind_GetRegionStart_veneer+0x4>
1000b294:	2000218d 	.word	0x2000218d

1000b298 <__mutex_enter_blocking_veneer>:
1000b298:	f85f f000 	ldr.w	pc, [pc]	@ 1000b29c <__mutex_enter_blocking_veneer+0x4>
1000b29c:	20000111 	.word	0x20000111

1000b2a0 <___hw_endpoint_buffer_control_update32_veneer>:
1000b2a0:	f85f f000 	ldr.w	pc, [pc]	@ 1000b2a4 <___hw_endpoint_buffer_control_update32_veneer+0x4>
1000b2a4:	20000b45 	.word	0x20000b45

1000b2a8 <__mutex_try_enter_block_until_veneer>:
1000b2a8:	f85f f000 	ldr.w	pc, [pc]	@ 1000b2ac <__mutex_try_enter_block_until_veneer+0x4>
1000b2ac:	200001a1 	.word	0x200001a1

1000b2b0 <___Unwind_GetDataRelBase_veneer>:
1000b2b0:	f85f f000 	ldr.w	pc, [pc]	@ 1000b2b4 <___Unwind_GetDataRelBase_veneer+0x4>
1000b2b4:	200021ad 	.word	0x200021ad

1000b2b8 <__e15_is_bulkin_ep_veneer>:
1000b2b8:	f85f f000 	ldr.w	pc, [pc]	@ 1000b2bc <__e15_is_bulkin_ep_veneer+0x4>
1000b2bc:	20000ae9 	.word	0x20000ae9

1000b2c0 <___Unwind_VRS_Set_veneer>:
1000b2c0:	f85f f000 	ldr.w	pc, [pc]	@ 1000b2c4 <___Unwind_VRS_Set_veneer+0x4>
1000b2c4:	20001609 	.word	0x20001609

1000b2c8 <___Unwind_RaiseException_veneer>:
1000b2c8:	f85f f000 	ldr.w	pc, [pc]	@ 1000b2cc <___Unwind_RaiseException_veneer+0x4>
1000b2cc:	20001d55 	.word	0x20001d55

1000b2d0 <__mutex_try_enter_veneer>:
1000b2d0:	f85f f000 	ldr.w	pc, [pc]	@ 1000b2d4 <__mutex_try_enter_veneer+0x4>
1000b2d4:	20000159 	.word	0x20000159

1000b2d8 <__pre_init_runtime_init_bootrom_reset>:
1000b2d8:	10001b95                                ....

1000b2dc <__pre_init_runtime_init_early_resets>:
1000b2dc:	10001b09                                ....

1000b2e0 <__pre_init_runtime_init_usb_power_down>:
1000b2e0:	10001b3d                                =...

1000b2e4 <__pre_init_runtime_init_clocks>:
1000b2e4:	10001be1                                ....

1000b2e8 <__pre_init_runtime_init_post_clock_resets>:
1000b2e8:	10001b75                                u...

1000b2ec <__pre_init_runtime_init_boot_locks_reset>:
1000b2ec:	10001a91                                ....

1000b2f0 <__pre_init_runtime_init_spin_locks_reset>:
1000b2f0:	10001bbd                                ....

1000b2f4 <__pre_init_runtime_init_bootrom_locking_enable>:
1000b2f4:	10001a7d                                }...

1000b2f8 <__pre_init_runtime_init_mutex>:
1000b2f8:	10000db5                                ....

1000b2fc <__pre_init_runtime_init_install_ram_vector_table>:
1000b2fc:	10001bc1                                ....

1000b300 <__pre_init_runtime_init_default_alarm_pool>:
1000b300:	10001165                                e...

1000b304 <__pre_init_first_per_core_initializer>:
1000b304:	10001ad9                                ....

1000b308 <__pre_init_runtime_init_per_core_bootrom_reset>:
1000b308:	10001ba9                                ....

1000b30c <__pre_init_runtime_init_per_core_enable_coprocessors>:
1000b30c:	10001b59                                Y...

1000b310 <__pre_init_spinlock_set_extexclall>:
1000b310:	10000769                                i...

1000b314 <__pre_init_runtime_init_per_core_irq_priorities>:
1000b314:	10000791                                ....

1000b318 <__init_array_start>:
1000b318:	1000b1fd 	.word	0x1000b1fd

1000b31c <__frame_dummy_init_array_entry>:
1000b31c:	1000025d 10004169 10006b6d 10009dc5     ]...iA..mk......

Disassembly of section .data:

20000110 <mutex_enter_blocking>:
20000110:	b538      	push	{r3, r4, r5, lr}
20000112:	4604      	mov	r4, r0
20000114:	f002 f86c 	bl	200021f0 <__ulPortLockGetCurrentOwnerId_veneer>
20000118:	6823      	ldr	r3, [r4, #0]
2000011a:	4605      	mov	r5, r0
2000011c:	e003      	b.n	20000126 <mutex_enter_blocking+0x16>
2000011e:	4620      	mov	r0, r4
20000120:	f002 f87e 	bl	20002220 <__vPortLockInternalSpinUnlockWithWait_veneer>
20000124:	6823      	ldr	r3, [r4, #0]
20000126:	f3ef 8110 	mrs	r1, PRIMASK
2000012a:	b672      	cpsid	i
2000012c:	e8d3 0fcf 	ldaexb	r0, [r3]
20000130:	2201      	movs	r2, #1
20000132:	2800      	cmp	r0, #0
20000134:	d1fa      	bne.n	2000012c <mutex_enter_blocking+0x1c>
20000136:	e8c3 2f40 	strexb	r0, r2, [r3]
2000013a:	2800      	cmp	r0, #0
2000013c:	d1f6      	bne.n	2000012c <mutex_enter_blocking+0x1c>
2000013e:	f3bf 8f5f 	dmb	sy
20000142:	6863      	ldr	r3, [r4, #4]
20000144:	3301      	adds	r3, #1
20000146:	d1ea      	bne.n	2000011e <mutex_enter_blocking+0xe>
20000148:	2300      	movs	r3, #0
2000014a:	6822      	ldr	r2, [r4, #0]
2000014c:	6065      	str	r5, [r4, #4]
2000014e:	e8c2 3f8f 	stlb	r3, [r2]
20000152:	f381 8810 	msr	PRIMASK, r1
20000156:	bd38      	pop	{r3, r4, r5, pc}

20000158 <mutex_try_enter>:
20000158:	b538      	push	{r3, r4, r5, lr}
2000015a:	4604      	mov	r4, r0
2000015c:	6803      	ldr	r3, [r0, #0]
2000015e:	f3ef 8510 	mrs	r5, PRIMASK
20000162:	b672      	cpsid	i
20000164:	e8d3 0fcf 	ldaexb	r0, [r3]
20000168:	2201      	movs	r2, #1
2000016a:	2800      	cmp	r0, #0
2000016c:	d1fa      	bne.n	20000164 <mutex_try_enter+0xc>
2000016e:	e8c3 2f40 	strexb	r0, r2, [r3]
20000172:	2800      	cmp	r0, #0
20000174:	d1f6      	bne.n	20000164 <mutex_try_enter+0xc>
20000176:	f3bf 8f5f 	dmb	sy
2000017a:	6863      	ldr	r3, [r4, #4]
2000017c:	1c5a      	adds	r2, r3, #1
2000017e:	d009      	beq.n	20000194 <mutex_try_enter+0x3c>
20000180:	b101      	cbz	r1, 20000184 <mutex_try_enter+0x2c>
20000182:	600b      	str	r3, [r1, #0]
20000184:	2000      	movs	r0, #0
20000186:	2300      	movs	r3, #0
20000188:	6822      	ldr	r2, [r4, #0]
2000018a:	e8c2 3f8f 	stlb	r3, [r2]
2000018e:	f385 8810 	msr	PRIMASK, r5
20000192:	bd38      	pop	{r3, r4, r5, pc}
20000194:	f002 f82c 	bl	200021f0 <__ulPortLockGetCurrentOwnerId_veneer>
20000198:	4603      	mov	r3, r0
2000019a:	2001      	movs	r0, #1
2000019c:	6063      	str	r3, [r4, #4]
2000019e:	e7f2      	b.n	20000186 <mutex_try_enter+0x2e>

200001a0 <mutex_try_enter_block_until>:
200001a0:	e92d 41f0 	stmdb	sp!, {r4, r5, r6, r7, r8, lr}
200001a4:	461f      	mov	r7, r3
200001a6:	4604      	mov	r4, r0
200001a8:	4616      	mov	r6, r2
200001aa:	6803      	ldr	r3, [r0, #0]
200001ac:	f3ef 8810 	mrs	r8, PRIMASK
200001b0:	b672      	cpsid	i
200001b2:	e8d3 1fcf 	ldaexb	r1, [r3]
200001b6:	2201      	movs	r2, #1
200001b8:	2900      	cmp	r1, #0
200001ba:	d1fa      	bne.n	200001b2 <mutex_try_enter_block_until+0x12>
200001bc:	e8c3 2f41 	strexb	r1, r2, [r3]
200001c0:	2900      	cmp	r1, #0
200001c2:	d1f6      	bne.n	200001b2 <mutex_try_enter_block_until+0x12>
200001c4:	f3bf 8f5f 	dmb	sy
200001c8:	6845      	ldr	r5, [r0, #4]
200001ca:	1c6b      	adds	r3, r5, #1
200001cc:	d00c      	beq.n	200001e8 <mutex_try_enter_block_until+0x48>
200001ce:	2300      	movs	r3, #0
200001d0:	6802      	ldr	r2, [r0, #0]
200001d2:	e8c2 3f8f 	stlb	r3, [r2]
200001d6:	f388 8810 	msr	PRIMASK, r8
200001da:	f002 f809 	bl	200021f0 <__ulPortLockGetCurrentOwnerId_veneer>
200001de:	42a8      	cmp	r0, r5
200001e0:	d10d      	bne.n	200001fe <mutex_try_enter_block_until+0x5e>
200001e2:	2000      	movs	r0, #0
200001e4:	e8bd 81f0 	ldmia.w	sp!, {r4, r5, r6, r7, r8, pc}
200001e8:	f002 f802 	bl	200021f0 <__ulPortLockGetCurrentOwnerId_veneer>
200001ec:	2300      	movs	r3, #0
200001ee:	6822      	ldr	r2, [r4, #0]
200001f0:	6060      	str	r0, [r4, #4]
200001f2:	e8c2 3f8f 	stlb	r3, [r2]
200001f6:	f388 8810 	msr	PRIMASK, r8
200001fa:	2001      	movs	r0, #1
200001fc:	e7f2      	b.n	200001e4 <mutex_try_enter_block_until+0x44>
200001fe:	f001 fff7 	bl	200021f0 <__ulPortLockGetCurrentOwnerId_veneer>
20000202:	4680      	mov	r8, r0
20000204:	e006      	b.n	20000214 <mutex_try_enter_block_until+0x74>
20000206:	4632      	mov	r2, r6
20000208:	463b      	mov	r3, r7
2000020a:	4620      	mov	r0, r4
2000020c:	f001 ffe4 	bl	200021d8 <__xPortLockInternalSpinUnlockWithBestEffortWaitOrTimeout_veneer>
20000210:	2800      	cmp	r0, #0
20000212:	d1e6      	bne.n	200001e2 <mutex_try_enter_block_until+0x42>
20000214:	6825      	ldr	r5, [r4, #0]
20000216:	f3ef 8110 	mrs	r1, PRIMASK
2000021a:	b672      	cpsid	i
2000021c:	e8d5 2fcf 	ldaexb	r2, [r5]
20000220:	2301      	movs	r3, #1
20000222:	2a00      	cmp	r2, #0
20000224:	d1fa      	bne.n	2000021c <mutex_try_enter_block_until+0x7c>
20000226:	e8c5 3f42 	strexb	r2, r3, [r5]
2000022a:	2a00      	cmp	r2, #0
2000022c:	d1f6      	bne.n	2000021c <mutex_try_enter_block_until+0x7c>
2000022e:	f3bf 8f5f 	dmb	sy
20000232:	6863      	ldr	r3, [r4, #4]
20000234:	3301      	adds	r3, #1
20000236:	d1e6      	bne.n	20000206 <mutex_try_enter_block_until+0x66>
20000238:	2300      	movs	r3, #0
2000023a:	6822      	ldr	r2, [r4, #0]
2000023c:	f8c4 8004 	str.w	r8, [r4, #4]
20000240:	e8c2 3f8f 	stlb	r3, [r2]
20000244:	f381 8810 	msr	PRIMASK, r1
20000248:	e7d7      	b.n	200001fa <mutex_try_enter_block_until+0x5a>
2000024a:	bf00      	nop

2000024c <mutex_enter_timeout_ms>:
2000024c:	b5f8      	push	{r3, r4, r5, r6, r7, lr}
2000024e:	460f      	mov	r7, r1
20000250:	4604      	mov	r4, r0
20000252:	f001 ffd9 	bl	20002208 <__time_us_64_veneer>
20000256:	f44f 737a 	mov.w	r3, #1000	@ 0x3e8
2000025a:	4605      	mov	r5, r0
2000025c:	f04f 3cff 	mov.w	ip, #4294967295	@ 0xffffffff
20000260:	f06f 4200 	mvn.w	r2, #2147483648	@ 0x80000000
20000264:	fbe7 5103 	umlal	r5, r1, r7, r3
20000268:	45ac      	cmp	ip, r5
2000026a:	eb72 0301 	sbcs.w	r3, r2, r1
2000026e:	bf3a      	itte	cc
20000270:	4665      	movcc	r5, ip
20000272:	4616      	movcc	r6, r2
20000274:	460e      	movcs	r6, r1
20000276:	f001 ffbb 	bl	200021f0 <__ulPortLockGetCurrentOwnerId_veneer>
2000027a:	4607      	mov	r7, r0
2000027c:	e005      	b.n	2000028a <mutex_enter_timeout_ms+0x3e>
2000027e:	462a      	mov	r2, r5
20000280:	4633      	mov	r3, r6
20000282:	4620      	mov	r0, r4
20000284:	f001 ffa8 	bl	200021d8 <__xPortLockInternalSpinUnlockWithBestEffortWaitOrTimeout_veneer>
20000288:	b9d0      	cbnz	r0, 200002c0 <mutex_enter_timeout_ms+0x74>
2000028a:	6823      	ldr	r3, [r4, #0]
2000028c:	f3ef 8110 	mrs	r1, PRIMASK
20000290:	b672      	cpsid	i
20000292:	e8d3 0fcf 	ldaexb	r0, [r3]
20000296:	2201      	movs	r2, #1
20000298:	2800      	cmp	r0, #0
2000029a:	d1fa      	bne.n	20000292 <mutex_enter_timeout_ms+0x46>
2000029c:	e8c3 2f40 	strexb	r0, r2, [r3]
200002a0:	2800      	cmp	r0, #0
200002a2:	d1f6      	bne.n	20000292 <mutex_enter_timeout_ms+0x46>
200002a4:	f3bf 8f5f 	dmb	sy
200002a8:	6863      	ldr	r3, [r4, #4]
200002aa:	3301      	adds	r3, #1
200002ac:	d1e7      	bne.n	2000027e <mutex_enter_timeout_ms+0x32>
200002ae:	2300      	movs	r3, #0
200002b0:	6822      	ldr	r2, [r4, #0]
200002b2:	6067      	str	r7, [r4, #4]
200002b4:	e8c2 3f8f 	stlb	r3, [r2]
200002b8:	f381 8810 	msr	PRIMASK, r1
200002bc:	2001      	movs	r0, #1
200002be:	bdf8      	pop	{r3, r4, r5, r6, r7, pc}
200002c0:	2000      	movs	r0, #0
200002c2:	bdf8      	pop	{r3, r4, r5, r6, r7, pc}

200002c4 <mutex_exit>:
200002c4:	b500      	push	{lr}
200002c6:	6802      	ldr	r2, [r0, #0]
200002c8:	f3ef 8110 	mrs	r1, PRIMASK
200002cc:	b672      	cpsid	i
200002ce:	e8d2 efcf 	ldaexb	lr, [r2]
200002d2:	f05f 0c01 	movs.w	ip, #1
200002d6:	f1be 0f00 	cmp.w	lr, #0
200002da:	d1f8      	bne.n	200002ce <mutex_exit+0xa>
200002dc:	e8c2 cf4e 	strexb	lr, ip, [r2]
200002e0:	f1be 0f00 	cmp.w	lr, #0
200002e4:	d1f3      	bne.n	200002ce <mutex_exit+0xa>
200002e6:	f3bf 8f5f 	dmb	sy
200002ea:	f04f 32ff 	mov.w	r2, #4294967295	@ 0xffffffff
200002ee:	f85d eb04 	ldr.w	lr, [sp], #4
200002f2:	6042      	str	r2, [r0, #4]
200002f4:	f001 bf80 	b.w	200021f8 <__vPortLockInternalSpinUnlockWithNotify_veneer>

200002f8 <reset_non_control_endpoints>:
200002f8:	2100      	movs	r1, #0
200002fa:	b508      	push	{r3, lr}
200002fc:	4b13      	ldr	r3, [pc, #76]	@ (2000034c <reset_non_control_endpoints+0x54>)
200002fe:	f44f 7270 	mov.w	r2, #960	@ 0x3c0
20000302:	6099      	str	r1, [r3, #8]
20000304:	4812      	ldr	r0, [pc, #72]	@ (20000350 <reset_non_control_endpoints+0x58>)
20000306:	60d9      	str	r1, [r3, #12]
20000308:	6119      	str	r1, [r3, #16]
2000030a:	6159      	str	r1, [r3, #20]
2000030c:	6199      	str	r1, [r3, #24]
2000030e:	61d9      	str	r1, [r3, #28]
20000310:	6219      	str	r1, [r3, #32]
20000312:	6259      	str	r1, [r3, #36]	@ 0x24
20000314:	6299      	str	r1, [r3, #40]	@ 0x28
20000316:	62d9      	str	r1, [r3, #44]	@ 0x2c
20000318:	6319      	str	r1, [r3, #48]	@ 0x30
2000031a:	6359      	str	r1, [r3, #52]	@ 0x34
2000031c:	6399      	str	r1, [r3, #56]	@ 0x38
2000031e:	63d9      	str	r1, [r3, #60]	@ 0x3c
20000320:	6419      	str	r1, [r3, #64]	@ 0x40
20000322:	6459      	str	r1, [r3, #68]	@ 0x44
20000324:	6499      	str	r1, [r3, #72]	@ 0x48
20000326:	64d9      	str	r1, [r3, #76]	@ 0x4c
20000328:	6519      	str	r1, [r3, #80]	@ 0x50
2000032a:	6559      	str	r1, [r3, #84]	@ 0x54
2000032c:	6599      	str	r1, [r3, #88]	@ 0x58
2000032e:	65d9      	str	r1, [r3, #92]	@ 0x5c
20000330:	6619      	str	r1, [r3, #96]	@ 0x60
20000332:	6659      	str	r1, [r3, #100]	@ 0x64
20000334:	6699      	str	r1, [r3, #104]	@ 0x68
20000336:	66d9      	str	r1, [r3, #108]	@ 0x6c
20000338:	6719      	str	r1, [r3, #112]	@ 0x70
2000033a:	6759      	str	r1, [r3, #116]	@ 0x74
2000033c:	6799      	str	r1, [r3, #120]	@ 0x78
2000033e:	67d9      	str	r1, [r3, #124]	@ 0x7c
20000340:	f001 ff66 	bl	20002210 <__memset_veneer>
20000344:	4b03      	ldr	r3, [pc, #12]	@ (20000354 <reset_non_control_endpoints+0x5c>)
20000346:	4a04      	ldr	r2, [pc, #16]	@ (20000358 <reset_non_control_endpoints+0x60>)
20000348:	601a      	str	r2, [r3, #0]
2000034a:	bd08      	pop	{r3, pc}
2000034c:	50100000 	.word	0x50100000
20000350:	20003534 	.word	0x20003534
20000354:	200038fc 	.word	0x200038fc
20000358:	50100180 	.word	0x50100180

2000035c <hw_handle_buff_status>:
2000035c:	e92d 4ff0 	stmdb	sp!, {r4, r5, r6, r7, r8, r9, sl, fp, lr}
20000360:	4b21      	ldr	r3, [pc, #132]	@ (200003e8 <hw_handle_buff_status+0x8c>)
20000362:	b085      	sub	sp, #20
20000364:	6d9e      	ldr	r6, [r3, #88]	@ 0x58
20000366:	b30e      	cbz	r6, 200003ac <hw_handle_buff_status+0x50>
20000368:	2400      	movs	r4, #0
2000036a:	2501      	movs	r5, #1
2000036c:	4f1f      	ldr	r7, [pc, #124]	@ (200003ec <hw_handle_buff_status+0x90>)
2000036e:	e001      	b.n	20000374 <hw_handle_buff_status+0x18>
20000370:	2c20      	cmp	r4, #32
20000372:	d01b      	beq.n	200003ac <hw_handle_buff_status+0x50>
20000374:	ea06 0305 	and.w	r3, r6, r5
20000378:	1c62      	adds	r2, r4, #1
2000037a:	4621      	mov	r1, r4
2000037c:	46aa      	mov	sl, r5
2000037e:	b2d4      	uxtb	r4, r2
20000380:	006d      	lsls	r5, r5, #1
20000382:	2b00      	cmp	r3, #0
20000384:	d0f4      	beq.n	20000370 <hw_handle_buff_status+0x14>
20000386:	2302      	movs	r3, #2
20000388:	f004 0801 	and.w	r8, r4, #1
2000038c:	ea4f 0951 	mov.w	r9, r1, lsr #1
20000390:	fb13 8b09 	smlabb	fp, r3, r9, r8
20000394:	4b16      	ldr	r3, [pc, #88]	@ (200003f0 <hw_handle_buff_status+0x94>)
20000396:	eb07 1b4b 	add.w	fp, r7, fp, lsl #5
2000039a:	4658      	mov	r0, fp
2000039c:	f8c3 a058 	str.w	sl, [r3, #88]	@ 0x58
200003a0:	f000 fc24 	bl	20000bec <hw_endpoint_xfer_continue>
200003a4:	b928      	cbnz	r0, 200003b2 <hw_handle_buff_status+0x56>
200003a6:	ea36 060a 	bics.w	r6, r6, sl
200003aa:	d1e1      	bne.n	20000370 <hw_handle_buff_status+0x14>
200003ac:	b005      	add	sp, #20
200003ae:	e8bd 8ff0 	ldmia.w	sp!, {r4, r5, r6, r7, r8, r9, sl, fp, pc}
200003b2:	2200      	movs	r2, #0
200003b4:	f8cd 2006 	str.w	r2, [sp, #6]
200003b8:	f8ad 200a 	strh.w	r2, [sp, #10]
200003bc:	f44f 62e0 	mov.w	r2, #1792	@ 0x700
200003c0:	eb08 0349 	add.w	r3, r8, r9, lsl #1
200003c4:	eb07 1343 	add.w	r3, r7, r3, lsl #5
200003c8:	f8ad 2004 	strh.w	r2, [sp, #4]
200003cc:	789a      	ldrb	r2, [r3, #2]
200003ce:	8adb      	ldrh	r3, [r3, #22]
200003d0:	a801      	add	r0, sp, #4
200003d2:	2101      	movs	r1, #1
200003d4:	f88d 2008 	strb.w	r2, [sp, #8]
200003d8:	9303      	str	r3, [sp, #12]
200003da:	f000 fc25 	bl	20000c28 <dcd_event_handler>
200003de:	4658      	mov	r0, fp
200003e0:	f000 fbaa 	bl	20000b38 <hw_endpoint_reset_transfer>
200003e4:	e7df      	b.n	200003a6 <hw_handle_buff_status+0x4a>
200003e6:	bf00      	nop
200003e8:	50110000 	.word	0x50110000
200003ec:	200034f4 	.word	0x200034f4
200003f0:	50113000 	.word	0x50113000

200003f4 <dcd_rp2040_irq>:
200003f4:	b5f0      	push	{r4, r5, r6, r7, lr}
200003f6:	4bb8      	ldr	r3, [pc, #736]	@ (200006d8 <dcd_rp2040_irq+0x2e4>)
200003f8:	b085      	sub	sp, #20
200003fa:	f8d3 5098 	ldr.w	r5, [r3, #152]	@ 0x98
200003fe:	f415 3600 	ands.w	r6, r5, #131072	@ 0x20000
20000402:	d07b      	beq.n	200004fc <dcd_rp2040_irq+0x108>
20000404:	4bb5      	ldr	r3, [pc, #724]	@ (200006dc <dcd_rp2040_irq+0x2e8>)
20000406:	4cb6      	ldr	r4, [pc, #728]	@ (200006e0 <dcd_rp2040_irq+0x2ec>)
20000408:	6a99      	ldr	r1, [r3, #40]	@ 0x28
2000040a:	f894 303b 	ldrb.w	r3, [r4, #59]	@ 0x3b
2000040e:	4ab5      	ldr	r2, [pc, #724]	@ (200006e4 <dcd_rp2040_irq+0x2f0>)
20000410:	2b02      	cmp	r3, #2
20000412:	6011      	str	r1, [r2, #0]
20000414:	f000 8111 	beq.w	2000063a <dcd_rp2040_irq+0x246>
20000418:	2600      	movs	r6, #0
2000041a:	f894 307b 	ldrb.w	r3, [r4, #123]	@ 0x7b
2000041e:	2b02      	cmp	r3, #2
20000420:	f000 81ec 	beq.w	200007fc <dcd_rp2040_irq+0x408>
20000424:	f894 30bb 	ldrb.w	r3, [r4, #187]	@ 0xbb
20000428:	2b02      	cmp	r3, #2
2000042a:	f000 81dd 	beq.w	200007e8 <dcd_rp2040_irq+0x3f4>
2000042e:	f894 30fb 	ldrb.w	r3, [r4, #251]	@ 0xfb
20000432:	2b02      	cmp	r3, #2
20000434:	f000 81ce 	beq.w	200007d4 <dcd_rp2040_irq+0x3e0>
20000438:	f894 313b 	ldrb.w	r3, [r4, #315]	@ 0x13b
2000043c:	2b02      	cmp	r3, #2
2000043e:	f000 81be 	beq.w	200007be <dcd_rp2040_irq+0x3ca>
20000442:	f894 317b 	ldrb.w	r3, [r4, #379]	@ 0x17b
20000446:	2b02      	cmp	r3, #2
20000448:	f000 81ae 	beq.w	200007a8 <dcd_rp2040_irq+0x3b4>
2000044c:	f894 31bb 	ldrb.w	r3, [r4, #443]	@ 0x1bb
20000450:	2b02      	cmp	r3, #2
20000452:	f000 819e 	beq.w	20000792 <dcd_rp2040_irq+0x39e>
20000456:	f894 31fb 	ldrb.w	r3, [r4, #507]	@ 0x1fb
2000045a:	2b02      	cmp	r3, #2
2000045c:	f000 818e 	beq.w	2000077c <dcd_rp2040_irq+0x388>
20000460:	f894 323b 	ldrb.w	r3, [r4, #571]	@ 0x23b
20000464:	2b02      	cmp	r3, #2
20000466:	f000 817d 	beq.w	20000764 <dcd_rp2040_irq+0x370>
2000046a:	f894 327b 	ldrb.w	r3, [r4, #635]	@ 0x27b
2000046e:	2b02      	cmp	r3, #2
20000470:	f000 816c 	beq.w	2000074c <dcd_rp2040_irq+0x358>
20000474:	f894 32bb 	ldrb.w	r3, [r4, #699]	@ 0x2bb
20000478:	2b02      	cmp	r3, #2
2000047a:	f000 815b 	beq.w	20000734 <dcd_rp2040_irq+0x340>
2000047e:	f894 32fb 	ldrb.w	r3, [r4, #763]	@ 0x2fb
20000482:	2b02      	cmp	r3, #2
20000484:	f000 814a 	beq.w	2000071c <dcd_rp2040_irq+0x328>
20000488:	f894 333b 	ldrb.w	r3, [r4, #827]	@ 0x33b
2000048c:	2b02      	cmp	r3, #2
2000048e:	f000 8139 	beq.w	20000704 <dcd_rp2040_irq+0x310>
20000492:	f894 337b 	ldrb.w	r3, [r4, #891]	@ 0x37b
20000496:	2b02      	cmp	r3, #2
20000498:	f000 80e1 	beq.w	2000065e <dcd_rp2040_irq+0x26a>
2000049c:	f894 33bb 	ldrb.w	r3, [r4, #955]	@ 0x3bb
200004a0:	2b02      	cmp	r3, #2
200004a2:	f000 8104 	beq.w	200006ae <dcd_rp2040_irq+0x2ba>
200004a6:	f894 33fb 	ldrb.w	r3, [r4, #1019]	@ 0x3fb
200004aa:	2b02      	cmp	r3, #2
200004ac:	f000 80ee 	beq.w	2000068c <dcd_rp2040_irq+0x298>
200004b0:	b93e      	cbnz	r6, 200004c2 <dcd_rp2040_irq+0xce>
200004b2:	4b8d      	ldr	r3, [pc, #564]	@ (200006e8 <dcd_rp2040_irq+0x2f4>)
200004b4:	781b      	ldrb	r3, [r3, #0]
200004b6:	b923      	cbnz	r3, 200004c2 <dcd_rp2040_irq+0xce>
200004b8:	f44f 3200 	mov.w	r2, #131072	@ 0x20000
200004bc:	4b8b      	ldr	r3, [pc, #556]	@ (200006ec <dcd_rp2040_irq+0x2f8>)
200004be:	f8c3 2090 	str.w	r2, [r3, #144]	@ 0x90
200004c2:	2200      	movs	r2, #0
200004c4:	f44f 7440 	mov.w	r4, #768	@ 0x300
200004c8:	4b83      	ldr	r3, [pc, #524]	@ (200006d8 <dcd_rp2040_irq+0x2e4>)
200004ca:	2101      	movs	r1, #1
200004cc:	6c9b      	ldr	r3, [r3, #72]	@ 0x48
200004ce:	a801      	add	r0, sp, #4
200004d0:	f3c3 030a 	ubfx	r3, r3, #0, #11
200004d4:	f8cd 2006 	str.w	r2, [sp, #6]
200004d8:	f8cd 200a 	str.w	r2, [sp, #10]
200004dc:	f8ad 200e 	strh.w	r2, [sp, #14]
200004e0:	f8ad 4004 	strh.w	r4, [sp, #4]
200004e4:	9302      	str	r3, [sp, #8]
200004e6:	f000 fb9f 	bl	20000c28 <dcd_event_handler>
200004ea:	06ea      	lsls	r2, r5, #27
200004ec:	f44f 3600 	mov.w	r6, #131072	@ 0x20000
200004f0:	4c7f      	ldr	r4, [pc, #508]	@ (200006f0 <dcd_rp2040_irq+0x2fc>)
200004f2:	d507      	bpl.n	20000504 <dcd_rp2040_irq+0x110>
200004f4:	f7ff ff32 	bl	2000035c <hw_handle_buff_status>
200004f8:	4626      	mov	r6, r4
200004fa:	e003      	b.n	20000504 <dcd_rp2040_irq+0x110>
200004fc:	06ea      	lsls	r2, r5, #27
200004fe:	f04f 0410 	mov.w	r4, #16
20000502:	d4f7      	bmi.n	200004f4 <dcd_rp2040_irq+0x100>
20000504:	03eb      	lsls	r3, r5, #15
20000506:	d531      	bpl.n	2000056c <dcd_rp2040_irq+0x178>
20000508:	4c75      	ldr	r4, [pc, #468]	@ (200006e0 <dcd_rp2040_irq+0x2ec>)
2000050a:	f446 3680 	orr.w	r6, r6, #65536	@ 0x10000
2000050e:	7ea3      	ldrb	r3, [r4, #26]
20000510:	b19b      	cbz	r3, 2000053a <dcd_rp2040_irq+0x146>
20000512:	2102      	movs	r1, #2
20000514:	4b77      	ldr	r3, [pc, #476]	@ (200006f4 <dcd_rp2040_irq+0x300>)
20000516:	4a70      	ldr	r2, [pc, #448]	@ (200006d8 <dcd_rp2040_irq+0x2e4>)
20000518:	6619      	str	r1, [r3, #96]	@ 0x60
2000051a:	6e53      	ldr	r3, [r2, #100]	@ 0x64
2000051c:	079f      	lsls	r7, r3, #30
2000051e:	d5fc      	bpl.n	2000051a <dcd_rp2040_irq+0x126>
20000520:	f44f 5240 	mov.w	r2, #12288	@ 0x3000
20000524:	2100      	movs	r1, #0
20000526:	486e      	ldr	r0, [pc, #440]	@ (200006e0 <dcd_rp2040_irq+0x2ec>)
20000528:	f000 fb0c 	bl	20000b44 <_hw_endpoint_buffer_control_update32>
2000052c:	486c      	ldr	r0, [pc, #432]	@ (200006e0 <dcd_rp2040_irq+0x2ec>)
2000052e:	f000 fb03 	bl	20000b38 <hw_endpoint_reset_transfer>
20000532:	2202      	movs	r2, #2
20000534:	4b6d      	ldr	r3, [pc, #436]	@ (200006ec <dcd_rp2040_irq+0x2f8>)
20000536:	665a      	str	r2, [r3, #100]	@ 0x64
20000538:	661a      	str	r2, [r3, #96]	@ 0x60
2000053a:	2301      	movs	r3, #1
2000053c:	f894 203a 	ldrb.w	r2, [r4, #58]	@ 0x3a
20000540:	70e3      	strb	r3, [r4, #3]
20000542:	b9f2      	cbnz	r2, 20000582 <dcd_rp2040_irq+0x18e>
20000544:	2301      	movs	r3, #1
20000546:	f44f 61c0 	mov.w	r1, #1536	@ 0x600
2000054a:	4a6b      	ldr	r2, [pc, #428]	@ (200006f8 <dcd_rp2040_irq+0x304>)
2000054c:	f884 3023 	strb.w	r3, [r4, #35]	@ 0x23
20000550:	9101      	str	r1, [sp, #4]
20000552:	e892 0003 	ldmia.w	r2, {r0, r1}
20000556:	aa04      	add	r2, sp, #16
20000558:	e902 0003 	stmdb	r2, {r0, r1}
2000055c:	4619      	mov	r1, r3
2000055e:	a801      	add	r0, sp, #4
20000560:	f000 fb62 	bl	20000c28 <dcd_event_handler>
20000564:	f44f 3200 	mov.w	r2, #131072	@ 0x20000
20000568:	4b60      	ldr	r3, [pc, #384]	@ (200006ec <dcd_rp2040_irq+0x2f8>)
2000056a:	651a      	str	r2, [r3, #80]	@ 0x50
2000056c:	04e9      	lsls	r1, r5, #19
2000056e:	d41d      	bmi.n	200005ac <dcd_rp2040_irq+0x1b8>
20000570:	046a      	lsls	r2, r5, #17
20000572:	d436      	bmi.n	200005e2 <dcd_rp2040_irq+0x1ee>
20000574:	042b      	lsls	r3, r5, #16
20000576:	d44a      	bmi.n	2000060e <dcd_rp2040_irq+0x21a>
20000578:	42ae      	cmp	r6, r5
2000057a:	f040 81b7 	bne.w	200008ec <dcd_rp2040_irq+0x4f8>
2000057e:	b005      	add	sp, #20
20000580:	bdf0      	pop	{r4, r5, r6, r7, pc}
20000582:	4a5c      	ldr	r2, [pc, #368]	@ (200006f4 <dcd_rp2040_irq+0x300>)
20000584:	6613      	str	r3, [r2, #96]	@ 0x60
20000586:	f5a2 5200 	sub.w	r2, r2, #8192	@ 0x2000
2000058a:	6e53      	ldr	r3, [r2, #100]	@ 0x64
2000058c:	07d8      	lsls	r0, r3, #31
2000058e:	d5fc      	bpl.n	2000058a <dcd_rp2040_irq+0x196>
20000590:	f44f 5240 	mov.w	r2, #12288	@ 0x3000
20000594:	2100      	movs	r1, #0
20000596:	4859      	ldr	r0, [pc, #356]	@ (200006fc <dcd_rp2040_irq+0x308>)
20000598:	f000 fad4 	bl	20000b44 <_hw_endpoint_buffer_control_update32>
2000059c:	4857      	ldr	r0, [pc, #348]	@ (200006fc <dcd_rp2040_irq+0x308>)
2000059e:	f000 facb 	bl	20000b38 <hw_endpoint_reset_transfer>
200005a2:	2201      	movs	r2, #1
200005a4:	4b51      	ldr	r3, [pc, #324]	@ (200006ec <dcd_rp2040_irq+0x2f8>)
200005a6:	665a      	str	r2, [r3, #100]	@ 0x64
200005a8:	661a      	str	r2, [r3, #96]	@ 0x60
200005aa:	e7cb      	b.n	20000544 <dcd_rp2040_irq+0x150>
200005ac:	2400      	movs	r4, #0
200005ae:	4b4a      	ldr	r3, [pc, #296]	@ (200006d8 <dcd_rp2040_irq+0x2e4>)
200005b0:	f446 5680 	orr.w	r6, r6, #4096	@ 0x1000
200005b4:	601c      	str	r4, [r3, #0]
200005b6:	f7ff fe9f 	bl	200002f8 <reset_non_control_endpoints>
200005ba:	f44f 7380 	mov.w	r3, #256	@ 0x100
200005be:	2101      	movs	r1, #1
200005c0:	a801      	add	r0, sp, #4
200005c2:	f8ad 3004 	strh.w	r3, [sp, #4]
200005c6:	f8ad 400e 	strh.w	r4, [sp, #14]
200005ca:	f8cd 4006 	str.w	r4, [sp, #6]
200005ce:	f8cd 400a 	str.w	r4, [sp, #10]
200005d2:	f000 fb29 	bl	20000c28 <dcd_event_handler>
200005d6:	f44f 2200 	mov.w	r2, #524288	@ 0x80000
200005da:	4b44      	ldr	r3, [pc, #272]	@ (200006ec <dcd_rp2040_irq+0x2f8>)
200005dc:	651a      	str	r2, [r3, #80]	@ 0x50
200005de:	046a      	lsls	r2, r5, #17
200005e0:	d5c8      	bpl.n	20000574 <dcd_rp2040_irq+0x180>
200005e2:	2300      	movs	r3, #0
200005e4:	f44f 6280 	mov.w	r2, #1024	@ 0x400
200005e8:	2101      	movs	r1, #1
200005ea:	a801      	add	r0, sp, #4
200005ec:	f8ad 300e 	strh.w	r3, [sp, #14]
200005f0:	f8cd 3006 	str.w	r3, [sp, #6]
200005f4:	f8cd 300a 	str.w	r3, [sp, #10]
200005f8:	f8ad 2004 	strh.w	r2, [sp, #4]
200005fc:	f000 fb14 	bl	20000c28 <dcd_event_handler>
20000600:	2210      	movs	r2, #16
20000602:	4b3a      	ldr	r3, [pc, #232]	@ (200006ec <dcd_rp2040_irq+0x2f8>)
20000604:	f446 4680 	orr.w	r6, r6, #16384	@ 0x4000
20000608:	651a      	str	r2, [r3, #80]	@ 0x50
2000060a:	042b      	lsls	r3, r5, #16
2000060c:	d5b4      	bpl.n	20000578 <dcd_rp2040_irq+0x184>
2000060e:	2300      	movs	r3, #0
20000610:	f44f 62a0 	mov.w	r2, #1280	@ 0x500
20000614:	2101      	movs	r1, #1
20000616:	a801      	add	r0, sp, #4
20000618:	f8ad 300e 	strh.w	r3, [sp, #14]
2000061c:	f8cd 3006 	str.w	r3, [sp, #6]
20000620:	f8cd 300a 	str.w	r3, [sp, #10]
20000624:	f8ad 2004 	strh.w	r2, [sp, #4]
20000628:	f000 fafe 	bl	20000c28 <dcd_event_handler>
2000062c:	f44f 6200 	mov.w	r2, #2048	@ 0x800
20000630:	4b2e      	ldr	r3, [pc, #184]	@ (200006ec <dcd_rp2040_irq+0x2f8>)
20000632:	f446 4600 	orr.w	r6, r6, #32768	@ 0x8000
20000636:	651a      	str	r2, [r3, #80]	@ 0x50
20000638:	e79e      	b.n	20000578 <dcd_rp2040_irq+0x184>
2000063a:	f894 603a 	ldrb.w	r6, [r4, #58]	@ 0x3a
2000063e:	2e00      	cmp	r6, #0
20000640:	f43f aeeb 	beq.w	2000041a <dcd_rp2040_irq+0x26>
20000644:	f894 303c 	ldrb.w	r3, [r4, #60]	@ 0x3c
20000648:	2b00      	cmp	r3, #0
2000064a:	f43f aee6 	beq.w	2000041a <dcd_rp2040_irq+0x26>
2000064e:	2300      	movs	r3, #0
20000650:	f104 0020 	add.w	r0, r4, #32
20000654:	f884 303c 	strb.w	r3, [r4, #60]	@ 0x3c
20000658:	f000 fa96 	bl	20000b88 <hw_endpoint_start_next_buffer>
2000065c:	e6dd      	b.n	2000041a <dcd_rp2040_irq+0x26>
2000065e:	f894 737a 	ldrb.w	r7, [r4, #890]	@ 0x37a
20000662:	2f00      	cmp	r7, #0
20000664:	f43f af1a 	beq.w	2000049c <dcd_rp2040_irq+0xa8>
20000668:	f894 337c 	ldrb.w	r3, [r4, #892]	@ 0x37c
2000066c:	2b00      	cmp	r3, #0
2000066e:	f040 8136 	bne.w	200008de <dcd_rp2040_irq+0x4ea>
20000672:	f894 33bb 	ldrb.w	r3, [r4, #955]	@ 0x3bb
20000676:	2b02      	cmp	r3, #2
20000678:	d123      	bne.n	200006c2 <dcd_rp2040_irq+0x2ce>
2000067a:	f894 33ba 	ldrb.w	r3, [r4, #954]	@ 0x3ba
2000067e:	b9db      	cbnz	r3, 200006b8 <dcd_rp2040_irq+0x2c4>
20000680:	f894 33fb 	ldrb.w	r3, [r4, #1019]	@ 0x3fb
20000684:	2b02      	cmp	r3, #2
20000686:	f47f af1c 	bne.w	200004c2 <dcd_rp2040_irq+0xce>
2000068a:	463e      	mov	r6, r7
2000068c:	f894 33fa 	ldrb.w	r3, [r4, #1018]	@ 0x3fa
20000690:	2b00      	cmp	r3, #0
20000692:	f43f af0d 	beq.w	200004b0 <dcd_rp2040_irq+0xbc>
20000696:	f894 33fc 	ldrb.w	r3, [r4, #1020]	@ 0x3fc
2000069a:	2b00      	cmp	r3, #0
2000069c:	f43f af11 	beq.w	200004c2 <dcd_rp2040_irq+0xce>
200006a0:	2300      	movs	r3, #0
200006a2:	4817      	ldr	r0, [pc, #92]	@ (20000700 <dcd_rp2040_irq+0x30c>)
200006a4:	f884 33fc 	strb.w	r3, [r4, #1020]	@ 0x3fc
200006a8:	f000 fa6e 	bl	20000b88 <hw_endpoint_start_next_buffer>
200006ac:	e709      	b.n	200004c2 <dcd_rp2040_irq+0xce>
200006ae:	f894 33ba 	ldrb.w	r3, [r4, #954]	@ 0x3ba
200006b2:	2b00      	cmp	r3, #0
200006b4:	f43f aef7 	beq.w	200004a6 <dcd_rp2040_irq+0xb2>
200006b8:	f894 33bc 	ldrb.w	r3, [r4, #956]	@ 0x3bc
200006bc:	2b00      	cmp	r3, #0
200006be:	f040 80a7 	bne.w	20000810 <dcd_rp2040_irq+0x41c>
200006c2:	f894 33fb 	ldrb.w	r3, [r4, #1019]	@ 0x3fb
200006c6:	2b02      	cmp	r3, #2
200006c8:	f47f aefb 	bne.w	200004c2 <dcd_rp2040_irq+0xce>
200006cc:	f894 33fa 	ldrb.w	r3, [r4, #1018]	@ 0x3fa
200006d0:	2b00      	cmp	r3, #0
200006d2:	d1e0      	bne.n	20000696 <dcd_rp2040_irq+0x2a2>
200006d4:	e6f5      	b.n	200004c2 <dcd_rp2040_irq+0xce>
200006d6:	bf00      	nop
200006d8:	50110000 	.word	0x50110000
200006dc:	400b0000 	.word	0x400b0000
200006e0:	200034f4 	.word	0x200034f4
200006e4:	200034e8 	.word	0x200034e8
200006e8:	20023ced 	.word	0x20023ced
200006ec:	50113000 	.word	0x50113000
200006f0:	00020010 	.word	0x00020010
200006f4:	50112000 	.word	0x50112000
200006f8:	50100000 	.word	0x50100000
200006fc:	20003514 	.word	0x20003514
20000700:	200038d4 	.word	0x200038d4
20000704:	f894 733a 	ldrb.w	r7, [r4, #826]	@ 0x33a
20000708:	2f00      	cmp	r7, #0
2000070a:	f43f aec2 	beq.w	20000492 <dcd_rp2040_irq+0x9e>
2000070e:	f894 333c 	ldrb.w	r3, [r4, #828]	@ 0x33c
20000712:	2b00      	cmp	r3, #0
20000714:	f040 80db 	bne.w	200008ce <dcd_rp2040_irq+0x4da>
20000718:	463e      	mov	r6, r7
2000071a:	e6ba      	b.n	20000492 <dcd_rp2040_irq+0x9e>
2000071c:	f894 72fa 	ldrb.w	r7, [r4, #762]	@ 0x2fa
20000720:	2f00      	cmp	r7, #0
20000722:	f43f aeb1 	beq.w	20000488 <dcd_rp2040_irq+0x94>
20000726:	f894 32fc 	ldrb.w	r3, [r4, #764]	@ 0x2fc
2000072a:	2b00      	cmp	r3, #0
2000072c:	f040 80c7 	bne.w	200008be <dcd_rp2040_irq+0x4ca>
20000730:	463e      	mov	r6, r7
20000732:	e6a9      	b.n	20000488 <dcd_rp2040_irq+0x94>
20000734:	f894 72ba 	ldrb.w	r7, [r4, #698]	@ 0x2ba
20000738:	2f00      	cmp	r7, #0
2000073a:	f43f aea0 	beq.w	2000047e <dcd_rp2040_irq+0x8a>
2000073e:	f894 32bc 	ldrb.w	r3, [r4, #700]	@ 0x2bc
20000742:	2b00      	cmp	r3, #0
20000744:	f040 80b3 	bne.w	200008ae <dcd_rp2040_irq+0x4ba>
20000748:	463e      	mov	r6, r7
2000074a:	e698      	b.n	2000047e <dcd_rp2040_irq+0x8a>
2000074c:	f894 727a 	ldrb.w	r7, [r4, #634]	@ 0x27a
20000750:	2f00      	cmp	r7, #0
20000752:	f43f ae8f 	beq.w	20000474 <dcd_rp2040_irq+0x80>
20000756:	f894 327c 	ldrb.w	r3, [r4, #636]	@ 0x27c
2000075a:	2b00      	cmp	r3, #0
2000075c:	f040 809f 	bne.w	2000089e <dcd_rp2040_irq+0x4aa>
20000760:	463e      	mov	r6, r7
20000762:	e687      	b.n	20000474 <dcd_rp2040_irq+0x80>
20000764:	f894 723a 	ldrb.w	r7, [r4, #570]	@ 0x23a
20000768:	2f00      	cmp	r7, #0
2000076a:	f43f ae7e 	beq.w	2000046a <dcd_rp2040_irq+0x76>
2000076e:	f894 323c 	ldrb.w	r3, [r4, #572]	@ 0x23c
20000772:	2b00      	cmp	r3, #0
20000774:	f040 808b 	bne.w	2000088e <dcd_rp2040_irq+0x49a>
20000778:	463e      	mov	r6, r7
2000077a:	e676      	b.n	2000046a <dcd_rp2040_irq+0x76>
2000077c:	f894 71fa 	ldrb.w	r7, [r4, #506]	@ 0x1fa
20000780:	2f00      	cmp	r7, #0
20000782:	f43f ae6d 	beq.w	20000460 <dcd_rp2040_irq+0x6c>
20000786:	f894 31fc 	ldrb.w	r3, [r4, #508]	@ 0x1fc
2000078a:	2b00      	cmp	r3, #0
2000078c:	d177      	bne.n	2000087e <dcd_rp2040_irq+0x48a>
2000078e:	463e      	mov	r6, r7
20000790:	e666      	b.n	20000460 <dcd_rp2040_irq+0x6c>
20000792:	f894 71ba 	ldrb.w	r7, [r4, #442]	@ 0x1ba
20000796:	2f00      	cmp	r7, #0
20000798:	f43f ae5d 	beq.w	20000456 <dcd_rp2040_irq+0x62>
2000079c:	f894 31bc 	ldrb.w	r3, [r4, #444]	@ 0x1bc
200007a0:	2b00      	cmp	r3, #0
200007a2:	d164      	bne.n	2000086e <dcd_rp2040_irq+0x47a>
200007a4:	463e      	mov	r6, r7
200007a6:	e656      	b.n	20000456 <dcd_rp2040_irq+0x62>
200007a8:	f894 717a 	ldrb.w	r7, [r4, #378]	@ 0x17a
200007ac:	2f00      	cmp	r7, #0
200007ae:	f43f ae4d 	beq.w	2000044c <dcd_rp2040_irq+0x58>
200007b2:	f894 317c 	ldrb.w	r3, [r4, #380]	@ 0x17c
200007b6:	2b00      	cmp	r3, #0
200007b8:	d151      	bne.n	2000085e <dcd_rp2040_irq+0x46a>
200007ba:	463e      	mov	r6, r7
200007bc:	e646      	b.n	2000044c <dcd_rp2040_irq+0x58>
200007be:	f894 713a 	ldrb.w	r7, [r4, #314]	@ 0x13a
200007c2:	2f00      	cmp	r7, #0
200007c4:	f43f ae3d 	beq.w	20000442 <dcd_rp2040_irq+0x4e>
200007c8:	f894 313c 	ldrb.w	r3, [r4, #316]	@ 0x13c
200007cc:	2b00      	cmp	r3, #0
200007ce:	d13e      	bne.n	2000084e <dcd_rp2040_irq+0x45a>
200007d0:	463e      	mov	r6, r7
200007d2:	e636      	b.n	20000442 <dcd_rp2040_irq+0x4e>
200007d4:	f894 70fa 	ldrb.w	r7, [r4, #250]	@ 0xfa
200007d8:	2f00      	cmp	r7, #0
200007da:	f43f ae2d 	beq.w	20000438 <dcd_rp2040_irq+0x44>
200007de:	f894 30fc 	ldrb.w	r3, [r4, #252]	@ 0xfc
200007e2:	bb63      	cbnz	r3, 2000083e <dcd_rp2040_irq+0x44a>
200007e4:	463e      	mov	r6, r7
200007e6:	e627      	b.n	20000438 <dcd_rp2040_irq+0x44>
200007e8:	f894 70ba 	ldrb.w	r7, [r4, #186]	@ 0xba
200007ec:	2f00      	cmp	r7, #0
200007ee:	f43f ae1e 	beq.w	2000042e <dcd_rp2040_irq+0x3a>
200007f2:	f894 30bc 	ldrb.w	r3, [r4, #188]	@ 0xbc
200007f6:	b9d3      	cbnz	r3, 2000082e <dcd_rp2040_irq+0x43a>
200007f8:	463e      	mov	r6, r7
200007fa:	e618      	b.n	2000042e <dcd_rp2040_irq+0x3a>
200007fc:	f894 707a 	ldrb.w	r7, [r4, #122]	@ 0x7a
20000800:	2f00      	cmp	r7, #0
20000802:	f43f ae0f 	beq.w	20000424 <dcd_rp2040_irq+0x30>
20000806:	f894 307c 	ldrb.w	r3, [r4, #124]	@ 0x7c
2000080a:	b943      	cbnz	r3, 2000081e <dcd_rp2040_irq+0x42a>
2000080c:	463e      	mov	r6, r7
2000080e:	e609      	b.n	20000424 <dcd_rp2040_irq+0x30>
20000810:	2300      	movs	r3, #0
20000812:	4839      	ldr	r0, [pc, #228]	@ (200008f8 <dcd_rp2040_irq+0x504>)
20000814:	f884 33bc 	strb.w	r3, [r4, #956]	@ 0x3bc
20000818:	f000 f9b6 	bl	20000b88 <hw_endpoint_start_next_buffer>
2000081c:	e751      	b.n	200006c2 <dcd_rp2040_irq+0x2ce>
2000081e:	2300      	movs	r3, #0
20000820:	4836      	ldr	r0, [pc, #216]	@ (200008fc <dcd_rp2040_irq+0x508>)
20000822:	f884 307c 	strb.w	r3, [r4, #124]	@ 0x7c
20000826:	463e      	mov	r6, r7
20000828:	f000 f9ae 	bl	20000b88 <hw_endpoint_start_next_buffer>
2000082c:	e5fa      	b.n	20000424 <dcd_rp2040_irq+0x30>
2000082e:	2300      	movs	r3, #0
20000830:	4833      	ldr	r0, [pc, #204]	@ (20000900 <dcd_rp2040_irq+0x50c>)
20000832:	f884 30bc 	strb.w	r3, [r4, #188]	@ 0xbc
20000836:	463e      	mov	r6, r7
20000838:	f000 f9a6 	bl	20000b88 <hw_endpoint_start_next_buffer>
2000083c:	e5f7      	b.n	2000042e <dcd_rp2040_irq+0x3a>
2000083e:	2300      	movs	r3, #0
20000840:	4830      	ldr	r0, [pc, #192]	@ (20000904 <dcd_rp2040_irq+0x510>)
20000842:	f884 30fc 	strb.w	r3, [r4, #252]	@ 0xfc
20000846:	463e      	mov	r6, r7
20000848:	f000 f99e 	bl	20000b88 <hw_endpoint_start_next_buffer>
2000084c:	e5f4      	b.n	20000438 <dcd_rp2040_irq+0x44>
2000084e:	2300      	movs	r3, #0
20000850:	482d      	ldr	r0, [pc, #180]	@ (20000908 <dcd_rp2040_irq+0x514>)
20000852:	f884 313c 	strb.w	r3, [r4, #316]	@ 0x13c
20000856:	463e      	mov	r6, r7
20000858:	f000 f996 	bl	20000b88 <hw_endpoint_start_next_buffer>
2000085c:	e5f1      	b.n	20000442 <dcd_rp2040_irq+0x4e>
2000085e:	2300      	movs	r3, #0
20000860:	482a      	ldr	r0, [pc, #168]	@ (2000090c <dcd_rp2040_irq+0x518>)
20000862:	f884 317c 	strb.w	r3, [r4, #380]	@ 0x17c
20000866:	463e      	mov	r6, r7
20000868:	f000 f98e 	bl	20000b88 <hw_endpoint_start_next_buffer>
2000086c:	e5ee      	b.n	2000044c <dcd_rp2040_irq+0x58>
2000086e:	2300      	movs	r3, #0
20000870:	4827      	ldr	r0, [pc, #156]	@ (20000910 <dcd_rp2040_irq+0x51c>)
20000872:	f884 31bc 	strb.w	r3, [r4, #444]	@ 0x1bc
20000876:	463e      	mov	r6, r7
20000878:	f000 f986 	bl	20000b88 <hw_endpoint_start_next_buffer>
2000087c:	e5eb      	b.n	20000456 <dcd_rp2040_irq+0x62>
2000087e:	2300      	movs	r3, #0
20000880:	4824      	ldr	r0, [pc, #144]	@ (20000914 <dcd_rp2040_irq+0x520>)
20000882:	f884 31fc 	strb.w	r3, [r4, #508]	@ 0x1fc
20000886:	463e      	mov	r6, r7
20000888:	f000 f97e 	bl	20000b88 <hw_endpoint_start_next_buffer>
2000088c:	e5e8      	b.n	20000460 <dcd_rp2040_irq+0x6c>
2000088e:	2300      	movs	r3, #0
20000890:	4821      	ldr	r0, [pc, #132]	@ (20000918 <dcd_rp2040_irq+0x524>)
20000892:	f884 323c 	strb.w	r3, [r4, #572]	@ 0x23c
20000896:	463e      	mov	r6, r7
20000898:	f000 f976 	bl	20000b88 <hw_endpoint_start_next_buffer>
2000089c:	e5e5      	b.n	2000046a <dcd_rp2040_irq+0x76>
2000089e:	2300      	movs	r3, #0
200008a0:	481e      	ldr	r0, [pc, #120]	@ (2000091c <dcd_rp2040_irq+0x528>)
200008a2:	f884 327c 	strb.w	r3, [r4, #636]	@ 0x27c
200008a6:	463e      	mov	r6, r7
200008a8:	f000 f96e 	bl	20000b88 <hw_endpoint_start_next_buffer>
200008ac:	e5e2      	b.n	20000474 <dcd_rp2040_irq+0x80>
200008ae:	2300      	movs	r3, #0
200008b0:	481b      	ldr	r0, [pc, #108]	@ (20000920 <dcd_rp2040_irq+0x52c>)
200008b2:	f884 32bc 	strb.w	r3, [r4, #700]	@ 0x2bc
200008b6:	463e      	mov	r6, r7
200008b8:	f000 f966 	bl	20000b88 <hw_endpoint_start_next_buffer>
200008bc:	e5df      	b.n	2000047e <dcd_rp2040_irq+0x8a>
200008be:	2300      	movs	r3, #0
200008c0:	4818      	ldr	r0, [pc, #96]	@ (20000924 <dcd_rp2040_irq+0x530>)
200008c2:	f884 32fc 	strb.w	r3, [r4, #764]	@ 0x2fc
200008c6:	463e      	mov	r6, r7
200008c8:	f000 f95e 	bl	20000b88 <hw_endpoint_start_next_buffer>
200008cc:	e5dc      	b.n	20000488 <dcd_rp2040_irq+0x94>
200008ce:	2300      	movs	r3, #0
200008d0:	4815      	ldr	r0, [pc, #84]	@ (20000928 <dcd_rp2040_irq+0x534>)
200008d2:	f884 333c 	strb.w	r3, [r4, #828]	@ 0x33c
200008d6:	463e      	mov	r6, r7
200008d8:	f000 f956 	bl	20000b88 <hw_endpoint_start_next_buffer>
200008dc:	e5d9      	b.n	20000492 <dcd_rp2040_irq+0x9e>
200008de:	2300      	movs	r3, #0
200008e0:	4812      	ldr	r0, [pc, #72]	@ (2000092c <dcd_rp2040_irq+0x538>)
200008e2:	f884 337c 	strb.w	r3, [r4, #892]	@ 0x37c
200008e6:	f000 f94f 	bl	20000b88 <hw_endpoint_start_next_buffer>
200008ea:	e6c2      	b.n	20000672 <dcd_rp2040_irq+0x27e>
200008ec:	4810      	ldr	r0, [pc, #64]	@ (20000930 <dcd_rp2040_irq+0x53c>)
200008ee:	ea86 0105 	eor.w	r1, r6, r5
200008f2:	f001 fc69 	bl	200021c8 <__panic_veneer>
200008f6:	bf00      	nop
200008f8:	20003894 	.word	0x20003894
200008fc:	20003554 	.word	0x20003554
20000900:	20003594 	.word	0x20003594
20000904:	200035d4 	.word	0x200035d4
20000908:	20003614 	.word	0x20003614
2000090c:	20003654 	.word	0x20003654
20000910:	20003694 	.word	0x20003694
20000914:	200036d4 	.word	0x200036d4
20000918:	20003714 	.word	0x20003714
2000091c:	20003754 	.word	0x20003754
20000920:	20003794 	.word	0x20003794
20000924:	200037d4 	.word	0x200037d4
20000928:	20003814 	.word	0x20003814
2000092c:	20003854 	.word	0x20003854
20000930:	1000b578 	.word	0x1000b578

20000934 <prepare_ep_buffer>:
20000934:	e92d 43f0 	stmdb	sp!, {r4, r5, r6, r7, r8, r9, lr}
20000938:	8a82      	ldrh	r2, [r0, #20]
2000093a:	8b04      	ldrh	r4, [r0, #24]
2000093c:	4603      	mov	r3, r0
2000093e:	4294      	cmp	r4, r2
20000940:	78c0      	ldrb	r0, [r0, #3]
20000942:	bf28      	it	cs
20000944:	4614      	movcs	r4, r2
20000946:	1e05      	subs	r5, r0, #0
20000948:	bf18      	it	ne
2000094a:	2501      	movne	r5, #1
2000094c:	f080 0001 	eor.w	r0, r0, #1
20000950:	1b12      	subs	r2, r2, r4
20000952:	785e      	ldrb	r6, [r3, #1]
20000954:	70d8      	strb	r0, [r3, #3]
20000956:	b292      	uxth	r2, r2
20000958:	f444 6080 	orr.w	r0, r4, #1024	@ 0x400
2000095c:	829a      	strh	r2, [r3, #20]
2000095e:	ea40 3045 	orr.w	r0, r0, r5, lsl #13
20000962:	bb06      	cbnz	r6, 200009a6 <prepare_ep_buffer+0x72>
20000964:	68dd      	ldr	r5, [r3, #12]
20000966:	f104 38ff 	add.w	r8, r4, #4294967295	@ 0xffffffff
2000096a:	eb05 1c81 	add.w	ip, r5, r1, lsl #6
2000096e:	691d      	ldr	r5, [r3, #16]
20000970:	b1ac      	cbz	r4, 2000099e <prepare_ep_buffer+0x6a>
20000972:	f1b8 0f05 	cmp.w	r8, #5
20000976:	f105 0201 	add.w	r2, r5, #1
2000097a:	d903      	bls.n	20000984 <prepare_ep_buffer+0x50>
2000097c:	ebac 0702 	sub.w	r7, ip, r2
20000980:	2f02      	cmp	r7, #2
20000982:	d817      	bhi.n	200009b4 <prepare_ep_buffer+0x80>
20000984:	f10c 3cff 	add.w	ip, ip, #4294967295	@ 0xffffffff
20000988:	4425      	add	r5, r4
2000098a:	e000      	b.n	2000098e <prepare_ep_buffer+0x5a>
2000098c:	3201      	adds	r2, #1
2000098e:	f812 6c01 	ldrb.w	r6, [r2, #-1]
20000992:	42aa      	cmp	r2, r5
20000994:	f80c 6f01 	strb.w	r6, [ip, #1]!
20000998:	d1f8      	bne.n	2000098c <prepare_ep_buffer+0x58>
2000099a:	691d      	ldr	r5, [r3, #16]
2000099c:	8a9a      	ldrh	r2, [r3, #20]
2000099e:	4425      	add	r5, r4
200009a0:	611d      	str	r5, [r3, #16]
200009a2:	f440 4000 	orr.w	r0, r0, #32768	@ 0x8000
200009a6:	b90a      	cbnz	r2, 200009ac <prepare_ep_buffer+0x78>
200009a8:	f440 4080 	orr.w	r0, r0, #16384	@ 0x4000
200009ac:	b101      	cbz	r1, 200009b0 <prepare_ep_buffer+0x7c>
200009ae:	0400      	lsls	r0, r0, #16
200009b0:	e8bd 83f0 	ldmia.w	sp!, {r4, r5, r6, r7, r8, r9, pc}
200009b4:	462f      	mov	r7, r5
200009b6:	46e6      	mov	lr, ip
200009b8:	4632      	mov	r2, r6
200009ba:	1f26      	subs	r6, r4, #4
200009bc:	08b6      	lsrs	r6, r6, #2
200009be:	3601      	adds	r6, #1
200009c0:	f857 9b04 	ldr.w	r9, [r7], #4
200009c4:	3201      	adds	r2, #1
200009c6:	4296      	cmp	r6, r2
200009c8:	f84e 9b04 	str.w	r9, [lr], #4
200009cc:	d8f8      	bhi.n	200009c0 <prepare_ep_buffer+0x8c>
200009ce:	ebb4 0f86 	cmp.w	r4, r6, lsl #2
200009d2:	eba8 0286 	sub.w	r2, r8, r6, lsl #2
200009d6:	eb05 0e86 	add.w	lr, r5, r6, lsl #2
200009da:	eb0c 0786 	add.w	r7, ip, r6, lsl #2
200009de:	d0dc      	beq.n	2000099a <prepare_ep_buffer+0x66>
200009e0:	f815 5026 	ldrb.w	r5, [r5, r6, lsl #2]
200009e4:	f80c 5026 	strb.w	r5, [ip, r6, lsl #2]
200009e8:	2a00      	cmp	r2, #0
200009ea:	d0d6      	beq.n	2000099a <prepare_ep_buffer+0x66>
200009ec:	f89e 5001 	ldrb.w	r5, [lr, #1]
200009f0:	2a01      	cmp	r2, #1
200009f2:	707d      	strb	r5, [r7, #1]
200009f4:	d0d1      	beq.n	2000099a <prepare_ep_buffer+0x66>
200009f6:	f89e 2002 	ldrb.w	r2, [lr, #2]
200009fa:	70ba      	strb	r2, [r7, #2]
200009fc:	691d      	ldr	r5, [r3, #16]
200009fe:	8a9a      	ldrh	r2, [r3, #20]
20000a00:	e7cd      	b.n	2000099e <prepare_ep_buffer+0x6a>
20000a02:	bf00      	nop

20000a04 <sync_ep_buffer>:
20000a04:	6883      	ldr	r3, [r0, #8]
20000a06:	4602      	mov	r2, r0
20000a08:	6818      	ldr	r0, [r3, #0]
20000a0a:	b101      	cbz	r1, 20000a0e <sync_ep_buffer+0xa>
20000a0c:	0c00      	lsrs	r0, r0, #16
20000a0e:	7853      	ldrb	r3, [r2, #1]
20000a10:	f3c0 0009 	ubfx	r0, r0, #0, #10
20000a14:	b313      	cbz	r3, 20000a5c <sync_ep_buffer+0x58>
20000a16:	b5f0      	push	{r4, r5, r6, r7, lr}
20000a18:	e9d2 5403 	ldrd	r5, r4, [r2, #12]
20000a1c:	018f      	lsls	r7, r1, #6
20000a1e:	eb05 1381 	add.w	r3, r5, r1, lsl #6
20000a22:	1e46      	subs	r6, r0, #1
20000a24:	b178      	cbz	r0, 20000a46 <sync_ep_buffer+0x42>
20000a26:	2e05      	cmp	r6, #5
20000a28:	d904      	bls.n	20000a34 <sync_ep_buffer+0x30>
20000a2a:	3701      	adds	r7, #1
20000a2c:	443d      	add	r5, r7
20000a2e:	1b65      	subs	r5, r4, r5
20000a30:	2d02      	cmp	r5, #2
20000a32:	d81c      	bhi.n	20000a6e <sync_ep_buffer+0x6a>
20000a34:	1e61      	subs	r1, r4, #1
20000a36:	181d      	adds	r5, r3, r0
20000a38:	f813 4b01 	ldrb.w	r4, [r3], #1
20000a3c:	429d      	cmp	r5, r3
20000a3e:	f801 4f01 	strb.w	r4, [r1, #1]!
20000a42:	d1f9      	bne.n	20000a38 <sync_ep_buffer+0x34>
20000a44:	6914      	ldr	r4, [r2, #16]
20000a46:	8ad3      	ldrh	r3, [r2, #22]
20000a48:	4404      	add	r4, r0
20000a4a:	4403      	add	r3, r0
20000a4c:	82d3      	strh	r3, [r2, #22]
20000a4e:	8b13      	ldrh	r3, [r2, #24]
20000a50:	6114      	str	r4, [r2, #16]
20000a52:	4283      	cmp	r3, r0
20000a54:	bf84      	itt	hi
20000a56:	2300      	movhi	r3, #0
20000a58:	8293      	strhhi	r3, [r2, #20]
20000a5a:	bdf0      	pop	{r4, r5, r6, r7, pc}
20000a5c:	8ad3      	ldrh	r3, [r2, #22]
20000a5e:	4403      	add	r3, r0
20000a60:	82d3      	strh	r3, [r2, #22]
20000a62:	8b13      	ldrh	r3, [r2, #24]
20000a64:	4283      	cmp	r3, r0
20000a66:	bf84      	itt	hi
20000a68:	2300      	movhi	r3, #0
20000a6a:	8293      	strhhi	r3, [r2, #20]
20000a6c:	4770      	bx	lr
20000a6e:	469e      	mov	lr, r3
20000a70:	4625      	mov	r5, r4
20000a72:	2100      	movs	r1, #0
20000a74:	f1a0 0c04 	sub.w	ip, r0, #4
20000a78:	ea4f 0c9c 	mov.w	ip, ip, lsr #2
20000a7c:	f10c 0c01 	add.w	ip, ip, #1
20000a80:	f85e 7b04 	ldr.w	r7, [lr], #4
20000a84:	3101      	adds	r1, #1
20000a86:	4561      	cmp	r1, ip
20000a88:	f845 7b04 	str.w	r7, [r5], #4
20000a8c:	d3f8      	bcc.n	20000a80 <sync_ep_buffer+0x7c>
20000a8e:	ebb0 0f8c 	cmp.w	r0, ip, lsl #2
20000a92:	eba6 068c 	sub.w	r6, r6, ip, lsl #2
20000a96:	eb03 058c 	add.w	r5, r3, ip, lsl #2
20000a9a:	eb04 018c 	add.w	r1, r4, ip, lsl #2
20000a9e:	d0d1      	beq.n	20000a44 <sync_ep_buffer+0x40>
20000aa0:	f813 302c 	ldrb.w	r3, [r3, ip, lsl #2]
20000aa4:	f804 302c 	strb.w	r3, [r4, ip, lsl #2]
20000aa8:	2e00      	cmp	r6, #0
20000aaa:	d0cb      	beq.n	20000a44 <sync_ep_buffer+0x40>
20000aac:	786b      	ldrb	r3, [r5, #1]
20000aae:	2e01      	cmp	r6, #1
20000ab0:	704b      	strb	r3, [r1, #1]
20000ab2:	d0c7      	beq.n	20000a44 <sync_ep_buffer+0x40>
20000ab4:	78ab      	ldrb	r3, [r5, #2]
20000ab6:	708b      	strb	r3, [r1, #2]
20000ab8:	6914      	ldr	r4, [r2, #16]
20000aba:	e7c4      	b.n	20000a46 <sync_ep_buffer+0x42>

20000abc <_hw_endpoint_xfer_sync>:
20000abc:	b510      	push	{r4, lr}
20000abe:	4604      	mov	r4, r0
20000ac0:	6883      	ldr	r3, [r0, #8]
20000ac2:	2100      	movs	r1, #0
20000ac4:	681b      	ldr	r3, [r3, #0]
20000ac6:	f7ff ff9d 	bl	20000a04 <sync_ep_buffer>
20000aca:	6863      	ldr	r3, [r4, #4]
20000acc:	681b      	ldr	r3, [r3, #0]
20000ace:	005b      	lsls	r3, r3, #1
20000ad0:	d502      	bpl.n	20000ad8 <_hw_endpoint_xfer_sync+0x1c>
20000ad2:	8b23      	ldrh	r3, [r4, #24]
20000ad4:	4283      	cmp	r3, r0
20000ad6:	d000      	beq.n	20000ada <_hw_endpoint_xfer_sync+0x1e>
20000ad8:	bd10      	pop	{r4, pc}
20000ada:	4620      	mov	r0, r4
20000adc:	e8bd 4010 	ldmia.w	sp!, {r4, lr}
20000ae0:	2101      	movs	r1, #1
20000ae2:	f7ff bf8f 	b.w	20000a04 <sync_ep_buffer>
20000ae6:	bf00      	nop

20000ae8 <e15_is_bulkin_ep>:
20000ae8:	4b08      	ldr	r3, [pc, #32]	@ (20000b0c <e15_is_bulkin_ep+0x24>)
20000aea:	6c1b      	ldr	r3, [r3, #64]	@ 0x40
20000aec:	f013 0302 	ands.w	r3, r3, #2
20000af0:	d102      	bne.n	20000af8 <e15_is_bulkin_ep+0x10>
20000af2:	7882      	ldrb	r2, [r0, #2]
20000af4:	09d2      	lsrs	r2, r2, #7
20000af6:	d101      	bne.n	20000afc <e15_is_bulkin_ep+0x14>
20000af8:	2000      	movs	r0, #0
20000afa:	4770      	bx	lr
20000afc:	7ec0      	ldrb	r0, [r0, #27]
20000afe:	f1a0 0002 	sub.w	r0, r0, #2
20000b02:	fab0 f080 	clz	r0, r0
20000b06:	0940      	lsrs	r0, r0, #5
20000b08:	4770      	bx	lr
20000b0a:	bf00      	nop
20000b0c:	50110000 	.word	0x50110000

20000b10 <e15_is_critical_frame_period>:
20000b10:	b508      	push	{r3, lr}
20000b12:	f7ff ffe9 	bl	20000ae8 <e15_is_bulkin_ep>
20000b16:	b150      	cbz	r0, 20000b2e <e15_is_critical_frame_period+0x1e>
20000b18:	4a05      	ldr	r2, [pc, #20]	@ (20000b30 <e15_is_critical_frame_period+0x20>)
20000b1a:	4b06      	ldr	r3, [pc, #24]	@ (20000b34 <e15_is_critical_frame_period+0x24>)
20000b1c:	6a90      	ldr	r0, [r2, #40]	@ 0x28
20000b1e:	681b      	ldr	r3, [r3, #0]
20000b20:	f5a0 7048 	sub.w	r0, r0, #800	@ 0x320
20000b24:	1ac0      	subs	r0, r0, r3
20000b26:	28c6      	cmp	r0, #198	@ 0xc6
20000b28:	bf8c      	ite	hi
20000b2a:	2000      	movhi	r0, #0
20000b2c:	2001      	movls	r0, #1
20000b2e:	bd08      	pop	{r3, pc}
20000b30:	400b0000 	.word	0x400b0000
20000b34:	200034e8 	.word	0x200034e8

20000b38 <hw_endpoint_reset_transfer>:
20000b38:	2300      	movs	r3, #0
20000b3a:	e9c0 3304 	strd	r3, r3, [r0, #16]
20000b3e:	7683      	strb	r3, [r0, #26]
20000b40:	4770      	bx	lr
20000b42:	bf00      	nop

20000b44 <_hw_endpoint_buffer_control_update32>:
20000b44:	b510      	push	{r4, lr}
20000b46:	6883      	ldr	r3, [r0, #8]
20000b48:	b109      	cbz	r1, 20000b4e <_hw_endpoint_buffer_control_update32+0xa>
20000b4a:	681c      	ldr	r4, [r3, #0]
20000b4c:	4021      	ands	r1, r4
20000b4e:	b182      	cbz	r2, 20000b72 <_hw_endpoint_buffer_control_update32+0x2e>
20000b50:	4311      	orrs	r1, r2
20000b52:	0552      	lsls	r2, r2, #21
20000b54:	d50d      	bpl.n	20000b72 <_hw_endpoint_buffer_control_update32+0x2e>
20000b56:	681a      	ldr	r2, [r3, #0]
20000b58:	0554      	lsls	r4, r2, #21
20000b5a:	d40c      	bmi.n	20000b76 <_hw_endpoint_buffer_control_update32+0x32>
20000b5c:	4a08      	ldr	r2, [pc, #32]	@ (20000b80 <_hw_endpoint_buffer_control_update32+0x3c>)
20000b5e:	f421 6480 	bic.w	r4, r1, #1024	@ 0x400
20000b62:	601c      	str	r4, [r3, #0]
20000b64:	6c12      	ldr	r2, [r2, #64]	@ 0x40
20000b66:	0792      	lsls	r2, r2, #30
20000b68:	d403      	bmi.n	20000b72 <_hw_endpoint_buffer_control_update32+0x2e>
20000b6a:	230c      	movs	r3, #12
20000b6c:	3b03      	subs	r3, #3
20000b6e:	d2fd      	bcs.n	20000b6c <_hw_endpoint_buffer_control_update32+0x28>
20000b70:	6883      	ldr	r3, [r0, #8]
20000b72:	6019      	str	r1, [r3, #0]
20000b74:	bd10      	pop	{r4, pc}
20000b76:	7881      	ldrb	r1, [r0, #2]
20000b78:	4802      	ldr	r0, [pc, #8]	@ (20000b84 <_hw_endpoint_buffer_control_update32+0x40>)
20000b7a:	f001 fb25 	bl	200021c8 <__panic_veneer>
20000b7e:	bf00      	nop
20000b80:	50110000 	.word	0x50110000
20000b84:	1000b58c 	.word	0x1000b58c

20000b88 <hw_endpoint_start_next_buffer>:
20000b88:	b530      	push	{r4, r5, lr}
20000b8a:	6843      	ldr	r3, [r0, #4]
20000b8c:	2100      	movs	r1, #0
20000b8e:	b083      	sub	sp, #12
20000b90:	4604      	mov	r4, r0
20000b92:	681d      	ldr	r5, [r3, #0]
20000b94:	f7ff fece 	bl	20000934 <prepare_ep_buffer>
20000b98:	4b13      	ldr	r3, [pc, #76]	@ (20000be8 <hw_endpoint_start_next_buffer+0x60>)
20000b9a:	f440 5280 	orr.w	r2, r0, #4096	@ 0x1000
20000b9e:	6c1b      	ldr	r3, [r3, #64]	@ 0x40
20000ba0:	f013 0f02 	tst.w	r3, #2
20000ba4:	78a3      	ldrb	r3, [r4, #2]
20000ba6:	d00e      	beq.n	20000bc6 <hw_endpoint_start_next_buffer+0x3e>
20000ba8:	065b      	lsls	r3, r3, #25
20000baa:	d00e      	beq.n	20000bca <hw_endpoint_start_next_buffer+0x42>
20000bac:	f025 45a0 	bic.w	r5, r5, #1342177280	@ 0x50000000
20000bb0:	f045 5500 	orr.w	r5, r5, #536870912	@ 0x20000000
20000bb4:	2100      	movs	r1, #0
20000bb6:	4620      	mov	r0, r4
20000bb8:	6863      	ldr	r3, [r4, #4]
20000bba:	601d      	str	r5, [r3, #0]
20000bbc:	b003      	add	sp, #12
20000bbe:	e8bd 4030 	ldmia.w	sp!, {r4, r5, lr}
20000bc2:	f7ff bfbf 	b.w	20000b44 <_hw_endpoint_buffer_control_update32>
20000bc6:	09db      	lsrs	r3, r3, #7
20000bc8:	d0f0      	beq.n	20000bac <hw_endpoint_start_next_buffer+0x24>
20000bca:	8aa3      	ldrh	r3, [r4, #20]
20000bcc:	2b00      	cmp	r3, #0
20000bce:	d0ed      	beq.n	20000bac <hw_endpoint_start_next_buffer+0x24>
20000bd0:	2101      	movs	r1, #1
20000bd2:	4620      	mov	r0, r4
20000bd4:	9201      	str	r2, [sp, #4]
20000bd6:	f7ff fead 	bl	20000934 <prepare_ep_buffer>
20000bda:	9a01      	ldr	r2, [sp, #4]
20000bdc:	f025 5500 	bic.w	r5, r5, #536870912	@ 0x20000000
20000be0:	4302      	orrs	r2, r0
20000be2:	f045 45a0 	orr.w	r5, r5, #1342177280	@ 0x50000000
20000be6:	e7e5      	b.n	20000bb4 <hw_endpoint_start_next_buffer+0x2c>
20000be8:	50110000 	.word	0x50110000

20000bec <hw_endpoint_xfer_continue>:
20000bec:	b538      	push	{r3, r4, r5, lr}
20000bee:	7e85      	ldrb	r5, [r0, #26]
20000bf0:	4604      	mov	r4, r0
20000bf2:	b195      	cbz	r5, 20000c1a <hw_endpoint_xfer_continue+0x2e>
20000bf4:	f7ff ff62 	bl	20000abc <_hw_endpoint_xfer_sync>
20000bf8:	8aa3      	ldrh	r3, [r4, #20]
20000bfa:	b90b      	cbnz	r3, 20000c00 <hw_endpoint_xfer_continue+0x14>
20000bfc:	4628      	mov	r0, r5
20000bfe:	bd38      	pop	{r3, r4, r5, pc}
20000c00:	4620      	mov	r0, r4
20000c02:	f7ff ff85 	bl	20000b10 <e15_is_critical_frame_period>
20000c06:	b120      	cbz	r0, 20000c12 <hw_endpoint_xfer_continue+0x26>
20000c08:	2301      	movs	r3, #1
20000c0a:	7723      	strb	r3, [r4, #28]
20000c0c:	2500      	movs	r5, #0
20000c0e:	4628      	mov	r0, r5
20000c10:	bd38      	pop	{r3, r4, r5, pc}
20000c12:	4620      	mov	r0, r4
20000c14:	f7ff ffb8 	bl	20000b88 <hw_endpoint_start_next_buffer>
20000c18:	e7f8      	b.n	20000c0c <hw_endpoint_xfer_continue+0x20>
20000c1a:	7881      	ldrb	r1, [r0, #2]
20000c1c:	4801      	ldr	r0, [pc, #4]	@ (20000c24 <hw_endpoint_xfer_continue+0x38>)
20000c1e:	f001 fad3 	bl	200021c8 <__panic_veneer>
20000c22:	bf00      	nop
20000c24:	1000b5ac 	.word	0x1000b5ac

20000c28 <dcd_event_handler>:
20000c28:	e92d 43f0 	stmdb	sp!, {r4, r5, r6, r7, r8, r9, lr}
20000c2c:	7843      	ldrb	r3, [r0, #1]
20000c2e:	4681      	mov	r9, r0
20000c30:	3b02      	subs	r3, #2
20000c32:	460d      	mov	r5, r1
20000c34:	b085      	sub	sp, #20
20000c36:	2b04      	cmp	r3, #4
20000c38:	d813      	bhi.n	20000c62 <dcd_event_handler+0x3a>
20000c3a:	e8df f003 	tbb	[pc, r3]
20000c3e:	4a03      	.short	0x4a03
20000c40:	736a      	.short	0x736a
20000c42:	44          	.byte	0x44
20000c43:	00          	.byte	0x00
20000c44:	2100      	movs	r1, #0
20000c46:	4b7b      	ldr	r3, [pc, #492]	@ (20000e34 <dcd_event_handler+0x20c>)
20000c48:	781a      	ldrb	r2, [r3, #0]
20000c4a:	f022 0201 	bic.w	r2, r2, #1
20000c4e:	701a      	strb	r2, [r3, #0]
20000c50:	781a      	ldrb	r2, [r3, #0]
20000c52:	f022 0202 	bic.w	r2, r2, #2
20000c56:	701a      	strb	r2, [r3, #0]
20000c58:	7059      	strb	r1, [r3, #1]
20000c5a:	781a      	ldrb	r2, [r3, #0]
20000c5c:	f361 0282 	bfi	r2, r1, #2, #1
20000c60:	701a      	strb	r2, [r3, #0]
20000c62:	4b75      	ldr	r3, [pc, #468]	@ (20000e38 <dcd_event_handler+0x210>)
20000c64:	681c      	ldr	r4, [r3, #0]
20000c66:	6963      	ldr	r3, [r4, #20]
20000c68:	f3ef 8210 	mrs	r2, PRIMASK
20000c6c:	b672      	cpsid	i
20000c6e:	e8d3 0fcf 	ldaexb	r0, [r3]
20000c72:	2101      	movs	r1, #1
20000c74:	2800      	cmp	r0, #0
20000c76:	d1fa      	bne.n	20000c6e <dcd_event_handler+0x46>
20000c78:	e8c3 1f40 	strexb	r0, r1, [r3]
20000c7c:	2800      	cmp	r0, #0
20000c7e:	d1f6      	bne.n	20000c6e <dcd_event_handler+0x46>
20000c80:	f3bf 8f5f 	dmb	sy
20000c84:	61a2      	str	r2, [r4, #24]
20000c86:	4649      	mov	r1, r9
20000c88:	4620      	mov	r0, r4
20000c8a:	f001 fa99 	bl	200021c0 <__tu_fifo_write_veneer>
20000c8e:	2300      	movs	r3, #0
20000c90:	6962      	ldr	r2, [r4, #20]
20000c92:	e8c2 3f8f 	stlb	r3, [r2]
20000c96:	69a3      	ldr	r3, [r4, #24]
20000c98:	f383 8810 	msr	PRIMASK, r3
20000c9c:	b948      	cbnz	r0, 20000cb2 <dcd_event_handler+0x8a>
20000c9e:	f04f 23e0 	mov.w	r3, #3758153728	@ 0xe000e000
20000ca2:	f8d3 3df0 	ldr.w	r3, [r3, #3568]	@ 0xdf0
20000ca6:	07db      	lsls	r3, r3, #31
20000ca8:	d50a      	bpl.n	20000cc0 <dcd_event_handler+0x98>
20000caa:	be00      	bkpt	0x0000
20000cac:	b005      	add	sp, #20
20000cae:	e8bd 83f0 	ldmia.w	sp!, {r4, r5, r6, r7, r8, r9, pc}
20000cb2:	462a      	mov	r2, r5
20000cb4:	f899 1001 	ldrb.w	r1, [r9, #1]
20000cb8:	f899 0000 	ldrb.w	r0, [r9]
20000cbc:	f001 fa88 	bl	200021d0 <__tud_event_hook_cb_veneer>
20000cc0:	b005      	add	sp, #20
20000cc2:	e8bd 83f0 	ldmia.w	sp!, {r4, r5, r6, r7, r8, r9, pc}
20000cc6:	4a5d      	ldr	r2, [pc, #372]	@ (20000e3c <dcd_event_handler+0x214>)
20000cc8:	7813      	ldrb	r3, [r2, #0]
20000cca:	3301      	adds	r3, #1
20000ccc:	b2db      	uxtb	r3, r3
20000cce:	7013      	strb	r3, [r2, #0]
20000cd0:	e7c7      	b.n	20000c62 <dcd_event_handler+0x3a>
20000cd2:	2400      	movs	r4, #0
20000cd4:	4e5a      	ldr	r6, [pc, #360]	@ (20000e40 <dcd_event_handler+0x218>)
20000cd6:	4623      	mov	r3, r4
20000cd8:	7831      	ldrb	r1, [r6, #0]
20000cda:	f8df 816c 	ldr.w	r8, [pc, #364]	@ 20000e48 <dcd_event_handler+0x220>
20000cde:	4f59      	ldr	r7, [pc, #356]	@ (20000e44 <dcd_event_handler+0x21c>)
20000ce0:	e011      	b.n	20000d06 <dcd_event_handler+0xde>
20000ce2:	683b      	ldr	r3, [r7, #0]
20000ce4:	eb13 1344 	adds.w	r3, r3, r4, lsl #5
20000ce8:	d007      	beq.n	20000cfa <dcd_event_handler+0xd2>
20000cea:	69db      	ldr	r3, [r3, #28]
20000cec:	b12b      	cbz	r3, 20000cfa <dcd_event_handler+0xd2>
20000cee:	f8d9 1004 	ldr.w	r1, [r9, #4]
20000cf2:	f899 0000 	ldrb.w	r0, [r9]
20000cf6:	4798      	blx	r3
20000cf8:	7831      	ldrb	r1, [r6, #0]
20000cfa:	3401      	adds	r4, #1
20000cfc:	b2e4      	uxtb	r4, r4
20000cfe:	1c4a      	adds	r2, r1, #1
20000d00:	42a2      	cmp	r2, r4
20000d02:	4623      	mov	r3, r4
20000d04:	db17      	blt.n	20000d36 <dcd_event_handler+0x10e>
20000d06:	42a1      	cmp	r1, r4
20000d08:	d8eb      	bhi.n	20000ce2 <dcd_event_handler+0xba>
20000d0a:	1a5b      	subs	r3, r3, r1
20000d0c:	eb08 1343 	add.w	r3, r8, r3, lsl #5
20000d10:	e7eb      	b.n	20000cea <dcd_event_handler+0xc2>
20000d12:	4b48      	ldr	r3, [pc, #288]	@ (20000e34 <dcd_event_handler+0x20c>)
20000d14:	781a      	ldrb	r2, [r3, #0]
20000d16:	07d6      	lsls	r6, r2, #31
20000d18:	d5d2      	bpl.n	20000cc0 <dcd_event_handler+0x98>
20000d1a:	781a      	ldrb	r2, [r3, #0]
20000d1c:	f042 0204 	orr.w	r2, r2, #4
20000d20:	701a      	strb	r2, [r3, #0]
20000d22:	e79e      	b.n	20000c62 <dcd_event_handler+0x3a>
20000d24:	4b43      	ldr	r3, [pc, #268]	@ (20000e34 <dcd_event_handler+0x20c>)
20000d26:	781a      	ldrb	r2, [r3, #0]
20000d28:	07d4      	lsls	r4, r2, #31
20000d2a:	d5c9      	bpl.n	20000cc0 <dcd_event_handler+0x98>
20000d2c:	781a      	ldrb	r2, [r3, #0]
20000d2e:	f022 0204 	bic.w	r2, r2, #4
20000d32:	701a      	strb	r2, [r3, #0]
20000d34:	e795      	b.n	20000c62 <dcd_event_handler+0x3a>
20000d36:	4c3f      	ldr	r4, [pc, #252]	@ (20000e34 <dcd_event_handler+0x20c>)
20000d38:	7823      	ldrb	r3, [r4, #0]
20000d3a:	0758      	lsls	r0, r3, #29
20000d3c:	d43a      	bmi.n	20000db4 <dcd_event_handler+0x18c>
20000d3e:	78e3      	ldrb	r3, [r4, #3]
20000d40:	07da      	lsls	r2, r3, #31
20000d42:	d5bd      	bpl.n	20000cc0 <dcd_event_handler+0x98>
20000d44:	2303      	movs	r3, #3
20000d46:	2600      	movs	r6, #0
20000d48:	4a3b      	ldr	r2, [pc, #236]	@ (20000e38 <dcd_event_handler+0x210>)
20000d4a:	f899 1000 	ldrb.w	r1, [r9]
20000d4e:	6814      	ldr	r4, [r2, #0]
20000d50:	f8d9 2004 	ldr.w	r2, [r9, #4]
20000d54:	f88d 1004 	strb.w	r1, [sp, #4]
20000d58:	f88d 3005 	strb.w	r3, [sp, #5]
20000d5c:	6963      	ldr	r3, [r4, #20]
20000d5e:	f8cd 6006 	str.w	r6, [sp, #6]
20000d62:	f8cd 600a 	str.w	r6, [sp, #10]
20000d66:	f8ad 600e 	strh.w	r6, [sp, #14]
20000d6a:	9202      	str	r2, [sp, #8]
20000d6c:	f3ef 8210 	mrs	r2, PRIMASK
20000d70:	b672      	cpsid	i
20000d72:	e8d3 0fcf 	ldaexb	r0, [r3]
20000d76:	2101      	movs	r1, #1
20000d78:	2800      	cmp	r0, #0
20000d7a:	d1fa      	bne.n	20000d72 <dcd_event_handler+0x14a>
20000d7c:	e8c3 1f40 	strexb	r0, r1, [r3]
20000d80:	2800      	cmp	r0, #0
20000d82:	d1f6      	bne.n	20000d72 <dcd_event_handler+0x14a>
20000d84:	f3bf 8f5f 	dmb	sy
20000d88:	4620      	mov	r0, r4
20000d8a:	61a2      	str	r2, [r4, #24]
20000d8c:	a901      	add	r1, sp, #4
20000d8e:	f001 fa17 	bl	200021c0 <__tu_fifo_write_veneer>
20000d92:	6963      	ldr	r3, [r4, #20]
20000d94:	e8c3 6f8f 	stlb	r6, [r3]
20000d98:	69a3      	ldr	r3, [r4, #24]
20000d9a:	f383 8810 	msr	PRIMASK, r3
20000d9e:	2800      	cmp	r0, #0
20000da0:	f43f af7d 	beq.w	20000c9e <dcd_event_handler+0x76>
20000da4:	462a      	mov	r2, r5
20000da6:	f89d 1005 	ldrb.w	r1, [sp, #5]
20000daa:	f89d 0004 	ldrb.w	r0, [sp, #4]
20000dae:	f001 fa0f 	bl	200021d0 <__tud_event_hook_cb_veneer>
20000db2:	e785      	b.n	20000cc0 <dcd_event_handler+0x98>
20000db4:	7823      	ldrb	r3, [r4, #0]
20000db6:	2700      	movs	r7, #0
20000db8:	f023 0304 	bic.w	r3, r3, #4
20000dbc:	7023      	strb	r3, [r4, #0]
20000dbe:	2305      	movs	r3, #5
20000dc0:	4a1d      	ldr	r2, [pc, #116]	@ (20000e38 <dcd_event_handler+0x210>)
20000dc2:	f88d 3005 	strb.w	r3, [sp, #5]
20000dc6:	6816      	ldr	r6, [r2, #0]
20000dc8:	f899 2000 	ldrb.w	r2, [r9]
20000dcc:	f8ad 700e 	strh.w	r7, [sp, #14]
20000dd0:	f88d 2004 	strb.w	r2, [sp, #4]
20000dd4:	6973      	ldr	r3, [r6, #20]
20000dd6:	f8cd 7006 	str.w	r7, [sp, #6]
20000dda:	f8cd 700a 	str.w	r7, [sp, #10]
20000dde:	f3ef 8210 	mrs	r2, PRIMASK
20000de2:	b672      	cpsid	i
20000de4:	e8d3 0fcf 	ldaexb	r0, [r3]
20000de8:	2101      	movs	r1, #1
20000dea:	2800      	cmp	r0, #0
20000dec:	d1fa      	bne.n	20000de4 <dcd_event_handler+0x1bc>
20000dee:	e8c3 1f40 	strexb	r0, r1, [r3]
20000df2:	2800      	cmp	r0, #0
20000df4:	d1f6      	bne.n	20000de4 <dcd_event_handler+0x1bc>
20000df6:	f3bf 8f5f 	dmb	sy
20000dfa:	4630      	mov	r0, r6
20000dfc:	61b2      	str	r2, [r6, #24]
20000dfe:	a901      	add	r1, sp, #4
20000e00:	f001 f9de 	bl	200021c0 <__tu_fifo_write_veneer>
20000e04:	6973      	ldr	r3, [r6, #20]
20000e06:	e8c3 7f8f 	stlb	r7, [r3]
20000e0a:	69b3      	ldr	r3, [r6, #24]
20000e0c:	f383 8810 	msr	PRIMASK, r3
20000e10:	b938      	cbnz	r0, 20000e22 <dcd_event_handler+0x1fa>
20000e12:	f04f 23e0 	mov.w	r3, #3758153728	@ 0xe000e000
20000e16:	f8d3 3df0 	ldr.w	r3, [r3, #3568]	@ 0xdf0
20000e1a:	07d9      	lsls	r1, r3, #31
20000e1c:	d58f      	bpl.n	20000d3e <dcd_event_handler+0x116>
20000e1e:	be00      	bkpt	0x0000
20000e20:	e78d      	b.n	20000d3e <dcd_event_handler+0x116>
20000e22:	462a      	mov	r2, r5
20000e24:	f89d 1005 	ldrb.w	r1, [sp, #5]
20000e28:	f89d 0004 	ldrb.w	r0, [sp, #4]
20000e2c:	f001 f9d0 	bl	200021d0 <__tud_event_hook_cb_veneer>
20000e30:	e785      	b.n	20000d3e <dcd_event_handler+0x116>
20000e32:	bf00      	nop
20000e34:	20003090 	.word	0x20003090
20000e38:	200030e8 	.word	0x200030e8
20000e3c:	20023cee 	.word	0x20023cee
20000e40:	20023cec 	.word	0x20023cec
20000e44:	2000300c 	.word	0x2000300c
20000e48:	1000b8d8 	.word	0x1000b8d8

20000e4c <__aeabi_ldivmod>:
20000e4c:	b97b      	cbnz	r3, 20000e6e <__aeabi_ldivmod+0x22>
20000e4e:	b972      	cbnz	r2, 20000e6e <__aeabi_ldivmod+0x22>
20000e50:	2900      	cmp	r1, #0
20000e52:	bfbe      	ittt	lt
20000e54:	2000      	movlt	r0, #0
20000e56:	f04f 4100 	movlt.w	r1, #2147483648	@ 0x80000000
20000e5a:	e006      	blt.n	20000e6a <__aeabi_ldivmod+0x1e>
20000e5c:	bf08      	it	eq
20000e5e:	2800      	cmpeq	r0, #0
20000e60:	bf1c      	itt	ne
20000e62:	f06f 4100 	mvnne.w	r1, #2147483648	@ 0x80000000
20000e66:	f04f 30ff 	movne.w	r0, #4294967295	@ 0xffffffff
20000e6a:	f001 b9a5 	b.w	200021b8 <__aeabi_idiv0>
20000e6e:	f1ad 0c08 	sub.w	ip, sp, #8
20000e72:	e96d ce04 	strd	ip, lr, [sp, #-16]!
20000e76:	2900      	cmp	r1, #0
20000e78:	db09      	blt.n	20000e8e <__aeabi_ldivmod+0x42>
20000e7a:	2b00      	cmp	r3, #0
20000e7c:	db1a      	blt.n	20000eb4 <__aeabi_ldivmod+0x68>
20000e7e:	f000 f84d 	bl	20000f1c <__udivmoddi4>
20000e82:	f8dd e004 	ldr.w	lr, [sp, #4]
20000e86:	e9dd 2302 	ldrd	r2, r3, [sp, #8]
20000e8a:	b004      	add	sp, #16
20000e8c:	4770      	bx	lr
20000e8e:	4240      	negs	r0, r0
20000e90:	eb61 0141 	sbc.w	r1, r1, r1, lsl #1
20000e94:	2b00      	cmp	r3, #0
20000e96:	db1b      	blt.n	20000ed0 <__aeabi_ldivmod+0x84>
20000e98:	f000 f840 	bl	20000f1c <__udivmoddi4>
20000e9c:	f8dd e004 	ldr.w	lr, [sp, #4]
20000ea0:	e9dd 2302 	ldrd	r2, r3, [sp, #8]
20000ea4:	b004      	add	sp, #16
20000ea6:	4240      	negs	r0, r0
20000ea8:	eb61 0141 	sbc.w	r1, r1, r1, lsl #1
20000eac:	4252      	negs	r2, r2
20000eae:	eb63 0343 	sbc.w	r3, r3, r3, lsl #1
20000eb2:	4770      	bx	lr
20000eb4:	4252      	negs	r2, r2
20000eb6:	eb63 0343 	sbc.w	r3, r3, r3, lsl #1
20000eba:	f000 f82f 	bl	20000f1c <__udivmoddi4>
20000ebe:	f8dd e004 	ldr.w	lr, [sp, #4]
20000ec2:	e9dd 2302 	ldrd	r2, r3, [sp, #8]
20000ec6:	b004      	add	sp, #16
20000ec8:	4240      	negs	r0, r0
20000eca:	eb61 0141 	sbc.w	r1, r1, r1, lsl #1
20000ece:	4770      	bx	lr
20000ed0:	4252      	negs	r2, r2
20000ed2:	eb63 0343 	sbc.w	r3, r3, r3, lsl #1
20000ed6:	f000 f821 	bl	20000f1c <__udivmoddi4>
20000eda:	f8dd e004 	ldr.w	lr, [sp, #4]
20000ede:	e9dd 2302 	ldrd	r2, r3, [sp, #8]
20000ee2:	b004      	add	sp, #16
20000ee4:	4252      	negs	r2, r2
20000ee6:	eb63 0343 	sbc.w	r3, r3, r3, lsl #1
20000eea:	4770      	bx	lr

20000eec <__aeabi_uldivmod>:
20000eec:	b953      	cbnz	r3, 20000f04 <__aeabi_uldivmod+0x18>
20000eee:	b94a      	cbnz	r2, 20000f04 <__aeabi_uldivmod+0x18>
20000ef0:	2900      	cmp	r1, #0
20000ef2:	bf08      	it	eq
20000ef4:	2800      	cmpeq	r0, #0
20000ef6:	bf1c      	itt	ne
20000ef8:	f04f 31ff 	movne.w	r1, #4294967295	@ 0xffffffff
20000efc:	f04f 30ff 	movne.w	r0, #4294967295	@ 0xffffffff
20000f00:	f001 b95a 	b.w	200021b8 <__aeabi_idiv0>
20000f04:	f1ad 0c08 	sub.w	ip, sp, #8
20000f08:	e96d ce04 	strd	ip, lr, [sp, #-16]!
20000f0c:	f000 f806 	bl	20000f1c <__udivmoddi4>
20000f10:	f8dd e004 	ldr.w	lr, [sp, #4]
20000f14:	e9dd 2302 	ldrd	r2, r3, [sp, #8]
20000f18:	b004      	add	sp, #16
20000f1a:	4770      	bx	lr

20000f1c <__udivmoddi4>:
20000f1c:	e92d 4ff0 	stmdb	sp!, {r4, r5, r6, r7, r8, r9, sl, fp, lr}
20000f20:	9d09      	ldr	r5, [sp, #36]	@ 0x24
20000f22:	460e      	mov	r6, r1
20000f24:	4604      	mov	r4, r0
20000f26:	460f      	mov	r7, r1
20000f28:	2b00      	cmp	r3, #0
20000f2a:	d147      	bne.n	20000fbc <__udivmoddi4+0xa0>
20000f2c:	428a      	cmp	r2, r1
20000f2e:	4694      	mov	ip, r2
20000f30:	fab2 f382 	clz	r3, r2
20000f34:	d95a      	bls.n	20000fec <__udivmoddi4+0xd0>
20000f36:	b143      	cbz	r3, 20000f4a <__udivmoddi4+0x2e>
20000f38:	fa02 fc03 	lsl.w	ip, r2, r3
20000f3c:	f1c3 0220 	rsb	r2, r3, #32
20000f40:	409f      	lsls	r7, r3
20000f42:	409c      	lsls	r4, r3
20000f44:	fa20 f202 	lsr.w	r2, r0, r2
20000f48:	4317      	orrs	r7, r2
20000f4a:	ea4f 461c 	mov.w	r6, ip, lsr #16
20000f4e:	fa1f fe8c 	uxth.w	lr, ip
20000f52:	0c22      	lsrs	r2, r4, #16
20000f54:	fbb7 f1f6 	udiv	r1, r7, r6
20000f58:	fb06 7711 	mls	r7, r6, r1, r7
20000f5c:	fb01 f00e 	mul.w	r0, r1, lr
20000f60:	ea42 4207 	orr.w	r2, r2, r7, lsl #16
20000f64:	4290      	cmp	r0, r2
20000f66:	d908      	bls.n	20000f7a <__udivmoddi4+0x5e>
20000f68:	eb1c 0202 	adds.w	r2, ip, r2
20000f6c:	f101 37ff 	add.w	r7, r1, #4294967295	@ 0xffffffff
20000f70:	d202      	bcs.n	20000f78 <__udivmoddi4+0x5c>
20000f72:	4290      	cmp	r0, r2
20000f74:	f200 813c 	bhi.w	200011f0 <__udivmoddi4+0x2d4>
20000f78:	4639      	mov	r1, r7
20000f7a:	1a12      	subs	r2, r2, r0
20000f7c:	b2a4      	uxth	r4, r4
20000f7e:	fbb2 f0f6 	udiv	r0, r2, r6
20000f82:	fb06 2210 	mls	r2, r6, r0, r2
20000f86:	fb00 fe0e 	mul.w	lr, r0, lr
20000f8a:	ea44 4402 	orr.w	r4, r4, r2, lsl #16
20000f8e:	45a6      	cmp	lr, r4
20000f90:	d908      	bls.n	20000fa4 <__udivmoddi4+0x88>
20000f92:	eb1c 0404 	adds.w	r4, ip, r4
20000f96:	f100 32ff 	add.w	r2, r0, #4294967295	@ 0xffffffff
20000f9a:	d202      	bcs.n	20000fa2 <__udivmoddi4+0x86>
20000f9c:	45a6      	cmp	lr, r4
20000f9e:	f200 812a 	bhi.w	200011f6 <__udivmoddi4+0x2da>
20000fa2:	4610      	mov	r0, r2
20000fa4:	ea40 4001 	orr.w	r0, r0, r1, lsl #16
20000fa8:	eba4 040e 	sub.w	r4, r4, lr
20000fac:	2100      	movs	r1, #0
20000fae:	b11d      	cbz	r5, 20000fb8 <__udivmoddi4+0x9c>
20000fb0:	40dc      	lsrs	r4, r3
20000fb2:	2300      	movs	r3, #0
20000fb4:	e9c5 4300 	strd	r4, r3, [r5]
20000fb8:	e8bd 8ff0 	ldmia.w	sp!, {r4, r5, r6, r7, r8, r9, sl, fp, pc}
20000fbc:	428b      	cmp	r3, r1
20000fbe:	d905      	bls.n	20000fcc <__udivmoddi4+0xb0>
20000fc0:	b10d      	cbz	r5, 20000fc6 <__udivmoddi4+0xaa>
20000fc2:	e9c5 0100 	strd	r0, r1, [r5]
20000fc6:	2100      	movs	r1, #0
20000fc8:	4608      	mov	r0, r1
20000fca:	e7f5      	b.n	20000fb8 <__udivmoddi4+0x9c>
20000fcc:	fab3 f183 	clz	r1, r3
20000fd0:	2900      	cmp	r1, #0
20000fd2:	d14f      	bne.n	20001074 <__udivmoddi4+0x158>
20000fd4:	42b3      	cmp	r3, r6
20000fd6:	f0c0 8102 	bcc.w	200011de <__udivmoddi4+0x2c2>
20000fda:	4282      	cmp	r2, r0
20000fdc:	f240 80ff 	bls.w	200011de <__udivmoddi4+0x2c2>
20000fe0:	4608      	mov	r0, r1
20000fe2:	2d00      	cmp	r5, #0
20000fe4:	d0e8      	beq.n	20000fb8 <__udivmoddi4+0x9c>
20000fe6:	e9c5 4700 	strd	r4, r7, [r5]
20000fea:	e7e5      	b.n	20000fb8 <__udivmoddi4+0x9c>
20000fec:	2b00      	cmp	r3, #0
20000fee:	f040 80af 	bne.w	20001150 <__udivmoddi4+0x234>
20000ff2:	1a8a      	subs	r2, r1, r2
20000ff4:	ea4f 4e1c 	mov.w	lr, ip, lsr #16
20000ff8:	fa1f f78c 	uxth.w	r7, ip
20000ffc:	2101      	movs	r1, #1
20000ffe:	fbb2 f6fe 	udiv	r6, r2, lr
20001002:	fb0e 2016 	mls	r0, lr, r6, r2
20001006:	0c22      	lsrs	r2, r4, #16
20001008:	ea42 4200 	orr.w	r2, r2, r0, lsl #16
2000100c:	fb07 f006 	mul.w	r0, r7, r6
20001010:	4290      	cmp	r0, r2
20001012:	d90f      	bls.n	20001034 <__udivmoddi4+0x118>
20001014:	eb1c 0202 	adds.w	r2, ip, r2
20001018:	f106 38ff 	add.w	r8, r6, #4294967295	@ 0xffffffff
2000101c:	bf2c      	ite	cs
2000101e:	f04f 0901 	movcs.w	r9, #1
20001022:	f04f 0900 	movcc.w	r9, #0
20001026:	4290      	cmp	r0, r2
20001028:	d903      	bls.n	20001032 <__udivmoddi4+0x116>
2000102a:	f1b9 0f00 	cmp.w	r9, #0
2000102e:	f000 80dc 	beq.w	200011ea <__udivmoddi4+0x2ce>
20001032:	4646      	mov	r6, r8
20001034:	1a12      	subs	r2, r2, r0
20001036:	b2a4      	uxth	r4, r4
20001038:	fbb2 f0fe 	udiv	r0, r2, lr
2000103c:	fb0e 2210 	mls	r2, lr, r0, r2
20001040:	fb00 f707 	mul.w	r7, r0, r7
20001044:	ea44 4402 	orr.w	r4, r4, r2, lsl #16
20001048:	42a7      	cmp	r7, r4
2000104a:	d90f      	bls.n	2000106c <__udivmoddi4+0x150>
2000104c:	eb1c 0404 	adds.w	r4, ip, r4
20001050:	f100 32ff 	add.w	r2, r0, #4294967295	@ 0xffffffff
20001054:	bf2c      	ite	cs
20001056:	f04f 0e01 	movcs.w	lr, #1
2000105a:	f04f 0e00 	movcc.w	lr, #0
2000105e:	42a7      	cmp	r7, r4
20001060:	d903      	bls.n	2000106a <__udivmoddi4+0x14e>
20001062:	f1be 0f00 	cmp.w	lr, #0
20001066:	f000 80c9 	beq.w	200011fc <__udivmoddi4+0x2e0>
2000106a:	4610      	mov	r0, r2
2000106c:	1be4      	subs	r4, r4, r7
2000106e:	ea40 4006 	orr.w	r0, r0, r6, lsl #16
20001072:	e79c      	b.n	20000fae <__udivmoddi4+0x92>
20001074:	f1c1 0420 	rsb	r4, r1, #32
20001078:	408b      	lsls	r3, r1
2000107a:	fa06 fc01 	lsl.w	ip, r6, r1
2000107e:	fa00 fe01 	lsl.w	lr, r0, r1
20001082:	fa22 f704 	lsr.w	r7, r2, r4
20001086:	40e6      	lsrs	r6, r4
20001088:	408a      	lsls	r2, r1
2000108a:	431f      	orrs	r7, r3
2000108c:	fa20 f304 	lsr.w	r3, r0, r4
20001090:	ea4f 4817 	mov.w	r8, r7, lsr #16
20001094:	ea43 030c 	orr.w	r3, r3, ip
20001098:	fa1f fc87 	uxth.w	ip, r7
2000109c:	ea4f 4913 	mov.w	r9, r3, lsr #16
200010a0:	fbb6 f0f8 	udiv	r0, r6, r8
200010a4:	fb08 6610 	mls	r6, r8, r0, r6
200010a8:	ea49 4606 	orr.w	r6, r9, r6, lsl #16
200010ac:	fb00 f90c 	mul.w	r9, r0, ip
200010b0:	45b1      	cmp	r9, r6
200010b2:	d90e      	bls.n	200010d2 <__udivmoddi4+0x1b6>
200010b4:	19be      	adds	r6, r7, r6
200010b6:	f100 3aff 	add.w	sl, r0, #4294967295	@ 0xffffffff
200010ba:	bf2c      	ite	cs
200010bc:	f04f 0b01 	movcs.w	fp, #1
200010c0:	f04f 0b00 	movcc.w	fp, #0
200010c4:	45b1      	cmp	r9, r6
200010c6:	d903      	bls.n	200010d0 <__udivmoddi4+0x1b4>
200010c8:	f1bb 0f00 	cmp.w	fp, #0
200010cc:	f000 80a2 	beq.w	20001214 <__udivmoddi4+0x2f8>
200010d0:	4650      	mov	r0, sl
200010d2:	eba6 0609 	sub.w	r6, r6, r9
200010d6:	fa1f f983 	uxth.w	r9, r3
200010da:	fbb6 f3f8 	udiv	r3, r6, r8
200010de:	fb08 6613 	mls	r6, r8, r3, r6
200010e2:	fb03 fc0c 	mul.w	ip, r3, ip
200010e6:	ea49 4606 	orr.w	r6, r9, r6, lsl #16
200010ea:	45b4      	cmp	ip, r6
200010ec:	d90e      	bls.n	2000110c <__udivmoddi4+0x1f0>
200010ee:	19be      	adds	r6, r7, r6
200010f0:	f103 38ff 	add.w	r8, r3, #4294967295	@ 0xffffffff
200010f4:	bf2c      	ite	cs
200010f6:	f04f 0901 	movcs.w	r9, #1
200010fa:	f04f 0900 	movcc.w	r9, #0
200010fe:	45b4      	cmp	ip, r6
20001100:	d903      	bls.n	2000110a <__udivmoddi4+0x1ee>
20001102:	f1b9 0f00 	cmp.w	r9, #0
20001106:	f000 8082 	beq.w	2000120e <__udivmoddi4+0x2f2>
2000110a:	4643      	mov	r3, r8
2000110c:	ea43 4000 	orr.w	r0, r3, r0, lsl #16
20001110:	eba6 060c 	sub.w	r6, r6, ip
20001114:	fba0 8c02 	umull	r8, ip, r0, r2
20001118:	4566      	cmp	r6, ip
2000111a:	4643      	mov	r3, r8
2000111c:	46e1      	mov	r9, ip
2000111e:	d302      	bcc.n	20001126 <__udivmoddi4+0x20a>
20001120:	d107      	bne.n	20001132 <__udivmoddi4+0x216>
20001122:	45c6      	cmp	lr, r8
20001124:	d205      	bcs.n	20001132 <__udivmoddi4+0x216>
20001126:	ebb8 0302 	subs.w	r3, r8, r2
2000112a:	eb6c 0c07 	sbc.w	ip, ip, r7
2000112e:	3801      	subs	r0, #1
20001130:	46e1      	mov	r9, ip
20001132:	b15d      	cbz	r5, 2000114c <__udivmoddi4+0x230>
20001134:	ebbe 0203 	subs.w	r2, lr, r3
20001138:	eb66 0609 	sbc.w	r6, r6, r9
2000113c:	fa06 f404 	lsl.w	r4, r6, r4
20001140:	fa22 f301 	lsr.w	r3, r2, r1
20001144:	40ce      	lsrs	r6, r1
20001146:	431c      	orrs	r4, r3
20001148:	e9c5 4600 	strd	r4, r6, [r5]
2000114c:	2100      	movs	r1, #0
2000114e:	e733      	b.n	20000fb8 <__udivmoddi4+0x9c>
20001150:	fa02 fc03 	lsl.w	ip, r2, r3
20001154:	f1c3 0220 	rsb	r2, r3, #32
20001158:	4099      	lsls	r1, r3
2000115a:	409c      	lsls	r4, r3
2000115c:	40d6      	lsrs	r6, r2
2000115e:	ea4f 4e1c 	mov.w	lr, ip, lsr #16
20001162:	fa20 f202 	lsr.w	r2, r0, r2
20001166:	fa1f f78c 	uxth.w	r7, ip
2000116a:	fbb6 f0fe 	udiv	r0, r6, lr
2000116e:	430a      	orrs	r2, r1
20001170:	fb0e 6610 	mls	r6, lr, r0, r6
20001174:	0c11      	lsrs	r1, r2, #16
20001176:	ea41 4106 	orr.w	r1, r1, r6, lsl #16
2000117a:	fb00 f607 	mul.w	r6, r0, r7
2000117e:	428e      	cmp	r6, r1
20001180:	d90e      	bls.n	200011a0 <__udivmoddi4+0x284>
20001182:	eb1c 0101 	adds.w	r1, ip, r1
20001186:	f100 38ff 	add.w	r8, r0, #4294967295	@ 0xffffffff
2000118a:	bf2c      	ite	cs
2000118c:	f04f 0901 	movcs.w	r9, #1
20001190:	f04f 0900 	movcc.w	r9, #0
20001194:	428e      	cmp	r6, r1
20001196:	d902      	bls.n	2000119e <__udivmoddi4+0x282>
20001198:	f1b9 0f00 	cmp.w	r9, #0
2000119c:	d034      	beq.n	20001208 <__udivmoddi4+0x2ec>
2000119e:	4640      	mov	r0, r8
200011a0:	1b89      	subs	r1, r1, r6
200011a2:	b292      	uxth	r2, r2
200011a4:	fbb1 f6fe 	udiv	r6, r1, lr
200011a8:	fb0e 1116 	mls	r1, lr, r6, r1
200011ac:	ea42 4201 	orr.w	r2, r2, r1, lsl #16
200011b0:	fb06 f107 	mul.w	r1, r6, r7
200011b4:	4291      	cmp	r1, r2
200011b6:	d90e      	bls.n	200011d6 <__udivmoddi4+0x2ba>
200011b8:	eb1c 0202 	adds.w	r2, ip, r2
200011bc:	f106 38ff 	add.w	r8, r6, #4294967295	@ 0xffffffff
200011c0:	bf2c      	ite	cs
200011c2:	f04f 0901 	movcs.w	r9, #1
200011c6:	f04f 0900 	movcc.w	r9, #0
200011ca:	4291      	cmp	r1, r2
200011cc:	d902      	bls.n	200011d4 <__udivmoddi4+0x2b8>
200011ce:	f1b9 0f00 	cmp.w	r9, #0
200011d2:	d016      	beq.n	20001202 <__udivmoddi4+0x2e6>
200011d4:	4646      	mov	r6, r8
200011d6:	1a52      	subs	r2, r2, r1
200011d8:	ea46 4100 	orr.w	r1, r6, r0, lsl #16
200011dc:	e70f      	b.n	20000ffe <__udivmoddi4+0xe2>
200011de:	1a84      	subs	r4, r0, r2
200011e0:	eb66 0203 	sbc.w	r2, r6, r3
200011e4:	2001      	movs	r0, #1
200011e6:	4617      	mov	r7, r2
200011e8:	e6fb      	b.n	20000fe2 <__udivmoddi4+0xc6>
200011ea:	3e02      	subs	r6, #2
200011ec:	4462      	add	r2, ip
200011ee:	e721      	b.n	20001034 <__udivmoddi4+0x118>
200011f0:	3902      	subs	r1, #2
200011f2:	4462      	add	r2, ip
200011f4:	e6c1      	b.n	20000f7a <__udivmoddi4+0x5e>
200011f6:	4464      	add	r4, ip
200011f8:	3802      	subs	r0, #2
200011fa:	e6d3      	b.n	20000fa4 <__udivmoddi4+0x88>
200011fc:	4464      	add	r4, ip
200011fe:	3802      	subs	r0, #2
20001200:	e734      	b.n	2000106c <__udivmoddi4+0x150>
20001202:	3e02      	subs	r6, #2
20001204:	4462      	add	r2, ip
20001206:	e7e6      	b.n	200011d6 <__udivmoddi4+0x2ba>
20001208:	3802      	subs	r0, #2
2000120a:	4461      	add	r1, ip
2000120c:	e7c8      	b.n	200011a0 <__udivmoddi4+0x284>
2000120e:	3b02      	subs	r3, #2
20001210:	443e      	add	r6, r7
20001212:	e77b      	b.n	2000110c <__udivmoddi4+0x1f0>
20001214:	3802      	subs	r0, #2
20001216:	443e      	add	r6, r7
20001218:	e75b      	b.n	200010d2 <__udivmoddi4+0x1b6>
2000121a:	bf00      	nop

2000121c <selfrel_offset31>:
2000121c:	6803      	ldr	r3, [r0, #0]
2000121e:	005a      	lsls	r2, r3, #1
20001220:	bf4c      	ite	mi
20001222:	f043 4300 	orrmi.w	r3, r3, #2147483648	@ 0x80000000
20001226:	f023 4300 	bicpl.w	r3, r3, #2147483648	@ 0x80000000
2000122a:	4418      	add	r0, r3
2000122c:	4770      	bx	lr
2000122e:	bf00      	nop

20001230 <search_EIT_table>:
20001230:	e92d 47f0 	stmdb	sp!, {r4, r5, r6, r7, r8, r9, sl, lr}
20001234:	b329      	cbz	r1, 20001282 <search_EIT_table+0x52>
20001236:	f101 3aff 	add.w	sl, r1, #4294967295	@ 0xffffffff
2000123a:	4680      	mov	r8, r0
2000123c:	4691      	mov	r9, r2
2000123e:	2500      	movs	r5, #0
20001240:	4656      	mov	r6, sl
20001242:	19a9      	adds	r1, r5, r6
20001244:	bf48      	it	mi
20001246:	3101      	addmi	r1, #1
20001248:	1049      	asrs	r1, r1, #1
2000124a:	eb08 07c1 	add.w	r7, r8, r1, lsl #3
2000124e:	00cc      	lsls	r4, r1, #3
20001250:	4638      	mov	r0, r7
20001252:	f7ff ffe3 	bl	2000121c <selfrel_offset31>
20001256:	458a      	cmp	sl, r1
20001258:	d00d      	beq.n	20001276 <search_EIT_table+0x46>
2000125a:	3408      	adds	r4, #8
2000125c:	4548      	cmp	r0, r9
2000125e:	eb08 0004 	add.w	r0, r8, r4
20001262:	d80a      	bhi.n	2000127a <search_EIT_table+0x4a>
20001264:	f7ff ffda 	bl	2000121c <selfrel_offset31>
20001268:	3801      	subs	r0, #1
2000126a:	1c4d      	adds	r5, r1, #1
2000126c:	4548      	cmp	r0, r9
2000126e:	d3e8      	bcc.n	20001242 <search_EIT_table+0x12>
20001270:	4638      	mov	r0, r7
20001272:	e8bd 87f0 	ldmia.w	sp!, {r4, r5, r6, r7, r8, r9, sl, pc}
20001276:	4548      	cmp	r0, r9
20001278:	d9fa      	bls.n	20001270 <search_EIT_table+0x40>
2000127a:	428d      	cmp	r5, r1
2000127c:	f101 36ff 	add.w	r6, r1, #4294967295	@ 0xffffffff
20001280:	d1df      	bne.n	20001242 <search_EIT_table+0x12>
20001282:	2700      	movs	r7, #0
20001284:	4638      	mov	r0, r7
20001286:	e8bd 87f0 	ldmia.w	sp!, {r4, r5, r6, r7, r8, r9, sl, pc}
2000128a:	bf00      	nop

2000128c <__gnu_unwind_get_pr_addr>:
2000128c:	2801      	cmp	r0, #1
2000128e:	d009      	beq.n	200012a4 <__gnu_unwind_get_pr_addr+0x18>
20001290:	2802      	cmp	r0, #2
20001292:	d005      	beq.n	200012a0 <__gnu_unwind_get_pr_addr+0x14>
20001294:	2800      	cmp	r0, #0
20001296:	4b04      	ldr	r3, [pc, #16]	@ (200012a8 <__gnu_unwind_get_pr_addr+0x1c>)
20001298:	bf14      	ite	ne
2000129a:	2000      	movne	r0, #0
2000129c:	4618      	moveq	r0, r3
2000129e:	4770      	bx	lr
200012a0:	4802      	ldr	r0, [pc, #8]	@ (200012ac <__gnu_unwind_get_pr_addr+0x20>)
200012a2:	4770      	bx	lr
200012a4:	4802      	ldr	r0, [pc, #8]	@ (200012b0 <__gnu_unwind_get_pr_addr+0x24>)
200012a6:	4770      	bx	lr
200012a8:	20001981 	.word	0x20001981
200012ac:	20001989 	.word	0x20001989
200012b0:	20001985 	.word	0x20001985

200012b4 <get_eit_entry>:
200012b4:	4b22      	ldr	r3, [pc, #136]	@ (20001340 <get_eit_entry+0x8c>)
200012b6:	b530      	push	{r4, r5, lr}
200012b8:	4604      	mov	r4, r0
200012ba:	b083      	sub	sp, #12
200012bc:	1e8d      	subs	r5, r1, #2
200012be:	b343      	cbz	r3, 20001312 <get_eit_entry+0x5e>
200012c0:	a901      	add	r1, sp, #4
200012c2:	4628      	mov	r0, r5
200012c4:	f3af 8000 	nop.w
200012c8:	b1f0      	cbz	r0, 20001308 <get_eit_entry+0x54>
200012ca:	9901      	ldr	r1, [sp, #4]
200012cc:	462a      	mov	r2, r5
200012ce:	f7ff ffaf 	bl	20001230 <search_EIT_table>
200012d2:	4601      	mov	r1, r0
200012d4:	b1c0      	cbz	r0, 20001308 <get_eit_entry+0x54>
200012d6:	f7ff ffa1 	bl	2000121c <selfrel_offset31>
200012da:	684b      	ldr	r3, [r1, #4]
200012dc:	64a0      	str	r0, [r4, #72]	@ 0x48
200012de:	2b01      	cmp	r3, #1
200012e0:	d02a      	beq.n	20001338 <get_eit_entry+0x84>
200012e2:	2b00      	cmp	r3, #0
200012e4:	f101 0004 	add.w	r0, r1, #4
200012e8:	db24      	blt.n	20001334 <get_eit_entry+0x80>
200012ea:	f7ff ff97 	bl	2000121c <selfrel_offset31>
200012ee:	2300      	movs	r3, #0
200012f0:	6523      	str	r3, [r4, #80]	@ 0x50
200012f2:	6803      	ldr	r3, [r0, #0]
200012f4:	64e0      	str	r0, [r4, #76]	@ 0x4c
200012f6:	2b00      	cmp	r3, #0
200012f8:	db11      	blt.n	2000131e <get_eit_entry+0x6a>
200012fa:	f7ff ff8f 	bl	2000121c <selfrel_offset31>
200012fe:	4603      	mov	r3, r0
20001300:	2000      	movs	r0, #0
20001302:	6123      	str	r3, [r4, #16]
20001304:	b003      	add	sp, #12
20001306:	bd30      	pop	{r4, r5, pc}
20001308:	2300      	movs	r3, #0
2000130a:	2009      	movs	r0, #9
2000130c:	6123      	str	r3, [r4, #16]
2000130e:	b003      	add	sp, #12
20001310:	bd30      	pop	{r4, r5, pc}
20001312:	480c      	ldr	r0, [pc, #48]	@ (20001344 <get_eit_entry+0x90>)
20001314:	490c      	ldr	r1, [pc, #48]	@ (20001348 <get_eit_entry+0x94>)
20001316:	1a09      	subs	r1, r1, r0
20001318:	10c9      	asrs	r1, r1, #3
2000131a:	9101      	str	r1, [sp, #4]
2000131c:	e7d6      	b.n	200012cc <get_eit_entry+0x18>
2000131e:	f3c3 6003 	ubfx	r0, r3, #24, #4
20001322:	f7ff ffb3 	bl	2000128c <__gnu_unwind_get_pr_addr>
20001326:	1e03      	subs	r3, r0, #0
20001328:	bf0c      	ite	eq
2000132a:	2009      	moveq	r0, #9
2000132c:	2000      	movne	r0, #0
2000132e:	6123      	str	r3, [r4, #16]
20001330:	b003      	add	sp, #12
20001332:	bd30      	pop	{r4, r5, pc}
20001334:	2301      	movs	r3, #1
20001336:	e7db      	b.n	200012f0 <get_eit_entry+0x3c>
20001338:	2300      	movs	r3, #0
2000133a:	2005      	movs	r0, #5
2000133c:	e7e1      	b.n	20001302 <get_eit_entry+0x4e>
2000133e:	bf00      	nop
20001340:	00000000 	.word	0x00000000
20001344:	1000bc88 	.word	0x1000bc88
20001348:	1000be70 	.word	0x1000be70

2000134c <restore_non_core_regs>:
2000134c:	6803      	ldr	r3, [r0, #0]
2000134e:	07da      	lsls	r2, r3, #31
20001350:	b510      	push	{r4, lr}
20001352:	4604      	mov	r4, r0
20001354:	d406      	bmi.n	20001364 <restore_non_core_regs+0x18>
20001356:	079b      	lsls	r3, r3, #30
20001358:	f100 0050 	add.w	r0, r0, #80	@ 0x50
2000135c:	d509      	bpl.n	20001372 <restore_non_core_regs+0x26>
2000135e:	f000 fc91 	bl	20001c84 <__gnu_Unwind_Restore_VFP_D>
20001362:	6823      	ldr	r3, [r4, #0]
20001364:	0759      	lsls	r1, r3, #29
20001366:	d509      	bpl.n	2000137c <restore_non_core_regs+0x30>
20001368:	071a      	lsls	r2, r3, #28
2000136a:	d50e      	bpl.n	2000138a <restore_non_core_regs+0x3e>
2000136c:	06db      	lsls	r3, r3, #27
2000136e:	d513      	bpl.n	20001398 <restore_non_core_regs+0x4c>
20001370:	bd10      	pop	{r4, pc}
20001372:	f000 fc7f 	bl	20001c74 <__gnu_Unwind_Restore_VFP>
20001376:	6823      	ldr	r3, [r4, #0]
20001378:	0759      	lsls	r1, r3, #29
2000137a:	d4f5      	bmi.n	20001368 <restore_non_core_regs+0x1c>
2000137c:	f104 00d8 	add.w	r0, r4, #216	@ 0xd8
20001380:	f000 fc88 	bl	20001c94 <__gnu_Unwind_Restore_VFP_D_16_to_31>
20001384:	6823      	ldr	r3, [r4, #0]
20001386:	071a      	lsls	r2, r3, #28
20001388:	d4f0      	bmi.n	2000136c <restore_non_core_regs+0x20>
2000138a:	f504 70ac 	add.w	r0, r4, #344	@ 0x158
2000138e:	f000 fc89 	bl	20001ca4 <__gnu_Unwind_Restore_WMMXD>
20001392:	6823      	ldr	r3, [r4, #0]
20001394:	06db      	lsls	r3, r3, #27
20001396:	d4eb      	bmi.n	20001370 <restore_non_core_regs+0x24>
20001398:	f504 70ec 	add.w	r0, r4, #472	@ 0x1d8
2000139c:	e8bd 4010 	ldmia.w	sp!, {r4, lr}
200013a0:	f000 bcc4 	b.w	20001d2c <__gnu_Unwind_Restore_WMMXC>

200013a4 <_Unwind_decode_typeinfo_ptr.constprop.0>:
200013a4:	4603      	mov	r3, r0
200013a6:	6800      	ldr	r0, [r0, #0]
200013a8:	b100      	cbz	r0, 200013ac <_Unwind_decode_typeinfo_ptr.constprop.0+0x8>
200013aa:	4418      	add	r0, r3
200013ac:	4770      	bx	lr
200013ae:	bf00      	nop

200013b0 <__gnu_unwind_24bit.isra.0>:
200013b0:	2009      	movs	r0, #9
200013b2:	4770      	bx	lr

200013b4 <_Unwind_DebugHook>:
200013b4:	4770      	bx	lr
200013b6:	bf00      	nop

200013b8 <unwind_phase2>:
200013b8:	b570      	push	{r4, r5, r6, lr}
200013ba:	4604      	mov	r4, r0
200013bc:	460e      	mov	r6, r1
200013be:	6c31      	ldr	r1, [r6, #64]	@ 0x40
200013c0:	4620      	mov	r0, r4
200013c2:	f7ff ff77 	bl	200012b4 <get_eit_entry>
200013c6:	4605      	mov	r5, r0
200013c8:	b998      	cbnz	r0, 200013f2 <unwind_phase2+0x3a>
200013ca:	f8d6 c040 	ldr.w	ip, [r6, #64]	@ 0x40
200013ce:	4632      	mov	r2, r6
200013d0:	6923      	ldr	r3, [r4, #16]
200013d2:	4621      	mov	r1, r4
200013d4:	2001      	movs	r0, #1
200013d6:	f8c4 c014 	str.w	ip, [r4, #20]
200013da:	4798      	blx	r3
200013dc:	2808      	cmp	r0, #8
200013de:	d0ee      	beq.n	200013be <unwind_phase2+0x6>
200013e0:	2807      	cmp	r0, #7
200013e2:	d106      	bne.n	200013f2 <unwind_phase2+0x3a>
200013e4:	4628      	mov	r0, r5
200013e6:	6c31      	ldr	r1, [r6, #64]	@ 0x40
200013e8:	f7ff ffe4 	bl	200013b4 <_Unwind_DebugHook>
200013ec:	1d30      	adds	r0, r6, #4
200013ee:	f000 fc35 	bl	20001c5c <__restore_core_regs>
200013f2:	deff      	udf	#255	@ 0xff

200013f4 <unwind_phase2_forced>:
200013f4:	e92d 47f0 	stmdb	sp!, {r4, r5, r6, r7, r8, r9, sl, lr}
200013f8:	f101 0c04 	add.w	ip, r1, #4
200013fc:	f5ad 7d78 	sub.w	sp, sp, #992	@ 0x3e0
20001400:	68c7      	ldr	r7, [r0, #12]
20001402:	4606      	mov	r6, r0
20001404:	f8d0 8018 	ldr.w	r8, [r0, #24]
20001408:	4614      	mov	r4, r2
2000140a:	f10d 0e14 	add.w	lr, sp, #20
2000140e:	ad04      	add	r5, sp, #16
20001410:	f04f 0900 	mov.w	r9, #0
20001414:	e8bc 000f 	ldmia.w	ip!, {r0, r1, r2, r3}
20001418:	e8ae 000f 	stmia.w	lr!, {r0, r1, r2, r3}
2000141c:	e8bc 000f 	ldmia.w	ip!, {r0, r1, r2, r3}
20001420:	e8ae 000f 	stmia.w	lr!, {r0, r1, r2, r3}
20001424:	e8bc 000f 	ldmia.w	ip!, {r0, r1, r2, r3}
20001428:	e8ae 000f 	stmia.w	lr!, {r0, r1, r2, r3}
2000142c:	e89c 000f 	ldmia.w	ip, {r0, r1, r2, r3}
20001430:	e88e 000f 	stmia.w	lr, {r0, r1, r2, r3}
20001434:	f8c5 9000 	str.w	r9, [r5]
20001438:	e023      	b.n	20001482 <unwind_phase2_forced+0x8e>
2000143a:	6c2b      	ldr	r3, [r5, #64]	@ 0x40
2000143c:	f44f 72f4 	mov.w	r2, #488	@ 0x1e8
20001440:	4629      	mov	r1, r5
20001442:	a87e      	add	r0, sp, #504	@ 0x1f8
20001444:	6173      	str	r3, [r6, #20]
20001446:	f000 fecf 	bl	200021e8 <__memcpy_veneer>
2000144a:	6933      	ldr	r3, [r6, #16]
2000144c:	aa7e      	add	r2, sp, #504	@ 0x1f8
2000144e:	4631      	mov	r1, r6
20001450:	4650      	mov	r0, sl
20001452:	4798      	blx	r3
20001454:	9b8c      	ldr	r3, [sp, #560]	@ 0x230
20001456:	4621      	mov	r1, r4
20001458:	4681      	mov	r9, r0
2000145a:	9303      	str	r3, [sp, #12]
2000145c:	4632      	mov	r2, r6
2000145e:	9c03      	ldr	r4, [sp, #12]
20001460:	4633      	mov	r3, r6
20001462:	2001      	movs	r0, #1
20001464:	64ac      	str	r4, [r5, #72]	@ 0x48
20001466:	e9cd 5800 	strd	r5, r8, [sp]
2000146a:	47b8      	blx	r7
2000146c:	4604      	mov	r4, r0
2000146e:	bb28      	cbnz	r0, 200014bc <unwind_phase2_forced+0xc8>
20001470:	f44f 72f4 	mov.w	r2, #488	@ 0x1e8
20001474:	a97e      	add	r1, sp, #504	@ 0x1f8
20001476:	4628      	mov	r0, r5
20001478:	f000 feb6 	bl	200021e8 <__memcpy_veneer>
2000147c:	f1b9 0f08 	cmp.w	r9, #8
20001480:	d119      	bne.n	200014b6 <unwind_phase2_forced+0xc2>
20001482:	3409      	adds	r4, #9
20001484:	6c29      	ldr	r1, [r5, #64]	@ 0x40
20001486:	4630      	mov	r0, r6
20001488:	f7ff ff14 	bl	200012b4 <get_eit_entry>
2000148c:	4681      	mov	r9, r0
2000148e:	fa5f fa84 	uxtb.w	sl, r4
20001492:	2800      	cmp	r0, #0
20001494:	d0d1      	beq.n	2000143a <unwind_phase2_forced+0x46>
20001496:	6bac      	ldr	r4, [r5, #56]	@ 0x38
20001498:	4633      	mov	r3, r6
2000149a:	4632      	mov	r2, r6
2000149c:	f04a 0110 	orr.w	r1, sl, #16
200014a0:	64ac      	str	r4, [r5, #72]	@ 0x48
200014a2:	2001      	movs	r0, #1
200014a4:	e9cd 5800 	strd	r5, r8, [sp]
200014a8:	47b8      	blx	r7
200014aa:	b938      	cbnz	r0, 200014bc <unwind_phase2_forced+0xc8>
200014ac:	4648      	mov	r0, r9
200014ae:	f50d 7d78 	add.w	sp, sp, #992	@ 0x3e0
200014b2:	e8bd 87f0 	ldmia.w	sp!, {r4, r5, r6, r7, r8, r9, sl, pc}
200014b6:	f1b9 0f07 	cmp.w	r9, #7
200014ba:	d006      	beq.n	200014ca <unwind_phase2_forced+0xd6>
200014bc:	f04f 0909 	mov.w	r9, #9
200014c0:	4648      	mov	r0, r9
200014c2:	f50d 7d78 	add.w	sp, sp, #992	@ 0x3e0
200014c6:	e8bd 87f0 	ldmia.w	sp!, {r4, r5, r6, r7, r8, r9, sl, pc}
200014ca:	4620      	mov	r0, r4
200014cc:	6c29      	ldr	r1, [r5, #64]	@ 0x40
200014ce:	f7ff ff71 	bl	200013b4 <_Unwind_DebugHook>
200014d2:	a805      	add	r0, sp, #20
200014d4:	f000 fbc2 	bl	20001c5c <__restore_core_regs>

200014d8 <_Unwind_GetCFA>:
200014d8:	6c80      	ldr	r0, [r0, #72]	@ 0x48
200014da:	4770      	bx	lr

200014dc <__gnu_Unwind_RaiseException>:
200014dc:	b5f0      	push	{r4, r5, r6, r7, lr}
200014de:	6bcb      	ldr	r3, [r1, #60]	@ 0x3c
200014e0:	b0fb      	sub	sp, #492	@ 0x1ec
200014e2:	f101 0c04 	add.w	ip, r1, #4
200014e6:	460e      	mov	r6, r1
200014e8:	640b      	str	r3, [r1, #64]	@ 0x40
200014ea:	ac01      	add	r4, sp, #4
200014ec:	4605      	mov	r5, r0
200014ee:	f04f 37ff 	mov.w	r7, #4294967295	@ 0xffffffff
200014f2:	e8bc 000f 	ldmia.w	ip!, {r0, r1, r2, r3}
200014f6:	c40f      	stmia	r4!, {r0, r1, r2, r3}
200014f8:	e8bc 000f 	ldmia.w	ip!, {r0, r1, r2, r3}
200014fc:	c40f      	stmia	r4!, {r0, r1, r2, r3}
200014fe:	e8bc 000f 	ldmia.w	ip!, {r0, r1, r2, r3}
20001502:	c40f      	stmia	r4!, {r0, r1, r2, r3}
20001504:	e89c 000f 	ldmia.w	ip, {r0, r1, r2, r3}
20001508:	e884 000f 	stmia.w	r4, {r0, r1, r2, r3}
2000150c:	9700      	str	r7, [sp, #0]
2000150e:	e006      	b.n	2000151e <__gnu_Unwind_RaiseException+0x42>
20001510:	692b      	ldr	r3, [r5, #16]
20001512:	466a      	mov	r2, sp
20001514:	4629      	mov	r1, r5
20001516:	4798      	blx	r3
20001518:	2808      	cmp	r0, #8
2000151a:	4604      	mov	r4, r0
2000151c:	d108      	bne.n	20001530 <__gnu_Unwind_RaiseException+0x54>
2000151e:	9910      	ldr	r1, [sp, #64]	@ 0x40
20001520:	4628      	mov	r0, r5
20001522:	f7ff fec7 	bl	200012b4 <get_eit_entry>
20001526:	2800      	cmp	r0, #0
20001528:	d0f2      	beq.n	20001510 <__gnu_Unwind_RaiseException+0x34>
2000152a:	2009      	movs	r0, #9
2000152c:	b07b      	add	sp, #492	@ 0x1ec
2000152e:	bdf0      	pop	{r4, r5, r6, r7, pc}
20001530:	4668      	mov	r0, sp
20001532:	f7ff ff0b 	bl	2000134c <restore_non_core_regs>
20001536:	2c06      	cmp	r4, #6
20001538:	d1f7      	bne.n	2000152a <__gnu_Unwind_RaiseException+0x4e>
2000153a:	4631      	mov	r1, r6
2000153c:	4628      	mov	r0, r5
2000153e:	f7ff ff3b 	bl	200013b8 <unwind_phase2>
20001542:	bf00      	nop

20001544 <__gnu_Unwind_ForcedUnwind>:
20001544:	b410      	push	{r4}
20001546:	6bdc      	ldr	r4, [r3, #60]	@ 0x3c
20001548:	60c1      	str	r1, [r0, #12]
2000154a:	4619      	mov	r1, r3
2000154c:	6182      	str	r2, [r0, #24]
2000154e:	2200      	movs	r2, #0
20001550:	641c      	str	r4, [r3, #64]	@ 0x40
20001552:	bc10      	pop	{r4}
20001554:	e74e      	b.n	200013f4 <unwind_phase2_forced>
20001556:	bf00      	nop

20001558 <__gnu_Unwind_Resume>:
20001558:	b570      	push	{r4, r5, r6, lr}
2000155a:	6943      	ldr	r3, [r0, #20]
2000155c:	68c6      	ldr	r6, [r0, #12]
2000155e:	640b      	str	r3, [r1, #64]	@ 0x40
20001560:	b9ae      	cbnz	r6, 2000158e <__gnu_Unwind_Resume+0x36>
20001562:	6903      	ldr	r3, [r0, #16]
20001564:	460a      	mov	r2, r1
20001566:	4604      	mov	r4, r0
20001568:	460d      	mov	r5, r1
2000156a:	4601      	mov	r1, r0
2000156c:	2002      	movs	r0, #2
2000156e:	4798      	blx	r3
20001570:	2807      	cmp	r0, #7
20001572:	d005      	beq.n	20001580 <__gnu_Unwind_Resume+0x28>
20001574:	2808      	cmp	r0, #8
20001576:	d10e      	bne.n	20001596 <__gnu_Unwind_Resume+0x3e>
20001578:	4629      	mov	r1, r5
2000157a:	4620      	mov	r0, r4
2000157c:	f7ff ff1c 	bl	200013b8 <unwind_phase2>
20001580:	4630      	mov	r0, r6
20001582:	6c29      	ldr	r1, [r5, #64]	@ 0x40
20001584:	f7ff ff16 	bl	200013b4 <_Unwind_DebugHook>
20001588:	1d28      	adds	r0, r5, #4
2000158a:	f000 fb67 	bl	20001c5c <__restore_core_regs>
2000158e:	2201      	movs	r2, #1
20001590:	f7ff ff30 	bl	200013f4 <unwind_phase2_forced>
20001594:	deff      	udf	#255	@ 0xff
20001596:	deff      	udf	#255	@ 0xff

20001598 <__gnu_Unwind_Resume_or_Rethrow>:
20001598:	68c2      	ldr	r2, [r0, #12]
2000159a:	b12a      	cbz	r2, 200015a8 <__gnu_Unwind_Resume_or_Rethrow+0x10>
2000159c:	f8d1 c03c 	ldr.w	ip, [r1, #60]	@ 0x3c
200015a0:	2200      	movs	r2, #0
200015a2:	f8c1 c040 	str.w	ip, [r1, #64]	@ 0x40
200015a6:	e725      	b.n	200013f4 <unwind_phase2_forced>
200015a8:	e798      	b.n	200014dc <__gnu_Unwind_RaiseException>
200015aa:	bf00      	nop

200015ac <_Unwind_Complete>:
200015ac:	4770      	bx	lr
200015ae:	bf00      	nop

200015b0 <_Unwind_DeleteException>:
200015b0:	6883      	ldr	r3, [r0, #8]
200015b2:	4601      	mov	r1, r0
200015b4:	b10b      	cbz	r3, 200015ba <_Unwind_DeleteException+0xa>
200015b6:	2001      	movs	r0, #1
200015b8:	4718      	bx	r3
200015ba:	4770      	bx	lr

200015bc <_Unwind_VRS_Get>:
200015bc:	2905      	cmp	r1, #5
200015be:	d815      	bhi.n	200015ec <_Unwind_VRS_Get+0x30>
200015c0:	e8df f001 	tbb	[pc, r1]
200015c4:	0314030a 	.word	0x0314030a
200015c8:	0503      	.short	0x0503
200015ca:	2001      	movs	r0, #1
200015cc:	4770      	bx	lr
200015ce:	6c43      	ldr	r3, [r0, #68]	@ 0x44
200015d0:	2000      	movs	r0, #0
200015d2:	9a00      	ldr	r2, [sp, #0]
200015d4:	6013      	str	r3, [r2, #0]
200015d6:	4770      	bx	lr
200015d8:	b943      	cbnz	r3, 200015ec <_Unwind_VRS_Get+0x30>
200015da:	2a0f      	cmp	r2, #15
200015dc:	d806      	bhi.n	200015ec <_Unwind_VRS_Get+0x30>
200015de:	eb00 0282 	add.w	r2, r0, r2, lsl #2
200015e2:	2000      	movs	r0, #0
200015e4:	6853      	ldr	r3, [r2, #4]
200015e6:	9a00      	ldr	r2, [sp, #0]
200015e8:	6013      	str	r3, [r2, #0]
200015ea:	4770      	bx	lr
200015ec:	2002      	movs	r0, #2
200015ee:	4770      	bx	lr

200015f0 <_Unwind_GetGR>:
200015f0:	b510      	push	{r4, lr}
200015f2:	b084      	sub	sp, #16
200015f4:	2300      	movs	r3, #0
200015f6:	460a      	mov	r2, r1
200015f8:	ac03      	add	r4, sp, #12
200015fa:	4619      	mov	r1, r3
200015fc:	9400      	str	r4, [sp, #0]
200015fe:	f7ff ffdd 	bl	200015bc <_Unwind_VRS_Get>
20001602:	9803      	ldr	r0, [sp, #12]
20001604:	b004      	add	sp, #16
20001606:	bd10      	pop	{r4, pc}

20001608 <_Unwind_VRS_Set>:
20001608:	2905      	cmp	r1, #5
2000160a:	d815      	bhi.n	20001638 <_Unwind_VRS_Set+0x30>
2000160c:	e8df f001 	tbb	[pc, r1]
20001610:	0314030a 	.word	0x0314030a
20001614:	0503      	.short	0x0503
20001616:	2001      	movs	r0, #1
20001618:	4770      	bx	lr
2000161a:	9b00      	ldr	r3, [sp, #0]
2000161c:	681b      	ldr	r3, [r3, #0]
2000161e:	6443      	str	r3, [r0, #68]	@ 0x44
20001620:	2000      	movs	r0, #0
20001622:	4770      	bx	lr
20001624:	b943      	cbnz	r3, 20001638 <_Unwind_VRS_Set+0x30>
20001626:	2a0f      	cmp	r2, #15
20001628:	d806      	bhi.n	20001638 <_Unwind_VRS_Set+0x30>
2000162a:	9b00      	ldr	r3, [sp, #0]
2000162c:	eb00 0282 	add.w	r2, r0, r2, lsl #2
20001630:	2000      	movs	r0, #0
20001632:	681b      	ldr	r3, [r3, #0]
20001634:	6053      	str	r3, [r2, #4]
20001636:	4770      	bx	lr
20001638:	2002      	movs	r0, #2
2000163a:	4770      	bx	lr

2000163c <_Unwind_SetGR>:
2000163c:	b510      	push	{r4, lr}
2000163e:	b084      	sub	sp, #16
20001640:	2300      	movs	r3, #0
20001642:	ac03      	add	r4, sp, #12
20001644:	9203      	str	r2, [sp, #12]
20001646:	460a      	mov	r2, r1
20001648:	4619      	mov	r1, r3
2000164a:	9400      	str	r4, [sp, #0]
2000164c:	f7ff ffdc 	bl	20001608 <_Unwind_VRS_Set>
20001650:	b004      	add	sp, #16
20001652:	bd10      	pop	{r4, pc}

20001654 <__gnu_Unwind_Backtrace>:
20001654:	b5f0      	push	{r4, r5, r6, r7, lr}
20001656:	6bd3      	ldr	r3, [r2, #60]	@ 0x3c
20001658:	f5ad 7d11 	sub.w	sp, sp, #580	@ 0x244
2000165c:	1d14      	adds	r4, r2, #4
2000165e:	4606      	mov	r6, r0
20001660:	6413      	str	r3, [r2, #64]	@ 0x40
20001662:	f10d 0c5c 	add.w	ip, sp, #92	@ 0x5c
20001666:	460d      	mov	r5, r1
20001668:	f04f 37ff 	mov.w	r7, #4294967295	@ 0xffffffff
2000166c:	cc0f      	ldmia	r4!, {r0, r1, r2, r3}
2000166e:	e8ac 000f 	stmia.w	ip!, {r0, r1, r2, r3}
20001672:	cc0f      	ldmia	r4!, {r0, r1, r2, r3}
20001674:	e8ac 000f 	stmia.w	ip!, {r0, r1, r2, r3}
20001678:	cc0f      	ldmia	r4!, {r0, r1, r2, r3}
2000167a:	e8ac 000f 	stmia.w	ip!, {r0, r1, r2, r3}
2000167e:	e894 000f 	ldmia.w	r4, {r0, r1, r2, r3}
20001682:	e88c 000f 	stmia.w	ip, {r0, r1, r2, r3}
20001686:	9716      	str	r7, [sp, #88]	@ 0x58
20001688:	e010      	b.n	200016ac <__gnu_Unwind_Backtrace+0x58>
2000168a:	f7ff ffd7 	bl	2000163c <_Unwind_SetGR>
2000168e:	4629      	mov	r1, r5
20001690:	a816      	add	r0, sp, #88	@ 0x58
20001692:	47b0      	blx	r6
20001694:	4603      	mov	r3, r0
20001696:	aa16      	add	r2, sp, #88	@ 0x58
20001698:	4669      	mov	r1, sp
2000169a:	2008      	movs	r0, #8
2000169c:	b983      	cbnz	r3, 200016c0 <__gnu_Unwind_Backtrace+0x6c>
2000169e:	9b04      	ldr	r3, [sp, #16]
200016a0:	4798      	blx	r3
200016a2:	2805      	cmp	r0, #5
200016a4:	4604      	mov	r4, r0
200016a6:	d00c      	beq.n	200016c2 <__gnu_Unwind_Backtrace+0x6e>
200016a8:	2809      	cmp	r0, #9
200016aa:	d00a      	beq.n	200016c2 <__gnu_Unwind_Backtrace+0x6e>
200016ac:	9926      	ldr	r1, [sp, #152]	@ 0x98
200016ae:	4668      	mov	r0, sp
200016b0:	f7ff fe00 	bl	200012b4 <get_eit_entry>
200016b4:	4603      	mov	r3, r0
200016b6:	466a      	mov	r2, sp
200016b8:	210c      	movs	r1, #12
200016ba:	a816      	add	r0, sp, #88	@ 0x58
200016bc:	2b00      	cmp	r3, #0
200016be:	d0e4      	beq.n	2000168a <__gnu_Unwind_Backtrace+0x36>
200016c0:	2409      	movs	r4, #9
200016c2:	a816      	add	r0, sp, #88	@ 0x58
200016c4:	f7ff fe42 	bl	2000134c <restore_non_core_regs>
200016c8:	4620      	mov	r0, r4
200016ca:	f50d 7d11 	add.w	sp, sp, #580	@ 0x244
200016ce:	bdf0      	pop	{r4, r5, r6, r7, pc}

200016d0 <__gnu_unwind_pr_common>:
200016d0:	e92d 4ff0 	stmdb	sp!, {r4, r5, r6, r7, r8, r9, sl, fp, lr}
200016d4:	4616      	mov	r6, r2
200016d6:	6cca      	ldr	r2, [r1, #76]	@ 0x4c
200016d8:	b089      	sub	sp, #36	@ 0x24
200016da:	460d      	mov	r5, r1
200016dc:	f852 1b04 	ldr.w	r1, [r2], #4
200016e0:	f000 0c03 	and.w	ip, r0, #3
200016e4:	9206      	str	r2, [sp, #24]
200016e6:	2b00      	cmp	r3, #0
200016e8:	d07c      	beq.n	200017e4 <__gnu_unwind_pr_common+0x114>
200016ea:	0c0c      	lsrs	r4, r1, #16
200016ec:	0409      	lsls	r1, r1, #16
200016ee:	f88d 401d 	strb.w	r4, [sp, #29]
200016f2:	b2e4      	uxtb	r4, r4
200016f4:	9105      	str	r1, [sp, #20]
200016f6:	2102      	movs	r1, #2
200016f8:	eb02 0284 	add.w	r2, r2, r4, lsl #2
200016fc:	f1bc 0f02 	cmp.w	ip, #2
20001700:	f88d 101c 	strb.w	r1, [sp, #28]
20001704:	6d29      	ldr	r1, [r5, #80]	@ 0x50
20001706:	bf08      	it	eq
20001708:	6baa      	ldreq	r2, [r5, #56]	@ 0x38
2000170a:	f011 0801 	ands.w	r8, r1, #1
2000170e:	d009      	beq.n	20001724 <__gnu_unwind_pr_common+0x54>
20001710:	a905      	add	r1, sp, #20
20001712:	4630      	mov	r0, r6
20001714:	f000 fba4 	bl	20001e60 <__gnu_unwind_execute>
20001718:	2800      	cmp	r0, #0
2000171a:	d15b      	bne.n	200017d4 <__gnu_unwind_pr_common+0x104>
2000171c:	2008      	movs	r0, #8
2000171e:	b009      	add	sp, #36	@ 0x24
20001720:	e8bd 8ff0 	ldmia.w	sp!, {r4, r5, r6, r7, r8, r9, sl, fp, pc}
20001724:	6817      	ldr	r7, [r2, #0]
20001726:	2f00      	cmp	r7, #0
20001728:	d0f2      	beq.n	20001710 <__gnu_unwind_pr_common+0x40>
2000172a:	f000 0108 	and.w	r1, r0, #8
2000172e:	46bb      	mov	fp, r7
20001730:	469a      	mov	sl, r3
20001732:	4667      	mov	r7, ip
20001734:	9101      	str	r1, [sp, #4]
20001736:	f8cd 8008 	str.w	r8, [sp, #8]
2000173a:	f1ba 0f02 	cmp.w	sl, #2
2000173e:	d04d      	beq.n	200017dc <__gnu_unwind_pr_common+0x10c>
20001740:	f8b2 b000 	ldrh.w	fp, [r2]
20001744:	f102 0904 	add.w	r9, r2, #4
20001748:	8854      	ldrh	r4, [r2, #2]
2000174a:	f024 0201 	bic.w	r2, r4, #1
2000174e:	6cab      	ldr	r3, [r5, #72]	@ 0x48
20001750:	0064      	lsls	r4, r4, #1
20001752:	210f      	movs	r1, #15
20001754:	eb02 0803 	add.w	r8, r2, r3
20001758:	4630      	mov	r0, r6
2000175a:	f7ff ff49 	bl	200015f0 <_Unwind_GetGR>
2000175e:	f004 0402 	and.w	r4, r4, #2
20001762:	f00b 0301 	and.w	r3, fp, #1
20001766:	4580      	cmp	r8, r0
20001768:	ea43 0304 	orr.w	r3, r3, r4
2000176c:	d82c      	bhi.n	200017c8 <__gnu_unwind_pr_common+0xf8>
2000176e:	f02b 0b01 	bic.w	fp, fp, #1
20001772:	2b01      	cmp	r3, #1
20001774:	44c3      	add	fp, r8
20001776:	d072      	beq.n	2000185e <__gnu_unwind_pr_common+0x18e>
20001778:	2b02      	cmp	r3, #2
2000177a:	d039      	beq.n	200017f0 <__gnu_unwind_pr_common+0x120>
2000177c:	bb53      	cbnz	r3, 200017d4 <__gnu_unwind_pr_common+0x104>
2000177e:	b117      	cbz	r7, 20001786 <__gnu_unwind_pr_common+0xb6>
20001780:	4583      	cmp	fp, r0
20001782:	f200 80c8 	bhi.w	20001916 <__gnu_unwind_pr_common+0x246>
20001786:	f109 0204 	add.w	r2, r9, #4
2000178a:	f8d2 b000 	ldr.w	fp, [r2]
2000178e:	f1bb 0f00 	cmp.w	fp, #0
20001792:	d1d2      	bne.n	2000173a <__gnu_unwind_pr_common+0x6a>
20001794:	a905      	add	r1, sp, #20
20001796:	4630      	mov	r0, r6
20001798:	f8dd 8008 	ldr.w	r8, [sp, #8]
2000179c:	f000 fb60 	bl	20001e60 <__gnu_unwind_execute>
200017a0:	b9c0      	cbnz	r0, 200017d4 <__gnu_unwind_pr_common+0x104>
200017a2:	f1b8 0f00 	cmp.w	r8, #0
200017a6:	d0b9      	beq.n	2000171c <__gnu_unwind_pr_common+0x4c>
200017a8:	210f      	movs	r1, #15
200017aa:	4630      	mov	r0, r6
200017ac:	f7ff ff20 	bl	200015f0 <_Unwind_GetGR>
200017b0:	210e      	movs	r1, #14
200017b2:	4602      	mov	r2, r0
200017b4:	4630      	mov	r0, r6
200017b6:	f7ff ff41 	bl	2000163c <_Unwind_SetGR>
200017ba:	4a70      	ldr	r2, [pc, #448]	@ (2000197c <__gnu_unwind_pr_common+0x2ac>)
200017bc:	210f      	movs	r1, #15
200017be:	4630      	mov	r0, r6
200017c0:	f7ff ff3c 	bl	2000163c <_Unwind_SetGR>
200017c4:	2007      	movs	r0, #7
200017c6:	e006      	b.n	200017d6 <__gnu_unwind_pr_common+0x106>
200017c8:	2b01      	cmp	r3, #1
200017ca:	d066      	beq.n	2000189a <__gnu_unwind_pr_common+0x1ca>
200017cc:	2b02      	cmp	r3, #2
200017ce:	d025      	beq.n	2000181c <__gnu_unwind_pr_common+0x14c>
200017d0:	2b00      	cmp	r3, #0
200017d2:	d0d8      	beq.n	20001786 <__gnu_unwind_pr_common+0xb6>
200017d4:	2009      	movs	r0, #9
200017d6:	b009      	add	sp, #36	@ 0x24
200017d8:	e8bd 8ff0 	ldmia.w	sp!, {r4, r5, r6, r7, r8, r9, sl, fp, pc}
200017dc:	6854      	ldr	r4, [r2, #4]
200017de:	f102 0908 	add.w	r9, r2, #8
200017e2:	e7b2      	b.n	2000174a <__gnu_unwind_pr_common+0x7a>
200017e4:	0209      	lsls	r1, r1, #8
200017e6:	f88d 301d 	strb.w	r3, [sp, #29]
200017ea:	9105      	str	r1, [sp, #20]
200017ec:	2103      	movs	r1, #3
200017ee:	e785      	b.n	200016fc <__gnu_unwind_pr_common+0x2c>
200017f0:	f8d9 4000 	ldr.w	r4, [r9]
200017f4:	f024 4800 	bic.w	r8, r4, #2147483648	@ 0x80000000
200017f8:	b9b7      	cbnz	r7, 20001828 <__gnu_unwind_pr_common+0x158>
200017fa:	4583      	cmp	fp, r0
200017fc:	d905      	bls.n	2000180a <__gnu_unwind_pr_common+0x13a>
200017fe:	9b01      	ldr	r3, [sp, #4]
20001800:	2b00      	cmp	r3, #0
20001802:	d064      	beq.n	200018ce <__gnu_unwind_pr_common+0x1fe>
20001804:	f1b8 0f00 	cmp.w	r8, #0
20001808:	d061      	beq.n	200018ce <__gnu_unwind_pr_common+0x1fe>
2000180a:	2c00      	cmp	r4, #0
2000180c:	da01      	bge.n	20001812 <__gnu_unwind_pr_common+0x142>
2000180e:	f109 0904 	add.w	r9, r9, #4
20001812:	f108 0301 	add.w	r3, r8, #1
20001816:	eb09 0283 	add.w	r2, r9, r3, lsl #2
2000181a:	e7b6      	b.n	2000178a <__gnu_unwind_pr_common+0xba>
2000181c:	f8d9 4000 	ldr.w	r4, [r9]
20001820:	f024 4800 	bic.w	r8, r4, #2147483648	@ 0x80000000
20001824:	2f00      	cmp	r7, #0
20001826:	d0f0      	beq.n	2000180a <__gnu_unwind_pr_common+0x13a>
20001828:	f8d5 b020 	ldr.w	fp, [r5, #32]
2000182c:	210d      	movs	r1, #13
2000182e:	4630      	mov	r0, r6
20001830:	f7ff fede 	bl	200015f0 <_Unwind_GetGR>
20001834:	4583      	cmp	fp, r0
20001836:	d1e8      	bne.n	2000180a <__gnu_unwind_pr_common+0x13a>
20001838:	6aaa      	ldr	r2, [r5, #40]	@ 0x28
2000183a:	4591      	cmp	r9, r2
2000183c:	d1e5      	bne.n	2000180a <__gnu_unwind_pr_common+0x13a>
2000183e:	2400      	movs	r4, #0
20001840:	2204      	movs	r2, #4
20001842:	f8c5 8028 	str.w	r8, [r5, #40]	@ 0x28
20001846:	e9c5 420b 	strd	r4, r2, [r5, #44]	@ 0x2c
2000184a:	444a      	add	r2, r9
2000184c:	636a      	str	r2, [r5, #52]	@ 0x34
2000184e:	f8d9 2000 	ldr.w	r2, [r9]
20001852:	42a2      	cmp	r2, r4
20001854:	f2c0 808d 	blt.w	20001972 <__gnu_unwind_pr_common+0x2a2>
20001858:	2301      	movs	r3, #1
2000185a:	9302      	str	r3, [sp, #8]
2000185c:	e7d9      	b.n	20001812 <__gnu_unwind_pr_common+0x142>
2000185e:	b9f7      	cbnz	r7, 2000189e <__gnu_unwind_pr_common+0x1ce>
20001860:	4583      	cmp	fp, r0
20001862:	d917      	bls.n	20001894 <__gnu_unwind_pr_common+0x1c4>
20001864:	f8d9 3004 	ldr.w	r3, [r9, #4]
20001868:	f8d9 2000 	ldr.w	r2, [r9]
2000186c:	1c99      	adds	r1, r3, #2
2000186e:	ea4f 72d2 	mov.w	r2, r2, lsr #31
20001872:	d0af      	beq.n	200017d4 <__gnu_unwind_pr_common+0x104>
20001874:	f105 0458 	add.w	r4, r5, #88	@ 0x58
20001878:	3301      	adds	r3, #1
2000187a:	9404      	str	r4, [sp, #16]
2000187c:	d072      	beq.n	20001964 <__gnu_unwind_pr_common+0x294>
2000187e:	f109 0004 	add.w	r0, r9, #4
20001882:	f7ff fd8f 	bl	200013a4 <_Unwind_decode_typeinfo_ptr.constprop.0>
20001886:	ab04      	add	r3, sp, #16
20001888:	4601      	mov	r1, r0
2000188a:	4628      	mov	r0, r5
2000188c:	f000 fcb8 	bl	20002200 <____cxa_type_match_veneer>
20001890:	2800      	cmp	r0, #0
20001892:	d153      	bne.n	2000193c <__gnu_unwind_pr_common+0x26c>
20001894:	f109 0208 	add.w	r2, r9, #8
20001898:	e777      	b.n	2000178a <__gnu_unwind_pr_common+0xba>
2000189a:	2f00      	cmp	r7, #0
2000189c:	d0fa      	beq.n	20001894 <__gnu_unwind_pr_common+0x1c4>
2000189e:	6a2c      	ldr	r4, [r5, #32]
200018a0:	210d      	movs	r1, #13
200018a2:	4630      	mov	r0, r6
200018a4:	f7ff fea4 	bl	200015f0 <_Unwind_GetGR>
200018a8:	4284      	cmp	r4, r0
200018aa:	d1f3      	bne.n	20001894 <__gnu_unwind_pr_common+0x1c4>
200018ac:	6aab      	ldr	r3, [r5, #40]	@ 0x28
200018ae:	4599      	cmp	r9, r3
200018b0:	d1f0      	bne.n	20001894 <__gnu_unwind_pr_common+0x1c4>
200018b2:	4648      	mov	r0, r9
200018b4:	f7ff fcb2 	bl	2000121c <selfrel_offset31>
200018b8:	210f      	movs	r1, #15
200018ba:	4602      	mov	r2, r0
200018bc:	4630      	mov	r0, r6
200018be:	f7ff febd 	bl	2000163c <_Unwind_SetGR>
200018c2:	462a      	mov	r2, r5
200018c4:	2100      	movs	r1, #0
200018c6:	4630      	mov	r0, r6
200018c8:	f7ff feb8 	bl	2000163c <_Unwind_SetGR>
200018cc:	e77a      	b.n	200017c4 <__gnu_unwind_pr_common+0xf4>
200018ce:	f105 0358 	add.w	r3, r5, #88	@ 0x58
200018d2:	9703      	str	r7, [sp, #12]
200018d4:	f109 0b04 	add.w	fp, r9, #4
200018d8:	2400      	movs	r4, #0
200018da:	461f      	mov	r7, r3
200018dc:	e00c      	b.n	200018f8 <__gnu_unwind_pr_common+0x228>
200018de:	4658      	mov	r0, fp
200018e0:	2200      	movs	r2, #0
200018e2:	9704      	str	r7, [sp, #16]
200018e4:	f7ff fd5e 	bl	200013a4 <_Unwind_decode_typeinfo_ptr.constprop.0>
200018e8:	ab04      	add	r3, sp, #16
200018ea:	4601      	mov	r1, r0
200018ec:	4628      	mov	r0, r5
200018ee:	f10b 0b04 	add.w	fp, fp, #4
200018f2:	f000 fc85 	bl	20002200 <____cxa_type_match_veneer>
200018f6:	bb88      	cbnz	r0, 2000195c <__gnu_unwind_pr_common+0x28c>
200018f8:	4544      	cmp	r4, r8
200018fa:	f104 0401 	add.w	r4, r4, #1
200018fe:	d1ee      	bne.n	200018de <__gnu_unwind_pr_common+0x20e>
20001900:	210d      	movs	r1, #13
20001902:	4630      	mov	r0, r6
20001904:	f7ff fe74 	bl	200015f0 <_Unwind_GetGR>
20001908:	9b04      	ldr	r3, [sp, #16]
2000190a:	4602      	mov	r2, r0
2000190c:	2006      	movs	r0, #6
2000190e:	622a      	str	r2, [r5, #32]
20001910:	e9c5 3909 	strd	r3, r9, [r5, #36]	@ 0x24
20001914:	e75f      	b.n	200017d6 <__gnu_unwind_pr_common+0x106>
20001916:	4648      	mov	r0, r9
20001918:	f7ff fc80 	bl	2000121c <selfrel_offset31>
2000191c:	f109 0204 	add.w	r2, r9, #4
20001920:	4604      	mov	r4, r0
20001922:	4628      	mov	r0, r5
20001924:	63aa      	str	r2, [r5, #56]	@ 0x38
20001926:	f000 fc5b 	bl	200021e0 <____cxa_begin_cleanup_veneer>
2000192a:	2800      	cmp	r0, #0
2000192c:	f43f af52 	beq.w	200017d4 <__gnu_unwind_pr_common+0x104>
20001930:	4622      	mov	r2, r4
20001932:	210f      	movs	r1, #15
20001934:	4630      	mov	r0, r6
20001936:	f7ff fe81 	bl	2000163c <_Unwind_SetGR>
2000193a:	e743      	b.n	200017c4 <__gnu_unwind_pr_common+0xf4>
2000193c:	4604      	mov	r4, r0
2000193e:	210d      	movs	r1, #13
20001940:	4630      	mov	r0, r6
20001942:	9e04      	ldr	r6, [sp, #16]
20001944:	f7ff fe54 	bl	200015f0 <_Unwind_GetGR>
20001948:	2c02      	cmp	r4, #2
2000194a:	6228      	str	r0, [r5, #32]
2000194c:	d102      	bne.n	20001954 <__gnu_unwind_pr_common+0x284>
2000194e:	62ee      	str	r6, [r5, #44]	@ 0x2c
20001950:	f105 062c 	add.w	r6, r5, #44	@ 0x2c
20001954:	2006      	movs	r0, #6
20001956:	e9c5 6909 	strd	r6, r9, [r5, #36]	@ 0x24
2000195a:	e73c      	b.n	200017d6 <__gnu_unwind_pr_common+0x106>
2000195c:	9f03      	ldr	r7, [sp, #12]
2000195e:	f8d9 4000 	ldr.w	r4, [r9]
20001962:	e752      	b.n	2000180a <__gnu_unwind_pr_common+0x13a>
20001964:	4630      	mov	r0, r6
20001966:	210d      	movs	r1, #13
20001968:	f7ff fe42 	bl	200015f0 <_Unwind_GetGR>
2000196c:	4626      	mov	r6, r4
2000196e:	6228      	str	r0, [r5, #32]
20001970:	e7f0      	b.n	20001954 <__gnu_unwind_pr_common+0x284>
20001972:	f108 0201 	add.w	r2, r8, #1
20001976:	eb09 0082 	add.w	r0, r9, r2, lsl #2
2000197a:	e79b      	b.n	200018b4 <__gnu_unwind_pr_common+0x1e4>
2000197c:	1000999d 	.word	0x1000999d

20001980 <__aeabi_unwind_cpp_pr0>:
20001980:	2300      	movs	r3, #0
20001982:	e6a5      	b.n	200016d0 <__gnu_unwind_pr_common>

20001984 <__aeabi_unwind_cpp_pr1>:
20001984:	2301      	movs	r3, #1
20001986:	e6a3      	b.n	200016d0 <__gnu_unwind_pr_common>

20001988 <__aeabi_unwind_cpp_pr2>:
20001988:	2302      	movs	r3, #2
2000198a:	e6a1      	b.n	200016d0 <__gnu_unwind_pr_common>

2000198c <_Unwind_VRS_Pop>:
2000198c:	e92d 41f0 	stmdb	sp!, {r4, r5, r6, r7, r8, lr}
20001990:	4605      	mov	r5, r0
20001992:	b0c4      	sub	sp, #272	@ 0x110
20001994:	4614      	mov	r4, r2
20001996:	2905      	cmp	r1, #5
20001998:	f200 80b4 	bhi.w	20001b04 <_Unwind_VRS_Pop+0x178>
2000199c:	e8df f001 	tbb	[pc, r1]
200019a0:	69b2290f 	.word	0x69b2290f
200019a4:	038f      	.short	0x038f
200019a6:	6b83      	ldr	r3, [r0, #56]	@ 0x38
200019a8:	2c00      	cmp	r4, #0
200019aa:	f040 80ab 	bne.w	20001b04 <_Unwind_VRS_Pop+0x178>
200019ae:	f853 2b04 	ldr.w	r2, [r3], #4
200019b2:	6442      	str	r2, [r0, #68]	@ 0x44
200019b4:	6383      	str	r3, [r0, #56]	@ 0x38
200019b6:	2000      	movs	r0, #0
200019b8:	b044      	add	sp, #272	@ 0x110
200019ba:	e8bd 81f0 	ldmia.w	sp!, {r4, r5, r6, r7, r8, pc}
200019be:	2b00      	cmp	r3, #0
200019c0:	f040 80a0 	bne.w	20001b04 <_Unwind_VRS_Pop+0x178>
200019c4:	fa1f fc84 	uxth.w	ip, r4
200019c8:	6b80      	ldr	r0, [r0, #56]	@ 0x38
200019ca:	2601      	movs	r6, #1
200019cc:	1d2f      	adds	r7, r5, #4
200019ce:	fa06 f103 	lsl.w	r1, r6, r3
200019d2:	4602      	mov	r2, r0
200019d4:	ea11 0f0c 	tst.w	r1, ip
200019d8:	d004      	beq.n	200019e4 <_Unwind_VRS_Pop+0x58>
200019da:	f852 1b04 	ldr.w	r1, [r2], #4
200019de:	4610      	mov	r0, r2
200019e0:	f847 1023 	str.w	r1, [r7, r3, lsl #2]
200019e4:	3301      	adds	r3, #1
200019e6:	2b10      	cmp	r3, #16
200019e8:	d1f1      	bne.n	200019ce <_Unwind_VRS_Pop+0x42>
200019ea:	04a2      	lsls	r2, r4, #18
200019ec:	d4e3      	bmi.n	200019b6 <_Unwind_VRS_Pop+0x2a>
200019ee:	63a8      	str	r0, [r5, #56]	@ 0x38
200019f0:	e7e1      	b.n	200019b6 <_Unwind_VRS_Pop+0x2a>
200019f2:	f003 02fb 	and.w	r2, r3, #251	@ 0xfb
200019f6:	0c26      	lsrs	r6, r4, #16
200019f8:	b2a4      	uxth	r4, r4
200019fa:	2a01      	cmp	r2, #1
200019fc:	f040 8082 	bne.w	20001b04 <_Unwind_VRS_Pop+0x178>
20001a00:	2b01      	cmp	r3, #1
20001a02:	eb06 0804 	add.w	r8, r6, r4
20001a06:	f000 80c2 	beq.w	20001b8e <_Unwind_VRS_Pop+0x202>
20001a0a:	f1b8 0f20 	cmp.w	r8, #32
20001a0e:	d879      	bhi.n	20001b04 <_Unwind_VRS_Pop+0x178>
20001a10:	2e0f      	cmp	r6, #15
20001a12:	d979      	bls.n	20001b08 <_Unwind_VRS_Pop+0x17c>
20001a14:	2c00      	cmp	r4, #0
20001a16:	d0ce      	beq.n	200019b6 <_Unwind_VRS_Pop+0x2a>
20001a18:	6802      	ldr	r2, [r0, #0]
20001a1a:	9301      	str	r3, [sp, #4]
20001a1c:	0753      	lsls	r3, r2, #29
20001a1e:	d505      	bpl.n	20001a2c <_Unwind_VRS_Pop+0xa0>
20001a20:	f022 0204 	bic.w	r2, r2, #4
20001a24:	f840 2bd8 	str.w	r2, [r0], #216
20001a28:	f000 f938 	bl	20001c9c <__gnu_Unwind_Save_VFP_D_16_to_31>
20001a2c:	af02      	add	r7, sp, #8
20001a2e:	0064      	lsls	r4, r4, #1
20001a30:	4638      	mov	r0, r7
20001a32:	f000 f933 	bl	20001c9c <__gnu_Unwind_Save_VFP_D_16_to_31>
20001a36:	f1a6 0210 	sub.w	r2, r6, #16
20001a3a:	6ba9      	ldr	r1, [r5, #56]	@ 0x38
20001a3c:	1e60      	subs	r0, r4, #1
20001a3e:	9b01      	ldr	r3, [sp, #4]
20001a40:	eb07 02c2 	add.w	r2, r7, r2, lsl #3
20001a44:	1c44      	adds	r4, r0, #1
20001a46:	1f10      	subs	r0, r2, #4
20001a48:	eb01 0284 	add.w	r2, r1, r4, lsl #2
20001a4c:	f851 4b04 	ldr.w	r4, [r1], #4
20001a50:	4291      	cmp	r1, r2
20001a52:	f840 4f04 	str.w	r4, [r0, #4]!
20001a56:	d1f9      	bne.n	20001a4c <_Unwind_VRS_Pop+0xc0>
20001a58:	2b01      	cmp	r3, #1
20001a5a:	f000 80ca 	beq.w	20001bf2 <_Unwind_VRS_Pop+0x266>
20001a5e:	2e0f      	cmp	r6, #15
20001a60:	63a9      	str	r1, [r5, #56]	@ 0x38
20001a62:	d802      	bhi.n	20001a6a <_Unwind_VRS_Pop+0xde>
20001a64:	a822      	add	r0, sp, #136	@ 0x88
20001a66:	f000 f90d 	bl	20001c84 <__gnu_Unwind_Restore_VFP_D>
20001a6a:	4638      	mov	r0, r7
20001a6c:	f000 f912 	bl	20001c94 <__gnu_Unwind_Restore_VFP_D_16_to_31>
20001a70:	e7a1      	b.n	200019b6 <_Unwind_VRS_Pop+0x2a>
20001a72:	2b03      	cmp	r3, #3
20001a74:	d146      	bne.n	20001b04 <_Unwind_VRS_Pop+0x178>
20001a76:	fa1f f884 	uxth.w	r8, r4
20001a7a:	0c26      	lsrs	r6, r4, #16
20001a7c:	eb08 4414 	add.w	r4, r8, r4, lsr #16
20001a80:	2c10      	cmp	r4, #16
20001a82:	d83f      	bhi.n	20001b04 <_Unwind_VRS_Pop+0x178>
20001a84:	6803      	ldr	r3, [r0, #0]
20001a86:	071f      	lsls	r7, r3, #28
20001a88:	f100 80ab 	bmi.w	20001be2 <_Unwind_VRS_Pop+0x256>
20001a8c:	af22      	add	r7, sp, #136	@ 0x88
20001a8e:	4638      	mov	r0, r7
20001a90:	f000 f92a 	bl	20001ce8 <__gnu_Unwind_Save_WMMXD>
20001a94:	6bac      	ldr	r4, [r5, #56]	@ 0x38
20001a96:	ea4f 0148 	mov.w	r1, r8, lsl #1
20001a9a:	eb07 03c6 	add.w	r3, r7, r6, lsl #3
20001a9e:	1e4a      	subs	r2, r1, #1
20001aa0:	b141      	cbz	r1, 20001ab4 <_Unwind_VRS_Pop+0x128>
20001aa2:	1ae0      	subs	r0, r4, r3
20001aa4:	3a01      	subs	r2, #1
20001aa6:	5819      	ldr	r1, [r3, r0]
20001aa8:	1c56      	adds	r6, r2, #1
20001aaa:	f843 1b04 	str.w	r1, [r3], #4
20001aae:	d1f9      	bne.n	20001aa4 <_Unwind_VRS_Pop+0x118>
20001ab0:	eb04 04c8 	add.w	r4, r4, r8, lsl #3
20001ab4:	4638      	mov	r0, r7
20001ab6:	63ac      	str	r4, [r5, #56]	@ 0x38
20001ab8:	f000 f8f4 	bl	20001ca4 <__gnu_Unwind_Restore_WMMXD>
20001abc:	e77b      	b.n	200019b6 <_Unwind_VRS_Pop+0x2a>
20001abe:	bb0b      	cbnz	r3, 20001b04 <_Unwind_VRS_Pop+0x178>
20001ac0:	2c10      	cmp	r4, #16
20001ac2:	d81f      	bhi.n	20001b04 <_Unwind_VRS_Pop+0x178>
20001ac4:	6803      	ldr	r3, [r0, #0]
20001ac6:	06d8      	lsls	r0, r3, #27
20001ac8:	f100 8083 	bmi.w	20001bd2 <_Unwind_VRS_Pop+0x246>
20001acc:	af22      	add	r7, sp, #136	@ 0x88
20001ace:	4638      	mov	r0, r7
20001ad0:	f000 f936 	bl	20001d40 <__gnu_Unwind_Save_WMMXC>
20001ad4:	6bae      	ldr	r6, [r5, #56]	@ 0x38
20001ad6:	4639      	mov	r1, r7
20001ad8:	2300      	movs	r3, #0
20001ada:	f04f 0c01 	mov.w	ip, #1
20001ade:	fa0c f203 	lsl.w	r2, ip, r3
20001ae2:	4630      	mov	r0, r6
20001ae4:	3301      	adds	r3, #1
20001ae6:	4222      	tst	r2, r4
20001ae8:	d003      	beq.n	20001af2 <_Unwind_VRS_Pop+0x166>
20001aea:	f850 2b04 	ldr.w	r2, [r0], #4
20001aee:	4606      	mov	r6, r0
20001af0:	600a      	str	r2, [r1, #0]
20001af2:	2b04      	cmp	r3, #4
20001af4:	f101 0104 	add.w	r1, r1, #4
20001af8:	d1f1      	bne.n	20001ade <_Unwind_VRS_Pop+0x152>
20001afa:	4638      	mov	r0, r7
20001afc:	63ae      	str	r6, [r5, #56]	@ 0x38
20001afe:	f000 f915 	bl	20001d2c <__gnu_Unwind_Restore_WMMXC>
20001b02:	e758      	b.n	200019b6 <_Unwind_VRS_Pop+0x2a>
20001b04:	2002      	movs	r0, #2
20001b06:	e757      	b.n	200019b8 <_Unwind_VRS_Pop+0x2c>
20001b08:	6802      	ldr	r2, [r0, #0]
20001b0a:	f1b8 0f10 	cmp.w	r8, #16
20001b0e:	f002 0001 	and.w	r0, r2, #1
20001b12:	f240 8089 	bls.w	20001c28 <_Unwind_VRS_Pop+0x29c>
20001b16:	b158      	cbz	r0, 20001b30 <_Unwind_VRS_Pop+0x1a4>
20001b18:	f022 0201 	bic.w	r2, r2, #1
20001b1c:	4628      	mov	r0, r5
20001b1e:	9301      	str	r3, [sp, #4]
20001b20:	f042 0202 	orr.w	r2, r2, #2
20001b24:	f840 2b50 	str.w	r2, [r0], #80
20001b28:	f000 f8b0 	bl	20001c8c <__gnu_Unwind_Save_VFP_D>
20001b2c:	682a      	ldr	r2, [r5, #0]
20001b2e:	9b01      	ldr	r3, [sp, #4]
20001b30:	0751      	lsls	r1, r2, #29
20001b32:	f1a8 0810 	sub.w	r8, r8, #16
20001b36:	f100 8088 	bmi.w	20001c4a <_Unwind_VRS_Pop+0x2be>
20001b3a:	9301      	str	r3, [sp, #4]
20001b3c:	af22      	add	r7, sp, #136	@ 0x88
20001b3e:	4638      	mov	r0, r7
20001b40:	f000 f8a4 	bl	20001c8c <__gnu_Unwind_Save_VFP_D>
20001b44:	a802      	add	r0, sp, #8
20001b46:	f000 f8a9 	bl	20001c9c <__gnu_Unwind_Save_VFP_D_16_to_31>
20001b4a:	f1c6 0110 	rsb	r1, r6, #16
20001b4e:	6baa      	ldr	r2, [r5, #56]	@ 0x38
20001b50:	eb07 00c6 	add.w	r0, r7, r6, lsl #3
20001b54:	0049      	lsls	r1, r1, #1
20001b56:	9b01      	ldr	r3, [sp, #4]
20001b58:	3901      	subs	r1, #1
20001b5a:	3101      	adds	r1, #1
20001b5c:	3804      	subs	r0, #4
20001b5e:	eb02 0181 	add.w	r1, r2, r1, lsl #2
20001b62:	f852 4b04 	ldr.w	r4, [r2], #4
20001b66:	4291      	cmp	r1, r2
20001b68:	f840 4f04 	str.w	r4, [r0, #4]!
20001b6c:	d1f9      	bne.n	20001b62 <_Unwind_VRS_Pop+0x1d6>
20001b6e:	f1b8 0f00 	cmp.w	r8, #0
20001b72:	d04f      	beq.n	20001c14 <_Unwind_VRS_Pop+0x288>
20001b74:	ea4f 0248 	mov.w	r2, r8, lsl #1
20001b78:	2e10      	cmp	r6, #16
20001b7a:	af02      	add	r7, sp, #8
20001b7c:	f102 30ff 	add.w	r0, r2, #4294967295	@ 0xffffffff
20001b80:	4632      	mov	r2, r6
20001b82:	bf38      	it	cc
20001b84:	2210      	movcc	r2, #16
20001b86:	3a10      	subs	r2, #16
20001b88:	eb07 02c2 	add.w	r2, r7, r2, lsl #3
20001b8c:	e75a      	b.n	20001a44 <_Unwind_VRS_Pop+0xb8>
20001b8e:	f1b8 0f10 	cmp.w	r8, #16
20001b92:	d8b7      	bhi.n	20001b04 <_Unwind_VRS_Pop+0x178>
20001b94:	2e10      	cmp	r6, #16
20001b96:	d0b5      	beq.n	20001b04 <_Unwind_VRS_Pop+0x178>
20001b98:	6801      	ldr	r1, [r0, #0]
20001b9a:	07ca      	lsls	r2, r1, #31
20001b9c:	d530      	bpl.n	20001c00 <_Unwind_VRS_Pop+0x274>
20001b9e:	f021 0103 	bic.w	r1, r1, #3
20001ba2:	4628      	mov	r0, r5
20001ba4:	9301      	str	r3, [sp, #4]
20001ba6:	f840 1b50 	str.w	r1, [r0], #80
20001baa:	f000 f867 	bl	20001c7c <__gnu_Unwind_Save_VFP>
20001bae:	9b01      	ldr	r3, [sp, #4]
20001bb0:	2b01      	cmp	r3, #1
20001bb2:	d025      	beq.n	20001c00 <_Unwind_VRS_Pop+0x274>
20001bb4:	af22      	add	r7, sp, #136	@ 0x88
20001bb6:	9301      	str	r3, [sp, #4]
20001bb8:	4638      	mov	r0, r7
20001bba:	f000 f867 	bl	20001c8c <__gnu_Unwind_Save_VFP_D>
20001bbe:	6baa      	ldr	r2, [r5, #56]	@ 0x38
20001bc0:	b374      	cbz	r4, 20001c20 <_Unwind_VRS_Pop+0x294>
20001bc2:	9b01      	ldr	r3, [sp, #4]
20001bc4:	0064      	lsls	r4, r4, #1
20001bc6:	f04f 0800 	mov.w	r8, #0
20001bca:	eb07 00c6 	add.w	r0, r7, r6, lsl #3
20001bce:	1e61      	subs	r1, r4, #1
20001bd0:	e7c3      	b.n	20001b5a <_Unwind_VRS_Pop+0x1ce>
20001bd2:	f023 0310 	bic.w	r3, r3, #16
20001bd6:	f505 70ec 	add.w	r0, r5, #472	@ 0x1d8
20001bda:	602b      	str	r3, [r5, #0]
20001bdc:	f000 f8b0 	bl	20001d40 <__gnu_Unwind_Save_WMMXC>
20001be0:	e774      	b.n	20001acc <_Unwind_VRS_Pop+0x140>
20001be2:	f023 0308 	bic.w	r3, r3, #8
20001be6:	f500 70ac 	add.w	r0, r0, #344	@ 0x158
20001bea:	602b      	str	r3, [r5, #0]
20001bec:	f000 f87c 	bl	20001ce8 <__gnu_Unwind_Save_WMMXD>
20001bf0:	e74c      	b.n	20001a8c <_Unwind_VRS_Pop+0x100>
20001bf2:	af22      	add	r7, sp, #136	@ 0x88
20001bf4:	3204      	adds	r2, #4
20001bf6:	4638      	mov	r0, r7
20001bf8:	63aa      	str	r2, [r5, #56]	@ 0x38
20001bfa:	f000 f83b 	bl	20001c74 <__gnu_Unwind_Restore_VFP>
20001bfe:	e6da      	b.n	200019b6 <_Unwind_VRS_Pop+0x2a>
20001c00:	af22      	add	r7, sp, #136	@ 0x88
20001c02:	9301      	str	r3, [sp, #4]
20001c04:	4638      	mov	r0, r7
20001c06:	f000 f839 	bl	20001c7c <__gnu_Unwind_Save_VFP>
20001c0a:	6baa      	ldr	r2, [r5, #56]	@ 0x38
20001c0c:	9b01      	ldr	r3, [sp, #4]
20001c0e:	2c00      	cmp	r4, #0
20001c10:	d0f0      	beq.n	20001bf4 <_Unwind_VRS_Pop+0x268>
20001c12:	e7d7      	b.n	20001bc4 <_Unwind_VRS_Pop+0x238>
20001c14:	2b01      	cmp	r3, #1
20001c16:	d0ed      	beq.n	20001bf4 <_Unwind_VRS_Pop+0x268>
20001c18:	2e0f      	cmp	r6, #15
20001c1a:	63a9      	str	r1, [r5, #56]	@ 0x38
20001c1c:	f63f aecb 	bhi.w	200019b6 <_Unwind_VRS_Pop+0x2a>
20001c20:	4638      	mov	r0, r7
20001c22:	f000 f82f 	bl	20001c84 <__gnu_Unwind_Restore_VFP_D>
20001c26:	e6c6      	b.n	200019b6 <_Unwind_VRS_Pop+0x2a>
20001c28:	4611      	mov	r1, r2
20001c2a:	2800      	cmp	r0, #0
20001c2c:	d0c2      	beq.n	20001bb4 <_Unwind_VRS_Pop+0x228>
20001c2e:	2b05      	cmp	r3, #5
20001c30:	d1b5      	bne.n	20001b9e <_Unwind_VRS_Pop+0x212>
20001c32:	f022 0201 	bic.w	r2, r2, #1
20001c36:	4628      	mov	r0, r5
20001c38:	9301      	str	r3, [sp, #4]
20001c3a:	f042 0202 	orr.w	r2, r2, #2
20001c3e:	f840 2b50 	str.w	r2, [r0], #80
20001c42:	f000 f823 	bl	20001c8c <__gnu_Unwind_Save_VFP_D>
20001c46:	9b01      	ldr	r3, [sp, #4]
20001c48:	e7b4      	b.n	20001bb4 <_Unwind_VRS_Pop+0x228>
20001c4a:	f022 0204 	bic.w	r2, r2, #4
20001c4e:	4628      	mov	r0, r5
20001c50:	9301      	str	r3, [sp, #4]
20001c52:	f840 2bd8 	str.w	r2, [r0], #216
20001c56:	f000 f821 	bl	20001c9c <__gnu_Unwind_Save_VFP_D_16_to_31>
20001c5a:	e76f      	b.n	20001b3c <_Unwind_VRS_Pop+0x1b0>

20001c5c <__restore_core_regs>:
20001c5c:	f100 0134 	add.w	r1, r0, #52	@ 0x34
20001c60:	e891 0038 	ldmia.w	r1, {r3, r4, r5}
20001c64:	469c      	mov	ip, r3
20001c66:	46a6      	mov	lr, r4
20001c68:	f84c 5d04 	str.w	r5, [ip, #-4]!
20001c6c:	e890 0fff 	ldmia.w	r0, {r0, r1, r2, r3, r4, r5, r6, r7, r8, r9, sl, fp}
20001c70:	46e5      	mov	sp, ip
20001c72:	bd00      	pop	{pc}

20001c74 <__gnu_Unwind_Restore_VFP>:
20001c74:	ec90 0b21 	fldmiax	r0, {d0-d15}	@ Deprecated
20001c78:	4770      	bx	lr
20001c7a:	bf00      	nop

20001c7c <__gnu_Unwind_Save_VFP>:
20001c7c:	ec80 0b21 	fstmiax	r0, {d0-d15}	@ Deprecated
20001c80:	4770      	bx	lr
20001c82:	bf00      	nop

20001c84 <__gnu_Unwind_Restore_VFP_D>:
20001c84:	ec90 0b20 	vldmia	r0, {d0-d15}
20001c88:	4770      	bx	lr
20001c8a:	bf00      	nop

20001c8c <__gnu_Unwind_Save_VFP_D>:
20001c8c:	ec80 0b20 	vstmia	r0, {d0-d15}
20001c90:	4770      	bx	lr
20001c92:	bf00      	nop

20001c94 <__gnu_Unwind_Restore_VFP_D_16_to_31>:
20001c94:	ecd0 0b20 	vldmia	r0, {d16-d31}
20001c98:	4770      	bx	lr
20001c9a:	bf00      	nop

20001c9c <__gnu_Unwind_Save_VFP_D_16_to_31>:
20001c9c:	ecc0 0b20 	vstmia	r0, {d16-d31}
20001ca0:	4770      	bx	lr
20001ca2:	bf00      	nop

20001ca4 <__gnu_Unwind_Restore_WMMXD>:
20001ca4:	ecf0 0102 	ldfe	f0, [r0], #8
20001ca8:	ecf0 1102 	ldfe	f1, [r0], #8
20001cac:	ecf0 2102 	ldfe	f2, [r0], #8
20001cb0:	ecf0 3102 	ldfe	f3, [r0], #8
20001cb4:	ecf0 4102 	ldfe	f4, [r0], #8
20001cb8:	ecf0 5102 	ldfe	f5, [r0], #8
20001cbc:	ecf0 6102 	ldfe	f6, [r0], #8
20001cc0:	ecf0 7102 	ldfe	f7, [r0], #8
20001cc4:	ecf0 8102 	ldfp	f0, [r0], #8
20001cc8:	ecf0 9102 	ldfp	f1, [r0], #8
20001ccc:	ecf0 a102 	ldfp	f2, [r0], #8
20001cd0:	ecf0 b102 	ldfp	f3, [r0], #8
20001cd4:	ecf0 c102 	ldfp	f4, [r0], #8
20001cd8:	ecf0 d102 	ldfp	f5, [r0], #8
20001cdc:	ecf0 e102 	ldfp	f6, [r0], #8
20001ce0:	ecf0 f102 	ldfp	f7, [r0], #8
20001ce4:	4770      	bx	lr
20001ce6:	bf00      	nop

20001ce8 <__gnu_Unwind_Save_WMMXD>:
20001ce8:	ece0 0102 	stfe	f0, [r0], #8
20001cec:	ece0 1102 	stfe	f1, [r0], #8
20001cf0:	ece0 2102 	stfe	f2, [r0], #8
20001cf4:	ece0 3102 	stfe	f3, [r0], #8
20001cf8:	ece0 4102 	stfe	f4, [r0], #8
20001cfc:	ece0 5102 	stfe	f5, [r0], #8
20001d00:	ece0 6102 	stfe	f6, [r0], #8
20001d04:	ece0 7102 	stfe	f7, [r0], #8
20001d08:	ece0 8102 	stfp	f0, [r0], #8
20001d0c:	ece0 9102 	stfp	f1, [r0], #8
20001d10:	ece0 a102 	stfp	f2, [r0], #8
20001d14:	ece0 b102 	stfp	f3, [r0], #8
20001d18:	ece0 c102 	stfp	f4, [r0], #8
20001d1c:	ece0 d102 	stfp	f5, [r0], #8
20001d20:	ece0 e102 	stfp	f6, [r0], #8
20001d24:	ece0 f102 	stfp	f7, [r0], #8
20001d28:	4770      	bx	lr
20001d2a:	bf00      	nop

20001d2c <__gnu_Unwind_Restore_WMMXC>:
20001d2c:	fcb0 8101 	ldc2	1, cr8, [r0], #4
20001d30:	fcb0 9101 	ldc2	1, cr9, [r0], #4
20001d34:	fcb0 a101 	ldc2	1, cr10, [r0], #4
20001d38:	fcb0 b101 	ldc2	1, cr11, [r0], #4
20001d3c:	4770      	bx	lr
20001d3e:	bf00      	nop

20001d40 <__gnu_Unwind_Save_WMMXC>:
20001d40:	fca0 8101 	stc2	1, cr8, [r0], #4
20001d44:	fca0 9101 	stc2	1, cr9, [r0], #4
20001d48:	fca0 a101 	stc2	1, cr10, [r0], #4
20001d4c:	fca0 b101 	stc2	1, cr11, [r0], #4
20001d50:	4770      	bx	lr
20001d52:	bf00      	nop

20001d54 <_Unwind_RaiseException>:
20001d54:	46ec      	mov	ip, sp
20001d56:	b500      	push	{lr}
20001d58:	e92d 5000 	stmdb	sp!, {ip, lr}
20001d5c:	e92d 1fff 	stmdb	sp!, {r0, r1, r2, r3, r4, r5, r6, r7, r8, r9, sl, fp, ip}
20001d60:	f04f 0300 	mov.w	r3, #0
20001d64:	e92d 000c 	stmdb	sp!, {r2, r3}
20001d68:	a901      	add	r1, sp, #4
20001d6a:	f7ff fbb7 	bl	200014dc <__gnu_Unwind_RaiseException>
20001d6e:	f8dd e040 	ldr.w	lr, [sp, #64]	@ 0x40
20001d72:	b012      	add	sp, #72	@ 0x48
20001d74:	4770      	bx	lr
20001d76:	bf00      	nop

20001d78 <_Unwind_Resume>:
20001d78:	46ec      	mov	ip, sp
20001d7a:	b500      	push	{lr}
20001d7c:	e92d 5000 	stmdb	sp!, {ip, lr}
20001d80:	e92d 1fff 	stmdb	sp!, {r0, r1, r2, r3, r4, r5, r6, r7, r8, r9, sl, fp, ip}
20001d84:	f04f 0300 	mov.w	r3, #0
20001d88:	e92d 000c 	stmdb	sp!, {r2, r3}
20001d8c:	a901      	add	r1, sp, #4
20001d8e:	f7ff fbe3 	bl	20001558 <__gnu_Unwind_Resume>
20001d92:	f8dd e040 	ldr.w	lr, [sp, #64]	@ 0x40
20001d96:	b012      	add	sp, #72	@ 0x48
20001d98:	4770      	bx	lr
20001d9a:	bf00      	nop

20001d9c <_Unwind_Resume_or_Rethrow>:
20001d9c:	46ec      	mov	ip, sp
20001d9e:	b500      	push	{lr}
20001da0:	e92d 5000 	stmdb	sp!, {ip, lr}
20001da4:	e92d 1fff 	stmdb	sp!, {r0, r1, r2, r3, r4, r5, r6, r7, r8, r9, sl, fp, ip}
20001da8:	f04f 0300 	mov.w	r3, #0
20001dac:	e92d 000c 	stmdb	sp!, {r2, r3}
20001db0:	a901      	add	r1, sp, #4
20001db2:	f7ff fbf1 	bl	20001598 <__gnu_Unwind_Resume_or_Rethrow>
20001db6:	f8dd e040 	ldr.w	lr, [sp, #64]	@ 0x40
20001dba:	b012      	add	sp, #72	@ 0x48
20001dbc:	4770      	bx	lr
20001dbe:	bf00      	nop

20001dc0 <_Unwind_ForcedUnwind>:
20001dc0:	46ec      	mov	ip, sp
20001dc2:	b500      	push	{lr}
20001dc4:	e92d 5000 	stmdb	sp!, {ip, lr}
20001dc8:	e92d 1fff 	stmdb	sp!, {r0, r1, r2, r3, r4, r5, r6, r7, r8, r9, sl, fp, ip}
20001dcc:	f04f 0300 	mov.w	r3, #0
20001dd0:	e92d 000c 	stmdb	sp!, {r2, r3}
20001dd4:	ab01      	add	r3, sp, #4
20001dd6:	f7ff fbb5 	bl	20001544 <__gnu_Unwind_ForcedUnwind>
20001dda:	f8dd e040 	ldr.w	lr, [sp, #64]	@ 0x40
20001dde:	b012      	add	sp, #72	@ 0x48
20001de0:	4770      	bx	lr
20001de2:	bf00      	nop

20001de4 <_Unwind_Backtrace>:
20001de4:	46ec      	mov	ip, sp
20001de6:	b500      	push	{lr}
20001de8:	e92d 5000 	stmdb	sp!, {ip, lr}
20001dec:	e92d 1fff 	stmdb	sp!, {r0, r1, r2, r3, r4, r5, r6, r7, r8, r9, sl, fp, ip}
20001df0:	f04f 0300 	mov.w	r3, #0
20001df4:	e92d 000c 	stmdb	sp!, {r2, r3}
20001df8:	aa01      	add	r2, sp, #4
20001dfa:	f7ff fc2b 	bl	20001654 <__gnu_Unwind_Backtrace>
20001dfe:	f8dd e040 	ldr.w	lr, [sp, #64]	@ 0x40
20001e02:	b012      	add	sp, #72	@ 0x48
20001e04:	4770      	bx	lr
20001e06:	bf00      	nop

20001e08 <next_unwind_byte>:
20001e08:	7a02      	ldrb	r2, [r0, #8]
20001e0a:	4603      	mov	r3, r0
20001e0c:	b98a      	cbnz	r2, 20001e32 <next_unwind_byte+0x2a>
20001e0e:	7a42      	ldrb	r2, [r0, #9]
20001e10:	b1b2      	cbz	r2, 20001e40 <next_unwind_byte+0x38>
20001e12:	6841      	ldr	r1, [r0, #4]
20001e14:	3a01      	subs	r2, #1
20001e16:	f04f 0c03 	mov.w	ip, #3
20001e1a:	b410      	push	{r4}
20001e1c:	7242      	strb	r2, [r0, #9]
20001e1e:	1d0c      	adds	r4, r1, #4
20001e20:	6808      	ldr	r0, [r1, #0]
20001e22:	f883 c008 	strb.w	ip, [r3, #8]
20001e26:	0202      	lsls	r2, r0, #8
20001e28:	605c      	str	r4, [r3, #4]
20001e2a:	0e00      	lsrs	r0, r0, #24
20001e2c:	bc10      	pop	{r4}
20001e2e:	601a      	str	r2, [r3, #0]
20001e30:	4770      	bx	lr
20001e32:	6800      	ldr	r0, [r0, #0]
20001e34:	3a01      	subs	r2, #1
20001e36:	721a      	strb	r2, [r3, #8]
20001e38:	0202      	lsls	r2, r0, #8
20001e3a:	0e00      	lsrs	r0, r0, #24
20001e3c:	601a      	str	r2, [r3, #0]
20001e3e:	4770      	bx	lr
20001e40:	20b0      	movs	r0, #176	@ 0xb0
20001e42:	4770      	bx	lr

20001e44 <_Unwind_GetGR.constprop.0>:
20001e44:	b510      	push	{r4, lr}
20001e46:	b084      	sub	sp, #16
20001e48:	2300      	movs	r3, #0
20001e4a:	220c      	movs	r2, #12
20001e4c:	ac03      	add	r4, sp, #12
20001e4e:	4619      	mov	r1, r3
20001e50:	9400      	str	r4, [sp, #0]
20001e52:	f7ff fbb3 	bl	200015bc <_Unwind_VRS_Get>
20001e56:	9803      	ldr	r0, [sp, #12]
20001e58:	b004      	add	sp, #16
20001e5a:	bd10      	pop	{r4, pc}

20001e5c <unwind_UCB_from_context>:
20001e5c:	e7f2      	b.n	20001e44 <_Unwind_GetGR.constprop.0>
20001e5e:	bf00      	nop

20001e60 <__gnu_unwind_execute>:
20001e60:	e92d 43f0 	stmdb	sp!, {r4, r5, r6, r7, r8, r9, lr}
20001e64:	f04f 0800 	mov.w	r8, #0
20001e68:	b085      	sub	sp, #20
20001e6a:	4606      	mov	r6, r0
20001e6c:	460d      	mov	r5, r1
20001e6e:	4628      	mov	r0, r5
20001e70:	f7ff ffca 	bl	20001e08 <next_unwind_byte>
20001e74:	28b0      	cmp	r0, #176	@ 0xb0
20001e76:	4604      	mov	r4, r0
20001e78:	f000 811e 	beq.w	200020b8 <__gnu_unwind_execute+0x258>
20001e7c:	0607      	lsls	r7, r0, #24
20001e7e:	d538      	bpl.n	20001ef2 <__gnu_unwind_execute+0x92>
20001e80:	f000 03f0 	and.w	r3, r0, #240	@ 0xf0
20001e84:	2ba0      	cmp	r3, #160	@ 0xa0
20001e86:	f000 8083 	beq.w	20001f90 <__gnu_unwind_execute+0x130>
20001e8a:	d80c      	bhi.n	20001ea6 <__gnu_unwind_execute+0x46>
20001e8c:	2b80      	cmp	r3, #128	@ 0x80
20001e8e:	d05e      	beq.n	20001f4e <__gnu_unwind_execute+0xee>
20001e90:	2b90      	cmp	r3, #144	@ 0x90
20001e92:	d104      	bne.n	20001e9e <__gnu_unwind_execute+0x3e>
20001e94:	f000 030d 	and.w	r3, r0, #13
20001e98:	2b0d      	cmp	r3, #13
20001e9a:	f040 808f 	bne.w	20001fbc <__gnu_unwind_execute+0x15c>
20001e9e:	2009      	movs	r0, #9
20001ea0:	b005      	add	sp, #20
20001ea2:	e8bd 83f0 	ldmia.w	sp!, {r4, r5, r6, r7, r8, r9, pc}
20001ea6:	2bb0      	cmp	r3, #176	@ 0xb0
20001ea8:	d068      	beq.n	20001f7c <__gnu_unwind_execute+0x11c>
20001eaa:	2bc0      	cmp	r3, #192	@ 0xc0
20001eac:	d13e      	bne.n	20001f2c <__gnu_unwind_execute+0xcc>
20001eae:	28c6      	cmp	r0, #198	@ 0xc6
20001eb0:	f000 80ef 	beq.w	20002092 <__gnu_unwind_execute+0x232>
20001eb4:	28c7      	cmp	r0, #199	@ 0xc7
20001eb6:	f000 8104 	beq.w	200020c2 <__gnu_unwind_execute+0x262>
20001eba:	f000 03f8 	and.w	r3, r0, #248	@ 0xf8
20001ebe:	2bc0      	cmp	r3, #192	@ 0xc0
20001ec0:	f000 8111 	beq.w	200020e6 <__gnu_unwind_execute+0x286>
20001ec4:	28c8      	cmp	r0, #200	@ 0xc8
20001ec6:	f000 811c 	beq.w	20002102 <__gnu_unwind_execute+0x2a2>
20001eca:	28c9      	cmp	r0, #201	@ 0xc9
20001ecc:	d1e7      	bne.n	20001e9e <__gnu_unwind_execute+0x3e>
20001ece:	4628      	mov	r0, r5
20001ed0:	f7ff ff9a 	bl	20001e08 <next_unwind_byte>
20001ed4:	0302      	lsls	r2, r0, #12
20001ed6:	f000 000f 	and.w	r0, r0, #15
20001eda:	f402 2270 	and.w	r2, r2, #983040	@ 0xf0000
20001ede:	3001      	adds	r0, #1
20001ee0:	4302      	orrs	r2, r0
20001ee2:	2101      	movs	r1, #1
20001ee4:	2305      	movs	r3, #5
20001ee6:	4630      	mov	r0, r6
20001ee8:	f7ff fd50 	bl	2000198c <_Unwind_VRS_Pop>
20001eec:	2800      	cmp	r0, #0
20001eee:	d0be      	beq.n	20001e6e <__gnu_unwind_execute+0xe>
20001ef0:	e7d5      	b.n	20001e9e <__gnu_unwind_execute+0x3e>
20001ef2:	0083      	lsls	r3, r0, #2
20001ef4:	f10d 0908 	add.w	r9, sp, #8
20001ef8:	220d      	movs	r2, #13
20001efa:	4630      	mov	r0, r6
20001efc:	b2db      	uxtb	r3, r3
20001efe:	f8cd 9000 	str.w	r9, [sp]
20001f02:	1d1f      	adds	r7, r3, #4
20001f04:	2300      	movs	r3, #0
20001f06:	4619      	mov	r1, r3
20001f08:	f7ff fb58 	bl	200015bc <_Unwind_VRS_Get>
20001f0c:	9b02      	ldr	r3, [sp, #8]
20001f0e:	0660      	lsls	r0, r4, #25
20001f10:	f04f 020d 	mov.w	r2, #13
20001f14:	4630      	mov	r0, r6
20001f16:	f8cd 9000 	str.w	r9, [sp]
20001f1a:	bf4c      	ite	mi
20001f1c:	1bdf      	submi	r7, r3, r7
20001f1e:	18ff      	addpl	r7, r7, r3
20001f20:	2300      	movs	r3, #0
20001f22:	9702      	str	r7, [sp, #8]
20001f24:	4619      	mov	r1, r3
20001f26:	f7ff fb6f 	bl	20001608 <_Unwind_VRS_Set>
20001f2a:	e7a0      	b.n	20001e6e <__gnu_unwind_execute+0xe>
20001f2c:	f000 03f8 	and.w	r3, r0, #248	@ 0xf8
20001f30:	2bd0      	cmp	r3, #208	@ 0xd0
20001f32:	d1b4      	bne.n	20001e9e <__gnu_unwind_execute+0x3e>
20001f34:	f000 0207 	and.w	r2, r0, #7
20001f38:	2305      	movs	r3, #5
20001f3a:	2101      	movs	r1, #1
20001f3c:	4630      	mov	r0, r6
20001f3e:	3201      	adds	r2, #1
20001f40:	f442 2200 	orr.w	r2, r2, #524288	@ 0x80000
20001f44:	f7ff fd22 	bl	2000198c <_Unwind_VRS_Pop>
20001f48:	2800      	cmp	r0, #0
20001f4a:	d090      	beq.n	20001e6e <__gnu_unwind_execute+0xe>
20001f4c:	e7a7      	b.n	20001e9e <__gnu_unwind_execute+0x3e>
20001f4e:	0224      	lsls	r4, r4, #8
20001f50:	4628      	mov	r0, r5
20001f52:	f7ff ff59 	bl	20001e08 <next_unwind_byte>
20001f56:	4320      	orrs	r0, r4
20001f58:	f5b0 4f00 	cmp.w	r0, #32768	@ 0x8000
20001f5c:	d09f      	beq.n	20001e9e <__gnu_unwind_execute+0x3e>
20001f5e:	0104      	lsls	r4, r0, #4
20001f60:	2300      	movs	r3, #0
20001f62:	4630      	mov	r0, r6
20001f64:	b2a2      	uxth	r2, r4
20001f66:	4619      	mov	r1, r3
20001f68:	f7ff fd10 	bl	2000198c <_Unwind_VRS_Pop>
20001f6c:	2800      	cmp	r0, #0
20001f6e:	d196      	bne.n	20001e9e <__gnu_unwind_execute+0x3e>
20001f70:	f414 4f00 	tst.w	r4, #32768	@ 0x8000
20001f74:	bf18      	it	ne
20001f76:	f04f 0801 	movne.w	r8, #1
20001f7a:	e778      	b.n	20001e6e <__gnu_unwind_execute+0xe>
20001f7c:	f1a0 03b1 	sub.w	r3, r0, #177	@ 0xb1
20001f80:	2b04      	cmp	r3, #4
20001f82:	f200 80da 	bhi.w	2000213a <__gnu_unwind_execute+0x2da>
20001f86:	e8df f003 	tbb	[pc, r3]
20001f8a:	507b      	.short	0x507b
20001f8c:	333d      	.short	0x333d
20001f8e:	2a          	.byte	0x2a
20001f8f:	00          	.byte	0x00
20001f90:	43c3      	mvns	r3, r0
20001f92:	f44f 627f 	mov.w	r2, #4080	@ 0xff0
20001f96:	0701      	lsls	r1, r0, #28
20001f98:	f003 0307 	and.w	r3, r3, #7
20001f9c:	fa42 f203 	asr.w	r2, r2, r3
20001fa0:	f402 627f 	and.w	r2, r2, #4080	@ 0xff0
20001fa4:	d501      	bpl.n	20001faa <__gnu_unwind_execute+0x14a>
20001fa6:	f442 4280 	orr.w	r2, r2, #16384	@ 0x4000
20001faa:	2300      	movs	r3, #0
20001fac:	4630      	mov	r0, r6
20001fae:	4619      	mov	r1, r3
20001fb0:	f7ff fcec 	bl	2000198c <_Unwind_VRS_Pop>
20001fb4:	2800      	cmp	r0, #0
20001fb6:	f43f af5a 	beq.w	20001e6e <__gnu_unwind_execute+0xe>
20001fba:	e770      	b.n	20001e9e <__gnu_unwind_execute+0x3e>
20001fbc:	af02      	add	r7, sp, #8
20001fbe:	2300      	movs	r3, #0
20001fc0:	f000 020f 	and.w	r2, r0, #15
20001fc4:	4630      	mov	r0, r6
20001fc6:	4619      	mov	r1, r3
20001fc8:	9700      	str	r7, [sp, #0]
20001fca:	f7ff faf7 	bl	200015bc <_Unwind_VRS_Get>
20001fce:	2300      	movs	r3, #0
20001fd0:	220d      	movs	r2, #13
20001fd2:	4630      	mov	r0, r6
20001fd4:	4619      	mov	r1, r3
20001fd6:	9700      	str	r7, [sp, #0]
20001fd8:	f7ff fb16 	bl	20001608 <_Unwind_VRS_Set>
20001fdc:	e747      	b.n	20001e6e <__gnu_unwind_execute+0xe>
20001fde:	aa03      	add	r2, sp, #12
20001fe0:	2300      	movs	r3, #0
20001fe2:	4630      	mov	r0, r6
20001fe4:	9200      	str	r2, [sp, #0]
20001fe6:	4619      	mov	r1, r3
20001fe8:	220d      	movs	r2, #13
20001fea:	f7ff fae7 	bl	200015bc <_Unwind_VRS_Get>
20001fee:	e73e      	b.n	20001e6e <__gnu_unwind_execute+0xe>
20001ff0:	2300      	movs	r3, #0
20001ff2:	2105      	movs	r1, #5
20001ff4:	4630      	mov	r0, r6
20001ff6:	461a      	mov	r2, r3
20001ff8:	f7ff fcc8 	bl	2000198c <_Unwind_VRS_Pop>
20001ffc:	2800      	cmp	r0, #0
20001ffe:	f43f af36 	beq.w	20001e6e <__gnu_unwind_execute+0xe>
20002002:	e74c      	b.n	20001e9e <__gnu_unwind_execute+0x3e>
20002004:	4628      	mov	r0, r5
20002006:	f7ff feff 	bl	20001e08 <next_unwind_byte>
2000200a:	2301      	movs	r3, #1
2000200c:	0302      	lsls	r2, r0, #12
2000200e:	f000 000f 	and.w	r0, r0, #15
20002012:	4619      	mov	r1, r3
20002014:	3001      	adds	r0, #1
20002016:	f402 2270 	and.w	r2, r2, #983040	@ 0xf0000
2000201a:	4302      	orrs	r2, r0
2000201c:	4630      	mov	r0, r6
2000201e:	f7ff fcb5 	bl	2000198c <_Unwind_VRS_Pop>
20002022:	2800      	cmp	r0, #0
20002024:	f43f af23 	beq.w	20001e6e <__gnu_unwind_execute+0xe>
20002028:	e739      	b.n	20001e9e <__gnu_unwind_execute+0x3e>
2000202a:	2300      	movs	r3, #0
2000202c:	f10d 0908 	add.w	r9, sp, #8
20002030:	220d      	movs	r2, #13
20002032:	4630      	mov	r0, r6
20002034:	4619      	mov	r1, r3
20002036:	f8cd 9000 	str.w	r9, [sp]
2000203a:	f7ff fabf 	bl	200015bc <_Unwind_VRS_Get>
2000203e:	4628      	mov	r0, r5
20002040:	f7ff fee2 	bl	20001e08 <next_unwind_byte>
20002044:	0602      	lsls	r2, r0, #24
20002046:	9c02      	ldr	r4, [sp, #8]
20002048:	f04f 0702 	mov.w	r7, #2
2000204c:	d50a      	bpl.n	20002064 <__gnu_unwind_execute+0x204>
2000204e:	f000 007f 	and.w	r0, r0, #127	@ 0x7f
20002052:	40b8      	lsls	r0, r7
20002054:	3707      	adds	r7, #7
20002056:	4404      	add	r4, r0
20002058:	4628      	mov	r0, r5
2000205a:	9402      	str	r4, [sp, #8]
2000205c:	f7ff fed4 	bl	20001e08 <next_unwind_byte>
20002060:	0603      	lsls	r3, r0, #24
20002062:	d4f4      	bmi.n	2000204e <__gnu_unwind_execute+0x1ee>
20002064:	40b8      	lsls	r0, r7
20002066:	f504 7401 	add.w	r4, r4, #516	@ 0x204
2000206a:	2300      	movs	r3, #0
2000206c:	220d      	movs	r2, #13
2000206e:	4420      	add	r0, r4
20002070:	f8cd 9000 	str.w	r9, [sp]
20002074:	4619      	mov	r1, r3
20002076:	9002      	str	r0, [sp, #8]
20002078:	4630      	mov	r0, r6
2000207a:	f7ff fac5 	bl	20001608 <_Unwind_VRS_Set>
2000207e:	e6f6      	b.n	20001e6e <__gnu_unwind_execute+0xe>
20002080:	4628      	mov	r0, r5
20002082:	f7ff fec1 	bl	20001e08 <next_unwind_byte>
20002086:	1e43      	subs	r3, r0, #1
20002088:	4602      	mov	r2, r0
2000208a:	b2db      	uxtb	r3, r3
2000208c:	2b0e      	cmp	r3, #14
2000208e:	d98c      	bls.n	20001faa <__gnu_unwind_execute+0x14a>
20002090:	e705      	b.n	20001e9e <__gnu_unwind_execute+0x3e>
20002092:	4628      	mov	r0, r5
20002094:	f7ff feb8 	bl	20001e08 <next_unwind_byte>
20002098:	2303      	movs	r3, #3
2000209a:	0302      	lsls	r2, r0, #12
2000209c:	f000 000f 	and.w	r0, r0, #15
200020a0:	4619      	mov	r1, r3
200020a2:	3001      	adds	r0, #1
200020a4:	f402 2270 	and.w	r2, r2, #983040	@ 0xf0000
200020a8:	4302      	orrs	r2, r0
200020aa:	4630      	mov	r0, r6
200020ac:	f7ff fc6e 	bl	2000198c <_Unwind_VRS_Pop>
200020b0:	2800      	cmp	r0, #0
200020b2:	f43f aedc 	beq.w	20001e6e <__gnu_unwind_execute+0xe>
200020b6:	e6f2      	b.n	20001e9e <__gnu_unwind_execute+0x3e>
200020b8:	f1b8 0f00 	cmp.w	r8, #0
200020bc:	d02d      	beq.n	2000211a <__gnu_unwind_execute+0x2ba>
200020be:	2000      	movs	r0, #0
200020c0:	e6ee      	b.n	20001ea0 <__gnu_unwind_execute+0x40>
200020c2:	4628      	mov	r0, r5
200020c4:	f7ff fea0 	bl	20001e08 <next_unwind_byte>
200020c8:	1e43      	subs	r3, r0, #1
200020ca:	4602      	mov	r2, r0
200020cc:	b2db      	uxtb	r3, r3
200020ce:	2b0e      	cmp	r3, #14
200020d0:	f63f aee5 	bhi.w	20001e9e <__gnu_unwind_execute+0x3e>
200020d4:	2300      	movs	r3, #0
200020d6:	2104      	movs	r1, #4
200020d8:	4630      	mov	r0, r6
200020da:	f7ff fc57 	bl	2000198c <_Unwind_VRS_Pop>
200020de:	2800      	cmp	r0, #0
200020e0:	f43f aec5 	beq.w	20001e6e <__gnu_unwind_execute+0xe>
200020e4:	e6db      	b.n	20001e9e <__gnu_unwind_execute+0x3e>
200020e6:	f000 020f 	and.w	r2, r0, #15
200020ea:	2303      	movs	r3, #3
200020ec:	4630      	mov	r0, r6
200020ee:	3201      	adds	r2, #1
200020f0:	4619      	mov	r1, r3
200020f2:	f442 2220 	orr.w	r2, r2, #655360	@ 0xa0000
200020f6:	f7ff fc49 	bl	2000198c <_Unwind_VRS_Pop>
200020fa:	2800      	cmp	r0, #0
200020fc:	f43f aeb7 	beq.w	20001e6e <__gnu_unwind_execute+0xe>
20002100:	e6cd      	b.n	20001e9e <__gnu_unwind_execute+0x3e>
20002102:	4628      	mov	r0, r5
20002104:	f7ff fe80 	bl	20001e08 <next_unwind_byte>
20002108:	f000 02f0 	and.w	r2, r0, #240	@ 0xf0
2000210c:	f000 030f 	and.w	r3, r0, #15
20002110:	3210      	adds	r2, #16
20002112:	3301      	adds	r3, #1
20002114:	ea43 3202 	orr.w	r2, r3, r2, lsl #12
20002118:	e6e3      	b.n	20001ee2 <__gnu_unwind_execute+0x82>
2000211a:	ac02      	add	r4, sp, #8
2000211c:	4643      	mov	r3, r8
2000211e:	4641      	mov	r1, r8
20002120:	220e      	movs	r2, #14
20002122:	4630      	mov	r0, r6
20002124:	9400      	str	r4, [sp, #0]
20002126:	f7ff fa49 	bl	200015bc <_Unwind_VRS_Get>
2000212a:	220f      	movs	r2, #15
2000212c:	4643      	mov	r3, r8
2000212e:	4641      	mov	r1, r8
20002130:	4630      	mov	r0, r6
20002132:	9400      	str	r4, [sp, #0]
20002134:	f7ff fa68 	bl	20001608 <_Unwind_VRS_Set>
20002138:	e7c1      	b.n	200020be <__gnu_unwind_execute+0x25e>
2000213a:	f000 03fc 	and.w	r3, r0, #252	@ 0xfc
2000213e:	2bb4      	cmp	r3, #180	@ 0xb4
20002140:	f43f aead 	beq.w	20001e9e <__gnu_unwind_execute+0x3e>
20002144:	f000 0207 	and.w	r2, r0, #7
20002148:	2301      	movs	r3, #1
2000214a:	4630      	mov	r0, r6
2000214c:	441a      	add	r2, r3
2000214e:	4619      	mov	r1, r3
20002150:	f442 2200 	orr.w	r2, r2, #524288	@ 0x80000
20002154:	f7ff fc1a 	bl	2000198c <_Unwind_VRS_Pop>
20002158:	2800      	cmp	r0, #0
2000215a:	f43f ae88 	beq.w	20001e6e <__gnu_unwind_execute+0xe>
2000215e:	e69e      	b.n	20001e9e <__gnu_unwind_execute+0x3e>

20002160 <__gnu_unwind_frame>:
20002160:	4602      	mov	r2, r0
20002162:	2303      	movs	r3, #3
20002164:	4608      	mov	r0, r1
20002166:	6cd2      	ldr	r2, [r2, #76]	@ 0x4c
20002168:	b510      	push	{r4, lr}
2000216a:	b084      	sub	sp, #16
2000216c:	3208      	adds	r2, #8
2000216e:	f88d 300c 	strb.w	r3, [sp, #12]
20002172:	a901      	add	r1, sp, #4
20002174:	f852 3c04 	ldr.w	r3, [r2, #-4]
20002178:	021c      	lsls	r4, r3, #8
2000217a:	0e1b      	lsrs	r3, r3, #24
2000217c:	e9cd 4201 	strd	r4, r2, [sp, #4]
20002180:	f88d 300d 	strb.w	r3, [sp, #13]
20002184:	f7ff fe6c 	bl	20001e60 <__gnu_unwind_execute>
20002188:	b004      	add	sp, #16
2000218a:	bd10      	pop	{r4, pc}

2000218c <_Unwind_GetRegionStart>:
2000218c:	b508      	push	{r3, lr}
2000218e:	f7ff fe65 	bl	20001e5c <unwind_UCB_from_context>
20002192:	6c80      	ldr	r0, [r0, #72]	@ 0x48
20002194:	bd08      	pop	{r3, pc}
20002196:	bf00      	nop

20002198 <_Unwind_GetLanguageSpecificData>:
20002198:	b508      	push	{r3, lr}
2000219a:	f7ff fe5f 	bl	20001e5c <unwind_UCB_from_context>
2000219e:	6cc0      	ldr	r0, [r0, #76]	@ 0x4c
200021a0:	79c3      	ldrb	r3, [r0, #7]
200021a2:	eb00 0083 	add.w	r0, r0, r3, lsl #2
200021a6:	3008      	adds	r0, #8
200021a8:	bd08      	pop	{r3, pc}
200021aa:	bf00      	nop

200021ac <_Unwind_GetDataRelBase>:
200021ac:	b508      	push	{r3, lr}
200021ae:	f000 f833 	bl	20002218 <__abort_veneer>

200021b2 <_Unwind_GetTextRelBase>:
200021b2:	b508      	push	{r3, lr}
200021b4:	f7ff fffa 	bl	200021ac <_Unwind_GetDataRelBase>

200021b8 <__aeabi_idiv0>:
200021b8:	4770      	bx	lr
200021ba:	bf00      	nop
200021bc:	0000      	movs	r0, r0
	...

200021c0 <__tu_fifo_write_veneer>:
200021c0:	f85f f000 	ldr.w	pc, [pc]	@ 200021c4 <__tu_fifo_write_veneer+0x4>
200021c4:	10006011 	.word	0x10006011

200021c8 <__panic_veneer>:
200021c8:	f85f f000 	ldr.w	pc, [pc]	@ 200021cc <__panic_veneer+0x4>
200021cc:	100005d5 	.word	0x100005d5

200021d0 <__tud_event_hook_cb_veneer>:
200021d0:	f85f f000 	ldr.w	pc, [pc]	@ 200021d4 <__tud_event_hook_cb_veneer+0x4>
200021d4:	10004685 	.word	0x10004685

200021d8 <__xPortLockInternalSpinUnlockWithBestEffortWaitOrTimeout_veneer>:
200021d8:	f85f f000 	ldr.w	pc, [pc]	@ 200021dc <__xPortLockInternalSpinUnlockWithBestEffortWaitOrTimeout_veneer+0x4>
200021dc:	10006a81 	.word	0x10006a81

200021e0 <____cxa_begin_cleanup_veneer>:
200021e0:	f85f f000 	ldr.w	pc, [pc]	@ 200021e4 <____cxa_begin_cleanup_veneer+0x4>
200021e4:	10008fe5 	.word	0x10008fe5

200021e8 <__memcpy_veneer>:
200021e8:	f85f f000 	ldr.w	pc, [pc]	@ 200021ec <__memcpy_veneer+0x4>
200021ec:	1000ac0d 	.word	0x1000ac0d

200021f0 <__ulPortLockGetCurrentOwnerId_veneer>:
200021f0:	f85f f000 	ldr.w	pc, [pc]	@ 200021f4 <__ulPortLockGetCurrentOwnerId_veneer+0x4>
200021f4:	100068f5 	.word	0x100068f5

200021f8 <__vPortLockInternalSpinUnlockWithNotify_veneer>:
200021f8:	f85f f000 	ldr.w	pc, [pc]	@ 200021fc <__vPortLockInternalSpinUnlockWithNotify_veneer+0x4>
200021fc:	10006989 	.word	0x10006989

20002200 <____cxa_type_match_veneer>:
20002200:	f85f f000 	ldr.w	pc, [pc]	@ 20002204 <____cxa_type_match_veneer+0x4>
20002204:	10008f35 	.word	0x10008f35

20002208 <__time_us_64_veneer>:
20002208:	f85f f000 	ldr.w	pc, [pc]	@ 2000220c <__time_us_64_veneer+0x4>
2000220c:	1000165d 	.word	0x1000165d

20002210 <__memset_veneer>:
20002210:	f85f f000 	ldr.w	pc, [pc]	@ 20002214 <__memset_veneer+0x4>
20002214:	10009ef1 	.word	0x10009ef1

20002218 <__abort_veneer>:
20002218:	f85f f000 	ldr.w	pc, [pc]	@ 2000221c <__abort_veneer+0x4>
2000221c:	1000a389 	.word	0x1000a389

20002220 <__vPortLockInternalSpinUnlockWithWait_veneer>:
20002220:	f85f f000 	ldr.w	pc, [pc]	@ 20002224 <__vPortLockInternalSpinUnlockWithWait_veneer+0x4>
20002224:	1000691d 	.word	0x1000691d

20002228 <striped_spin_lock_num>:
20002228:	00000010                                ....

2000222c <irq_handler_chain_slots>:
2000222c:	00000000 	.word	0x00000000
20002230:	00010000 	.word	0x00010000
	...
2000223c:	00020000 	.word	0x00020000
	...
20002248:	00030000 	.word	0x00030000
	...
20002254:	00ff0000 	.word	0x00ff0000
20002258:	00000000 	.word	0x00000000

2000225c <irq_handler_chain_first_slot>:
2000225c:	b501      	push	{r0, lr}
2000225e:	6848      	ldr	r0, [r1, #4]
20002260:	3101      	adds	r1, #1
20002262:	468e      	mov	lr, r1
20002264:	4700      	bx	r0

20002266 <irq_handler_chain_remove_tail>:
20002266:	4670      	mov	r0, lr
20002268:	3809      	subs	r0, #9
2000226a:	4901      	ldr	r1, [pc, #4]	@ (20002270 <irq_handler_chain_remove_tail+0xa>)
2000226c:	4788      	blx	r1
2000226e:	bd01      	pop	{r0, pc}
20002270:	10000cc5 	.word	0x10000cc5

20002274 <default_alarm_pool>:
	...
20002288:	20002b10                                .+. 

2000228c <stdio_uart>:
2000228c:	100039f5 10003afd 10003a45 10003b0d     .9...:..E:...;..
2000229c:	00000000 00000100                       ........

200022a4 <stdio_usb>:
200022a4:	10003e39 10003de5 10003d5d 10003ccd     9>...=..]=...<..
200022b4:	00000000 00000100                       ........

200022bc <_usbd_qdef>:
200022bc:	200030ec 000c0010 00000000 00000000     .0. ............
	...

200022d8 <_usbd_rhport>:
200022d8:	                                         .

200022d9 <cDoorbellNum>:
200022d9:	                                         .

200022da <ucPrimaryCoreNum>:
200022da:	                                         ..

200022dc <ulCriticalNesting>:
200022dc:	aaaaaaaa                                ....

200022e0 <_ZN10__cxxabiv120__unexpected_handlerE>:
200022e0:	100096ad                                ....

200022e4 <_ZN10__cxxabiv119__terminate_handlerE>:
200022e4:	1000a389                                ....

200022e8 <_impure_ptr>:
200022e8:	200022f0 00000000                       .". ....

200022f0 <_impure_data>:
200022f0:	00000000 20002d28 20002d90 20002df8     ....(-. .-. .-. 
	...
20002388:	00000001 00000000 abcd330e e66d1234     .........3..4.m.
20002398:	0005deec 0000000b 00000000 00000000     ................
	...

20002410 <__malloc_av_>:
	...
20002418:	20002410 20002410 20002418 20002418     .$. .$. .$. .$. 
20002428:	20002420 20002420 20002428 20002428      $.  $. ($. ($. 
20002438:	20002430 20002430 20002438 20002438     0$. 0$. 8$. 8$. 
20002448:	20002440 20002440 20002448 20002448     @$. @$. H$. H$. 
20002458:	20002450 20002450 20002458 20002458     P$. P$. X$. X$. 
20002468:	20002460 20002460 20002468 20002468     `$. `$. h$. h$. 
20002478:	20002470 20002470 20002478 20002478     p$. p$. x$. x$. 
20002488:	20002480 20002480 20002488 20002488     .$. .$. .$. .$. 
20002498:	20002490 20002490 20002498 20002498     .$. .$. .$. .$. 
200024a8:	200024a0 200024a0 200024a8 200024a8     .$. .$. .$. .$. 
200024b8:	200024b0 200024b0 200024b8 200024b8     .$. .$. .$. .$. 
200024c8:	200024c0 200024c0 200024c8 200024c8     .$. .$. .$. .$. 
200024d8:	200024d0 200024d0 200024d8 200024d8     .$. .$. .$. .$. 
200024e8:	200024e0 200024e0 200024e8 200024e8     .$. .$. .$. .$. 
200024f8:	200024f0 200024f0 200024f8 200024f8     .$. .$. .$. .$. 
20002508:	20002500 20002500 20002508 20002508     .%. .%. .%. .%. 
20002518:	20002510 20002510 20002518 20002518     .%. .%. .%. .%. 
20002528:	20002520 20002520 20002528 20002528      %.  %. (%. (%. 
20002538:	20002530 20002530 20002538 20002538     0%. 0%. 8%. 8%. 
20002548:	20002540 20002540 20002548 20002548     @%. @%. H%. H%. 
20002558:	20002550 20002550 20002558 20002558     P%. P%. X%. X%. 
20002568:	20002560 20002560 20002568 20002568     `%. `%. h%. h%. 
20002578:	20002570 20002570 20002578 20002578     p%. p%. x%. x%. 
20002588:	20002580 20002580 20002588 20002588     .%. .%. .%. .%. 
20002598:	20002590 20002590 20002598 20002598     .%. .%. .%. .%. 
200025a8:	200025a0 200025a0 200025a8 200025a8     .%. .%. .%. .%. 
200025b8:	200025b0 200025b0 200025b8 200025b8     .%. .%. .%. .%. 
200025c8:	200025c0 200025c0 200025c8 200025c8     .%. .%. .%. .%. 
200025d8:	200025d0 200025d0 200025d8 200025d8     .%. .%. .%. .%. 
200025e8:	200025e0 200025e0 200025e8 200025e8     .%. .%. .%. .%. 
200025f8:	200025f0 200025f0 200025f8 200025f8     .%. .%. .%. .%. 
20002608:	20002600 20002600 20002608 20002608     .&. .&. .&. .&. 
20002618:	20002610 20002610 20002618 20002618     .&. .&. .&. .&. 
20002628:	20002620 20002620 20002628 20002628      &.  &. (&. (&. 
20002638:	20002630 20002630 20002638 20002638     0&. 0&. 8&. 8&. 
20002648:	20002640 20002640 20002648 20002648     @&. @&. H&. H&. 
20002658:	20002650 20002650 20002658 20002658     P&. P&. X&. X&. 
20002668:	20002660 20002660 20002668 20002668     `&. `&. h&. h&. 
20002678:	20002670 20002670 20002678 20002678     p&. p&. x&. x&. 
20002688:	20002680 20002680 20002688 20002688     .&. .&. .&. .&. 
20002698:	20002690 20002690 20002698 20002698     .&. .&. .&. .&. 
200026a8:	200026a0 200026a0 200026a8 200026a8     .&. .&. .&. .&. 
200026b8:	200026b0 200026b0 200026b8 200026b8     .&. .&. .&. .&. 
200026c8:	200026c0 200026c0 200026c8 200026c8     .&. .&. .&. .&. 
200026d8:	200026d0 200026d0 200026d8 200026d8     .&. .&. .&. .&. 
200026e8:	200026e0 200026e0 200026e8 200026e8     .&. .&. .&. .&. 
200026f8:	200026f0 200026f0 200026f8 200026f8     .&. .&. .&. .&. 
20002708:	20002700 20002700 20002708 20002708     .'. .'. .'. .'. 
20002718:	20002710 20002710 20002718 20002718     .'. .'. .'. .'. 
20002728:	20002720 20002720 20002728 20002728      '.  '. ('. ('. 
20002738:	20002730 20002730 20002738 20002738     0'. 0'. 8'. 8'. 
20002748:	20002740 20002740 20002748 20002748     @'. @'. H'. H'. 
20002758:	20002750 20002750 20002758 20002758     P'. P'. X'. X'. 
20002768:	20002760 20002760 20002768 20002768     `'. `'. h'. h'. 
20002778:	20002770 20002770 20002778 20002778     p'. p'. x'. x'. 
20002788:	20002780 20002780 20002788 20002788     .'. .'. .'. .'. 
20002798:	20002790 20002790 20002798 20002798     .'. .'. .'. .'. 
200027a8:	200027a0 200027a0 200027a8 200027a8     .'. .'. .'. .'. 
200027b8:	200027b0 200027b0 200027b8 200027b8     .'. .'. .'. .'. 
200027c8:	200027c0 200027c0 200027c8 200027c8     .'. .'. .'. .'. 
200027d8:	200027d0 200027d0 200027d8 200027d8     .'. .'. .'. .'. 
200027e8:	200027e0 200027e0 200027e8 200027e8     .'. .'. .'. .'. 
200027f8:	200027f0 200027f0 200027f8 200027f8     .'. .'. .'. .'. 
20002808:	20002800 20002800 20002808 20002808     .(. .(. .(. .(. 

20002818 <__malloc_sbrk_base>:
20002818:	ffffffff                                ....

2000281c <__malloc_trim_threshold>:
2000281c:	00020000                                ....

20002820 <environ>:
20002820:	20002e64                                d.. 

20002824 <malloc_mutex>:
	...

2000282c <print_mutex>:
	...
